sequence_id,pos,item
s1,1,i43
s1,2,i32
s1,2,i42
s1,3,i1
s1,3,i22
s1,4,i1
s1,4,i14
s1,4,i29
s1,5,i1
s1,5,i22
s1,5,i3
s1,5,i57
s1,6,i1
s1,6,i103
s1,6,i2
s1,6,i6
s1,7,i23
s1,7,i41
s1,7,i57
s2,1,i18
s2,2,i1
s2,2,i20
s2,2,i37
s2,3,i114
s2,3,i69
s2,3,i72
s2,4,i27
s2,4,i3
s2,4,i7
s2,5,i24
s2,5,i41
s2,6,i11
s2,6,i4
s2,7,i33
s2,7,i66
s2,8,i56
s2,8,i60
s2,9,i3
s2,10,i14
s2,10,i3
s2,10,i78
s2,11,i3
s2,11,i4
s2,12,i10
s2,12,i21
s2,12,i44
s3,1,i1
s3,1,i26
s3,2,i12
s3,2,i22
s3,2,i7
s3,3,i33
s3,3,i78
s3,4,i1
s3,4,i4
s3,4,i48
s3,4,i6
s3,5,i109
s3,5,i14
s3,5,i26
s3,5,i47
s3,6,i2
s3,6,i47
s3,7,i23
s3,8,i92
s4,1,i1
s4,1,i76
s4,2,i30
s4,2,i41
s4,3,i1
s4,3,i12
s4,3,i31
s4,4,i105
s4,4,i16
s4,4,i23
s4,4,i32
s4,4,i33
s4,5,i34
s4,5,i38
s4,5,i8
s4,6,i1
s4,6,i10
s4,6,i15
s4,7,i1
s4,7,i18
s4,7,i21
s4,7,i37
s4,8,i3
s4,9,i1
s4,9,i3
s4,9,i31
s4,10,i40
s4,10,i77
s5,1,i30
s5,2,i114
s5,2,i12
s5,2,i32
s5,2,i41
s5,2,i8
s5,3,i1
s5,3,i2
s5,3,i55
s5,4,i4
s5,4,i9
s5,5,i10
s5,6,i1
s5,7,i107
s6,1,i1
s6,1,i13
s6,1,i3
s6,1,i8
s6,2,i11
s6,2,i4
s6,2,i52
s6,2,i9
s6,3,i107
s6,3,i2
s6,3,i21
s6,3,i4
s6,4,i1
s6,4,i14
s6,4,i21
s6,5,i1
s6,5,i14
s6,6,i22
s6,7,i8
s6,7,i97
s6,8,i25
s7,1,i2
s7,1,i39
s7,1,i94
s7,2,i1
s7,2,i11
s7,2,i28
s7,2,i92
s7,3,i11
s7,4,i1
s7,5,i1
s7,5,i2
s7,5,i6
s7,6,i2
s7,6,i36
s7,6,i63
s7,7,i31
s7,8,i1
s7,8,i96
s7,9,i4
s7,9,i43
s7,10,i2
s7,10,i39
s7,11,i14
s7,11,i27
s7,11,i3
s7,11,i85
s7,12,i1
s7,12,i6
s7,13,i18
s7,13,i43
s7,14,i1
s8,1,i63
s8,2,i1
s8,2,i10
s8,3,i82
s8,4,i31
s8,4,i6
s8,5,i109
s8,5,i3
s8,5,i44
s8,5,i55
s8,5,i91
s8,6,i1
s8,6,i77
s8,7,i31
s8,7,i51
s8,7,i9
s8,8,i4
s8,8,i52
s8,8,i74
s9,1,i11
s9,1,i59
s9,2,i3
s9,2,i30
s9,3,i107
s9,3,i4
s9,3,i72
s9,4,i1
s9,4,i33
s9,4,i5
s9,4,i66
s9,5,i10
s9,5,i105
s9,5,i2
s9,5,i4
s9,6,i1
s9,6,i10
s9,6,i114
s9,7,i3
s9,7,i37
s9,7,i91
s9,8,i1
s9,8,i7
s9,9,i1
s9,9,i25
s9,9,i30
s10,1,i1
s10,1,i4
s10,1,i8
s10,2,i24
s10,2,i32
s10,2,i5
s10,2,i83
s10,3,i5
s10,4,i10
s10,4,i12
s10,4,i3
s10,5,i30
s10,5,i4
s10,6,i1
s10,6,i101
s10,6,i3
s10,7,i1
s10,7,i2
s10,8,i11
s10,9,i39
s10,9,i7
s10,10,i1
s10,10,i29
s10,11,i50
s10,12,i1
s10,12,i11
s10,12,i3
s10,12,i67
s11,1,i100
s11,1,i24
s11,1,i80
s11,2,i18
s11,2,i43
s11,2,i62
s11,2,i82
s11,3,i4
s11,3,i45
s11,3,i65
s11,4,i1
s11,4,i26
s11,4,i4
s11,5,i1
s11,5,i2
s11,5,i7
s11,5,i8
s11,5,i80
s11,6,i1
s11,6,i37
s11,6,i9
s11,7,i3
s11,7,i30
s11,7,i84
s11,7,i9
s11,8,i31
s11,8,i69
s11,9,i12
s11,9,i32
s11,9,i33
s11,9,i5
s11,9,i8
s11,9,i97
s11,10,i17
s11,10,i34
s11,10,i42
s11,10,i55
s11,10,i82
s11,11,i1
s11,11,i10
s11,11,i6
s11,12,i112
s11,12,i40
s11,12,i65
s11,12,i89
s11,13,i1
s11,13,i10
s11,13,i22
s11,13,i30
s11,14,i1
s11,14,i7
s12,1,i1
s12,1,i120
s12,1,i17
s12,1,i2
s12,1,i6
s12,2,i3
s12,2,i45
s12,3,i25
s12,3,i4
s12,3,i5
s12,3,i65
s12,4,i19
s12,4,i3
s12,4,i31
s12,4,i36
s12,5,i105
s12,5,i23
s12,5,i50
s12,5,i51
s12,6,i1
s12,6,i106
s12,6,i5
s12,6,i52
s12,7,i1
s12,7,i34
s12,7,i38
s12,7,i8
s13,1,i1
s13,1,i28
s13,1,i30
s13,2,i1
s13,2,i104
s13,2,i27
s13,2,i62
s13,3,i15
s13,3,i2
s13,3,i24
s13,3,i29
s13,4,i12
s13,4,i22
s13,4,i5
s13,4,i61
s13,5,i4
s13,6,i13
s13,6,i20
s13,6,i31
s13,6,i6
s13,7,i3
s13,7,i55
s13,7,i6
s13,7,i76
s13,8,i15
s13,8,i18
s13,8,i2
s13,9,i13
s13,9,i28
s13,9,i34
s13,9,i46
s13,10,i1
s13,11,i21
s13,11,i5
s14,1,i11
s14,1,i5
s14,1,i6
s14,2,i43
s14,2,i5
s14,3,i2
s14,3,i42
s14,4,i112
s14,4,i4
s14,4,i63
s14,5,i1
s14,5,i16
s14,5,i4
s14,6,i1
s14,6,i35
s14,6,i73
s14,7,i20
s14,8,i1
s14,8,i106
s14,8,i3
s14,8,i6
s14,8,i71
s14,9,i1
s14,9,i2
s14,9,i26
s14,10,i1
s14,10,i19
s14,10,i3
s14,11,i50
s14,11,i7
s14,12,i116
s14,12,i5
s14,12,i70
s15,1,i26
s15,1,i3
s15,1,i30
s15,1,i4
s15,2,i2
s15,2,i31
s15,3,i3
s15,3,i32
s15,3,i33
s15,3,i36
s15,3,i37
s15,3,i4
s15,4,i34
s15,4,i52
s15,4,i90
s15,5,i17
s15,5,i9
s15,6,i1
s15,6,i2
s15,6,i61
s15,7,i10
s15,7,i12
s15,7,i5
s16,1,i1
s16,1,i2
s16,1,i23
s16,1,i3
s16,1,i42
s16,2,i120
s16,2,i3
s16,3,i2
s16,3,i20
s16,3,i4
s16,3,i47
s16,3,i5
s16,4,i2
s16,4,i21
s16,4,i27
s16,4,i50
s16,4,i51
s16,4,i88
s16,5,i12
s16,5,i52
s16,6,i31
s16,6,i5
s16,6,i70
s17,1,i108
s17,1,i5
s17,1,i8
s17,2,i30
s17,3,i1
s17,3,i14
s17,3,i15
s17,3,i25
s17,4,i2
s17,5,i1
s17,5,i10
s17,5,i36
s17,6,i37
s17,6,i5
s17,6,i9
s17,7,i117
s17,7,i87
s17,8,i28
s17,8,i94
s17,9,i15
s17,9,i4
s17,9,i64
s17,10,i11
s17,10,i2
s17,10,i23
s17,11,i4
s17,11,i71
s18,1,i4
s18,1,i5
s18,1,i60
s18,2,i10
s18,2,i13
s18,2,i6
s18,2,i72
s18,3,i11
s18,3,i2
s18,3,i35
s18,3,i5
s18,4,i10
s18,4,i69
s18,4,i9
s18,5,i20
s18,5,i21
s18,5,i30
s18,5,i37
s18,5,i58
s18,5,i8
s18,6,i1
s18,6,i14
s18,6,i22
s18,7,i10
s18,7,i73
s18,7,i74
s18,8,i1
s18,8,i108
s18,8,i2
s18,8,i51
s18,8,i73
s18,9,i29
s18,9,i35
s18,9,i6
s18,10,i102
s18,10,i13
s18,10,i26
s18,10,i78
s18,11,i3
s18,12,i10
s18,12,i119
s18,12,i27
s18,12,i44
s18,13,i10
s18,14,i1
s19,1,i1
s19,1,i19
s19,1,i2
s19,1,i53
s19,2,i14
s19,2,i21
s19,3,i11
s19,3,i31
s19,3,i82
s19,4,i10
s19,4,i2
s19,4,i32
s19,5,i27
s19,5,i3
s19,5,i9
s19,6,i120
s19,6,i68
s19,6,i7
s19,7,i117
s19,7,i20
s19,7,i4
s19,8,i19
s19,8,i23
s19,8,i34
s19,8,i4
s19,8,i44
s19,9,i3
s19,9,i50
s19,9,i63
s19,9,i83
s19,10,i25
s19,10,i27
s19,11,i26
s19,11,i84
s19,12,i1
s19,12,i53
s19,12,i7
s19,12,i86
s19,13,i2
s19,13,i44
s19,14,i16
s19,14,i62
s19,14,i87
s20,1,i1
s20,1,i44
s20,1,i6
s20,2,i3
s20,2,i45
s20,3,i107
s20,3,i17
s20,3,i53
s20,3,i56
s20,3,i7
s20,4,i4
s20,4,i44
s20,4,i7
s20,5,i1
s20,5,i3
s20,6,i1
s20,6,i3
s20,6,i87
s20,7,i1
s20,7,i119
s20,7,i29
s20,8,i1
s20,9,i7
s20,9,i8
s20,10,i21
s20,10,i29
s20,10,i40
s20,10,i78
s20,11,i3
s20,11,i34
s20,11,i4
s20,11,i96
s20,12,i1
s20,12,i69
s20,13,i1
s20,13,i107
s20,13,i4
s21,1,i1
s21,1,i2
s21,1,i22
s21,1,i28
s21,1,i52
s21,2,i116
s21,2,i3
s21,2,i52
s21,3,i21
s21,3,i4
s21,3,i5
s21,3,i58
s21,4,i22
s21,4,i53
s21,5,i115
s21,5,i17
s21,6,i1
s21,6,i30
s21,7,i1
s21,7,i22
s22,1,i1
s22,1,i14
s22,1,i15
s22,1,i50
s22,2,i40
s22,3,i1
s22,3,i105
s22,3,i11
s22,4,i1
s22,4,i10
s22,4,i38
s22,4,i9
s22,5,i1
s22,5,i24
s22,5,i4
s22,6,i22
s22,6,i4
s22,6,i7
s22,7,i1
s22,7,i29
s22,7,i36
s22,7,i68
s22,8,i10
s22,8,i79
s22,9,i41
s22,9,i5
s22,9,i8
s22,10,i1
s22,10,i12
s22,10,i34
s22,11,i1
s22,11,i18
s22,11,i42
s22,11,i58
s22,12,i31
s22,12,i74
s22,12,i9
s22,13,i107
s22,13,i23
s22,13,i39
s22,13,i73
s23,1,i3
s23,1,i30
s23,1,i66
s23,2,i1
s23,2,i3
s23,2,i4
s23,3,i24
s23,4,i1
s23,4,i4
s23,4,i47
s23,5,i1
s23,5,i19
s23,5,i73
s23,6,i108
s23,6,i16
s23,6,i43
s23,7,i39
s23,7,i6
s23,7,i7
s23,7,i9
s23,8,i45
s23,8,i77
s23,9,i32
s24,1,i15
s24,1,i3
s24,1,i33
s24,1,i6
s24,1,i9
s24,2,i114
s24,2,i16
s24,2,i2
s24,2,i3
s24,2,i5
s24,3,i47
s24,3,i48
s24,4,i1
s24,5,i1
s24,5,i16
s24,6,i1
s24,6,i71
s24,6,i89
s24,7,i20
s24,7,i37
s24,8,i8
s24,9,i25
s24,9,i55
s24,10,i1
s24,10,i3
s24,10,i66
s24,11,i8
s24,12,i1
s24,12,i3
s24,12,i50
s24,13,i6
s24,13,i84
s25,1,i1
s25,1,i2
s25,1,i3
s25,2,i2
s25,3,i11
s25,3,i19
s25,3,i21
s25,3,i33
s25,4,i10
s25,4,i2
s25,4,i26
s25,4,i72
s25,5,i11
s25,5,i22
s25,5,i54
s25,5,i6
s25,6,i1
s25,7,i28
s25,8,i24
s26,1,i11
s26,2,i1
s26,2,i12
s26,2,i5
s26,3,i58
s26,4,i14
s26,4,i3
s26,5,i117
s26,5,i16
s26,5,i24
s26,5,i7
s26,6,i22
s26,6,i53
s26,6,i6
s26,6,i9
s26,7,i5
s26,8,i30
s26,8,i4
s26,8,i40
s26,8,i84
s26,9,i1
s26,9,i30
s26,9,i88
s26,10,i1
s26,10,i19
s26,10,i37
s26,11,i31
s26,11,i58
s26,11,i62
s26,12,i28
s26,13,i1
s26,13,i100
s26,13,i5
s26,14,i120
s26,14,i2
s26,14,i4
s27,1,i30
s27,2,i2
s27,2,i22
s27,2,i35
s27,3,i1
s27,3,i39
s27,4,i108
s27,4,i24
s27,5,i106
s27,5,i3
s27,5,i52
s27,6,i7
s27,6,i99
s27,7,i14
s27,7,i2
s27,7,i48
s27,7,i50
s27,7,i9
s27,8,i1
s27,8,i74
s27,9,i1
s27,9,i18
s27,9,i66
s27,10,i1
s27,10,i11
s27,10,i2
s27,11,i1
s27,11,i59
s27,11,i78
s27,11,i86
s27,12,i1
s27,12,i118
s27,12,i14
s27,12,i3
s27,13,i38
s27,13,i5
s27,14,i2
s27,14,i4
s27,14,i53
s28,1,i1
s28,1,i11
s28,1,i3
s28,2,i1
s28,2,i4
s28,2,i5
s28,3,i1
s28,3,i14
s28,3,i17
s28,3,i50
s28,3,i51
s28,3,i64
s28,4,i39
s28,4,i4
s28,4,i52
s28,4,i6
s28,5,i16
s28,5,i2
s28,5,i31
s28,5,i7
s28,6,i8
s28,7,i1
s28,7,i112
s28,7,i3
s28,7,i53
s28,8,i49
s29,1,i112
s29,1,i12
s29,1,i2
s29,2,i1
s29,2,i2
s29,2,i30
s29,2,i53
s29,2,i78
s29,3,i116
s29,3,i15
s29,3,i17
s29,3,i31
s29,4,i29
s29,4,i32
s29,4,i33
s29,4,i4
s29,4,i71
s29,5,i1
s29,5,i34
s29,5,i7
s29,5,i79
s29,6,i2
s29,6,i35
s29,6,i6
s29,6,i7
s29,7,i1
s29,7,i40
s29,7,i55
s29,8,i17
s29,8,i30
s29,8,i5
s30,1,i11
s30,1,i40
s30,1,i86
s30,2,i1
s30,2,i112
s30,2,i4
s30,2,i99
s30,3,i15
s30,3,i2
s30,3,i45
s30,3,i67
s30,4,i1
s30,4,i50
s30,4,i7
s30,5,i23
s30,6,i20
s30,6,i47
s30,6,i7
s30,7,i1
s30,7,i104
s30,7,i15
s30,7,i4
s30,7,i5
s30,8,i4
s30,9,i120
s30,9,i24
s30,9,i3
s30,9,i35
s30,10,i11
s30,10,i68
s30,11,i107
s30,11,i115
s30,11,i119
s30,11,i58
s30,12,i18
s30,13,i38
s30,13,i68
s30,13,i92
s31,1,i1
s31,1,i2
s31,1,i53
s31,2,i7
s31,3,i1
s31,3,i18
s31,3,i24
s31,3,i56
s31,4,i1
s31,4,i16
s31,4,i48
s31,4,i61
s31,5,i11
s31,6,i1
s31,6,i18
s31,6,i62
s31,7,i1
s31,7,i10
s31,7,i86
s31,8,i2
s31,8,i5
s31,9,i6
s31,9,i97
s31,10,i3
s31,11,i1
s31,11,i16
s31,11,i5
s31,12,i21
s31,12,i22
s31,12,i25
s31,13,i1
s31,13,i19
s31,13,i61
s31,13,i66
s31,14,i29
s31,14,i48
s31,14,i9
s32,1,i28
s32,1,i3
s32,1,i5
s32,2,i1
s32,2,i10
s32,2,i4
s32,3,i2
s32,3,i50
s32,3,i51
s32,3,i6
s32,4,i110
s32,4,i42
s32,4,i52
s32,4,i7
s32,4,i71
s32,5,i5
s32,6,i1
s32,6,i11
s32,6,i2
s32,7,i2
s32,7,i3
s32,7,i5
s32,7,i72
s32,8,i119
s32,8,i2
s32,9,i1
s32,9,i14
s32,9,i8
s32,10,i14
s32,10,i3
s32,10,i6
s32,11,i1
s32,11,i2
s32,11,i4
s32,12,i47
s32,12,i7
s32,12,i8
s32,13,i4
s32,13,i7
s32,13,i8
s32,14,i110
s32,14,i116
s32,14,i33
s32,14,i4
s32,14,i47
s32,14,i9
s33,1,i1
s33,1,i14
s33,1,i2
s33,1,i6
s33,2,i2
s33,2,i80
s33,2,i93
s33,3,i116
s33,3,i43
s33,3,i5
s33,3,i6
s33,4,i37
s33,4,i5
s33,4,i59
s33,4,i7
s33,5,i12
s33,5,i21
s33,5,i34
s33,5,i40
s33,5,i54
s33,6,i21
s33,6,i26
s33,6,i39
s33,7,i1
s33,7,i2
s33,7,i33
s33,7,i50
s33,7,i51
s33,7,i99
s33,8,i2
s33,8,i52
s33,8,i9
s33,9,i1
s33,9,i2
s33,9,i42
s33,9,i74
s34,1,i11
s34,1,i16
s34,2,i2
s34,2,i24
s34,2,i3
s34,3,i113
s34,3,i97
s34,4,i13
s34,4,i34
s34,5,i17
s34,5,i20
s34,5,i4
s34,6,i102
s34,6,i4
s34,6,i56
s34,6,i59
s34,7,i6
s34,8,i3
s34,8,i44
s34,8,i62
s34,9,i2
s34,9,i21
s34,9,i24
s34,10,i1
s34,10,i27
s34,11,i1
s34,11,i18
s34,11,i49
s35,1,i29
s35,1,i4
s35,1,i46
s35,1,i48
s35,2,i17
s35,2,i40
s35,3,i64
s35,3,i9
s35,4,i119
s35,5,i2
s35,5,i4
s35,5,i44
s35,5,i5
s35,5,i74
s35,6,i92
s35,7,i116
s35,7,i13
s35,7,i17
s35,7,i96
s35,8,i4
s35,8,i41
s35,8,i5
s35,8,i57
s35,9,i1
s35,9,i6
s35,10,i2
s35,10,i69
s35,11,i1
s35,11,i15
s35,11,i2
s35,11,i31
s35,11,i5
s35,12,i1
s35,12,i7
s35,13,i101
s35,13,i29
s35,13,i40
s35,13,i5
s36,1,i12
s36,1,i34
s36,2,i1
s36,2,i2
s36,2,i27
s36,2,i34
s36,2,i96
s36,3,i2
s36,3,i3
s36,3,i44
s36,4,i12
s36,4,i18
s36,4,i4
s36,4,i5
s36,4,i9
s36,5,i33
s36,5,i47
s36,5,i50
s36,5,i51
s36,6,i16
s36,6,i52
s37,1,i2
s37,1,i69
s37,2,i13
s37,2,i39
s37,3,i11
s37,3,i15
s37,3,i57
s37,4,i40
s37,4,i59
s37,4,i8
s37,5,i1
s37,6,i17
s37,6,i81
s37,7,i1
s37,7,i48
s37,7,i9
s37,8,i11
s37,8,i7
s37,8,i80
s37,8,i88
s37,9,i33
s37,10,i17
s37,10,i29
s37,10,i6
s37,11,i1
s37,11,i3
s37,11,i41
s37,12,i11
s37,12,i39
s37,12,i9
s37,13,i3
s37,13,i6
s37,14,i1
s38,1,i1
s38,1,i22
s38,1,i3
s38,2,i10
s38,2,i3
s38,3,i118
s38,3,i45
s38,3,i50
s38,4,i41
s38,4,i59
s38,5,i114
s38,5,i3
s38,5,i75
s38,6,i1
s38,6,i5
s38,6,i76
s38,6,i99
s39,1,i1
s39,1,i28
s39,1,i6
s39,1,i7
s39,2,i17
s39,2,i2
s39,2,i5
s39,2,i9
s39,3,i37
s39,3,i5
s39,4,i19
s39,5,i3
s39,5,i8
s39,6,i90
s39,7,i17
s39,8,i4
s39,9,i30
s39,9,i47
s39,9,i74
s39,10,i12
s39,10,i31
s39,10,i73
s39,11,i3
s39,11,i32
s39,11,i33
s39,11,i43
s39,12,i34
s39,12,i35
s39,12,i36
s39,12,i8
s39,12,i87
s40,1,i112
s40,1,i14
s40,1,i15
s40,1,i4
s40,2,i2
s40,2,i47
s40,2,i5
s40,2,i72
s40,3,i1
s40,3,i18
s40,4,i2
s40,4,i20
s40,4,i3
s40,4,i4
s40,5,i106
s40,5,i4
s40,5,i60
s40,6,i11
s40,6,i2
s40,6,i41
s40,6,i6
s40,7,i17
s40,7,i88
s40,8,i16
s40,9,i98
s40,10,i9
s40,11,i1
s40,11,i2
s41,1,i1
s41,1,i16
s41,1,i30
s41,1,i40
s41,1,i9
s41,2,i1
s41,2,i32
s41,2,i58
s41,3,i1
s41,3,i2
s41,4,i4
s41,4,i59
s41,4,i8
s41,5,i11
s41,5,i3
s41,5,i35
s41,5,i5
s41,6,i29
s42,1,i1
s42,1,i14
s42,1,i18
s42,1,i7
s42,2,i109
s42,2,i111
s42,2,i28
s42,2,i6
s42,3,i3
s42,4,i33
s42,4,i4
s42,4,i91
s42,5,i2
s42,6,i104
s42,7,i19
s42,7,i5
s42,7,i92
s43,1,i43
s43,1,i53
s43,1,i7
s43,2,i14
s43,3,i1
s43,4,i6
s43,5,i107
s43,5,i27
s43,5,i5
s43,5,i51
s43,6,i6
s43,6,i97
s43,7,i1
s43,7,i2
s43,7,i25
s43,7,i38
s43,7,i55
s43,8,i1
s43,8,i43
s43,8,i5
s43,9,i1
s43,9,i10
s43,9,i47
s43,10,i1
s43,10,i18
s43,10,i22
s43,10,i50
s43,10,i51
s43,11,i1
s43,11,i40
s43,11,i50
s43,11,i52
s43,11,i9
s43,12,i2
s43,12,i20
s43,13,i2
s43,13,i4
s43,14,i1
s43,14,i13
s43,14,i9
s44,1,i1
s44,1,i5
s44,1,i6
s44,1,i99
s44,2,i10
s44,2,i61
s44,3,i23
s44,3,i5
s44,4,i106
s44,4,i107
s44,4,i4
s44,4,i5
s44,5,i107
s44,5,i4
s44,5,i5
s44,5,i51
s44,6,i1
s44,6,i19
s44,6,i22
s44,7,i101
s44,8,i10
s44,8,i4
s44,8,i50
s44,8,i51
s44,9,i2
s44,9,i3
s44,9,i32
s44,9,i5
s44,9,i52
s44,9,i9
s45,1,i17
s45,1,i53
s45,1,i6
s45,1,i81
s45,2,i1
s45,3,i19
s45,3,i2
s45,3,i24
s45,4,i1
s45,4,i106
s45,4,i3
s45,4,i54
s45,4,i6
s45,5,i10
s45,5,i8
s45,6,i1
s45,6,i6
s45,6,i9
s45,7,i1
s45,8,i6
s45,9,i1
s45,9,i11
s45,9,i40
s45,9,i6
s45,10,i1
s45,11,i114
s45,11,i32
s45,12,i15
s45,12,i18
s46,1,i26
s46,1,i30
s46,1,i55
s46,2,i1
s46,2,i2
s46,2,i22
s46,2,i24
s46,3,i3
s46,3,i45
s46,4,i20
s46,5,i2
s46,5,i31
s46,5,i7
s46,6,i16
s46,6,i22
s46,6,i24
s46,6,i27
s46,7,i11
s46,7,i2
s46,7,i6
s46,8,i22
s46,8,i32
s46,8,i89
s46,9,i2
s46,9,i5
s46,10,i2
s46,10,i7
s46,10,i9
s46,11,i13
s46,11,i18
s46,11,i5
s46,12,i101
s46,12,i13
s46,12,i25
s46,12,i7
s46,12,i72
s46,13,i10
s46,13,i13
s46,13,i19
s46,13,i38
s46,13,i9
s47,1,i1
s47,1,i3
s47,1,i4
s47,2,i1
s47,2,i18
s47,2,i50
s47,3,i17
s47,3,i46
s47,3,i47
s47,4,i1
s47,4,i116
s47,5,i120
s47,5,i5
s47,6,i1
s47,6,i58
s47,6,i71
s47,6,i72
s47,7,i21
s47,7,i58
s47,8,i2
s47,8,i3
s47,8,i6
s47,9,i111
s47,9,i2
s47,9,i22
s48,1,i2
s48,2,i1
s48,2,i117
s48,2,i72
s48,2,i89
s48,3,i2
s48,3,i5
s48,4,i13
s48,4,i20
s48,4,i4
s48,4,i9
s48,5,i8
s48,6,i11
s48,6,i13
s48,6,i21
s48,7,i41
s48,8,i54
s48,8,i68
s48,8,i8
s48,9,i13
s48,9,i5
s48,10,i13
s48,10,i19
s48,11,i1
s48,12,i1
s48,12,i11
s48,12,i2
s48,12,i92
s48,13,i1
s48,13,i2
s48,13,i29
s48,13,i34
s48,13,i94
s48,14,i1
s48,14,i7
s49,1,i1
s49,1,i10
s49,1,i26
s49,1,i40
s49,1,i46
s49,2,i12
s49,2,i2
s49,3,i1
s49,3,i115
s49,3,i35
s49,3,i59
s49,4,i12
s49,4,i3
s49,4,i56
s49,5,i5
s49,6,i58
s49,6,i7
s50,1,i16
s50,1,i29
s50,2,i3
s50,2,i44
s50,2,i6
s50,2,i89
s50,3,i1
s50,3,i45
s50,3,i70
s50,4,i10
s50,4,i3
s50,4,i53
s50,4,i6
s50,5,i18
s50,5,i20
s50,5,i21
s50,5,i23
s50,6,i22
s50,6,i67
s50,7,i2
s50,7,i23
s50,7,i3
s50,8,i51
s51,1,i115
s51,2,i65
s51,2,i8
s51,3,i102
s51,3,i47
s51,4,i21
s51,4,i3
s51,5,i1
s51,5,i2
s51,5,i99
s51,6,i14
s51,6,i26
s51,6,i3
s51,6,i9
s51,7,i27
s51,7,i4
s51,7,i5
s52,1,i17
s52,1,i8
s52,2,i5
s52,2,i50
s52,2,i51
s52,3,i1
s52,3,i52
s52,4,i1
s52,4,i24
s52,4,i30
s52,4,i31
s52,5,i2
s52,5,i36
s52,6,i1
s52,6,i2
s52,6,i51
s52,7,i49
s52,7,i57
s52,8,i110
s52,8,i16
s52,8,i4
s52,9,i11
s52,9,i14
s52,9,i19
s52,9,i7
s53,1,i1
s53,2,i1
s53,2,i7
s53,3,i70
s53,3,i93
s53,4,i3
s53,4,i5
s53,4,i88
s53,5,i1
s53,5,i32
s53,6,i101
s53,6,i12
s53,7,i1
s53,7,i49
s53,7,i5
s53,8,i19
s53,8,i2
s53,8,i5
s53,9,i109
s53,9,i120
s53,9,i50
s53,9,i7
s54,1,i1
s54,1,i9
s54,2,i1
s54,2,i27
s54,2,i35
s54,3,i1
s54,3,i16
s54,3,i40
s54,3,i67
s54,4,i104
s54,4,i109
s54,4,i2
s54,4,i3
s54,4,i4
s54,5,i1
s54,5,i110
s54,5,i2
s54,5,i36
s54,5,i7
s54,6,i1
s54,6,i10
s54,6,i105
s54,6,i19
s54,7,i68
s54,7,i8
s54,7,i91
s54,8,i1
s54,8,i4
s54,8,i5
s54,9,i12
s54,9,i2
s55,1,i10
s55,1,i106
s55,1,i3
s55,1,i5
s55,2,i1
s55,2,i20
s55,2,i21
s55,3,i1
s55,3,i22
s55,3,i35
s55,3,i61
s55,4,i107
s55,4,i2
s55,4,i38
s55,5,i32
s55,6,i1
s55,6,i8
s55,7,i1
s55,8,i1
s55,9,i1
s55,9,i61
s55,10,i21
s55,11,i1
s55,11,i83
s55,12,i1
s55,12,i57
s55,12,i67
s55,12,i97
s55,13,i2
s55,14,i14
s55,14,i6
s55,14,i7
s55,14,i9
s56,1,i12
s56,1,i14
s56,1,i7
s56,1,i77
s56,2,i16
s56,2,i2
s56,2,i26
s56,2,i78
s56,3,i116
s56,4,i12
s56,4,i51
s56,4,i6
s56,5,i2
s56,5,i5
s56,5,i8
s56,6,i1
s56,6,i117
s56,6,i16
s56,7,i1
s56,7,i109
s56,8,i16
s56,8,i42
s56,8,i53
s56,9,i113
s56,9,i20
s57,1,i3
s57,1,i5
s57,2,i1
s57,2,i10
s57,2,i36
s57,2,i87
s57,3,i19
s57,3,i2
s57,3,i20
s57,3,i21
s57,4,i1
s57,4,i17
s57,4,i2
s57,4,i22
s57,5,i16
s57,5,i88
s57,6,i56
s57,6,i57
s57,6,i6
s57,7,i1
s57,7,i2
s57,7,i37
s57,8,i104
s57,8,i7
s57,8,i97
s58,1,i107
s58,1,i2
s58,1,i29
s58,1,i35
s58,2,i1
s58,2,i2
s58,2,i22
s58,2,i3
s58,3,i1
s58,3,i3
s58,3,i41
s58,3,i99
s58,4,i19
s58,4,i2
s58,4,i4
s58,4,i49
s58,4,i5
s58,4,i68
s58,5,i1
s58,5,i27
s58,6,i113
s58,6,i3
s58,6,i44
s58,6,i78
s58,7,i60
s58,8,i10
s58,8,i3
s58,8,i4
s58,9,i10
s58,9,i39
s58,10,i107
s58,10,i13
s58,10,i7
s58,10,i78
s58,11,i62
s58,12,i1
s58,12,i2
s59,1,i2
s59,1,i79
s59,1,i97
s59,2,i6
s59,3,i10
s59,3,i23
s59,3,i29
s59,3,i37
s59,4,i1
s59,5,i18
s59,5,i9
s59,6,i1
s59,6,i30
s59,6,i4
s59,7,i2
s59,7,i4
s59,7,i50
s59,7,i51
s59,7,i7
s59,7,i9
s59,8,i1
s59,8,i2
s59,8,i4
s59,8,i52
s59,8,i66
s59,9,i12
s59,9,i52
s59,9,i81
s59,10,i10
s59,10,i2
s59,10,i7
s59,10,i78
s59,11,i19
s59,11,i2
s59,11,i4
s59,11,i64
s60,1,i65
s60,2,i106
s60,2,i20
s60,2,i34
s60,2,i95
s60,3,i1
s60,3,i38
s60,3,i83
s60,4,i1
s60,4,i114
s60,4,i46
s60,5,i1
s60,5,i57
s60,6,i2
s60,6,i22
s60,6,i60
s60,7,i1
s60,7,i2
s60,8,i15
s60,8,i3
s60,8,i36
s60,8,i69
s60,8,i88
s60,9,i1
s60,9,i19
s60,9,i2
s60,9,i21
s60,9,i4
s60,9,i5
s61,1,i29
s61,1,i4
s61,1,i76
s61,2,i1
s61,2,i2
s61,2,i24
s61,2,i4
s61,3,i8
s61,4,i1
s61,4,i12
s61,5,i1
s61,5,i5
s61,5,i59
s61,6,i109
s61,6,i3
s61,6,i34
s61,6,i70
s61,7,i10
s61,7,i23
s61,7,i41
s61,7,i49
s61,7,i5
s61,8,i1
s61,8,i2
s61,8,i43
s61,8,i46
s61,8,i60
s61,8,i72
s61,9,i1
s61,9,i3
s61,9,i37
s61,10,i2
s61,10,i4
s61,10,i5
s62,1,i37
s62,1,i4
s62,1,i61
s62,2,i33
s62,3,i10
s62,3,i2
s62,3,i21
s62,3,i22
s62,3,i73
s62,4,i20
s62,4,i21
s62,4,i4
s62,4,i64
s62,5,i22
s62,5,i4
s62,6,i51
s62,6,i69
s63,1,i72
s63,2,i12
s63,2,i2
s63,3,i3
s63,4,i37
s63,4,i38
s63,4,i4
s63,5,i11
s63,5,i3
s63,5,i5
s63,6,i1
s63,6,i106
s63,6,i120
s63,6,i21
s63,7,i1
s63,7,i5
s63,8,i38
s63,8,i4
s63,8,i71
s63,9,i15
s63,9,i2
s63,9,i3
s63,9,i70
s63,10,i29
s63,10,i30
s63,10,i33
s63,10,i39
s63,11,i42
s63,11,i8
s63,11,i85
s63,12,i38
s63,12,i6
s64,1,i14
s64,1,i65
s64,1,i66
s64,2,i12
s64,2,i4
s64,3,i82
s64,3,i99
s64,4,i44
s64,4,i50
s64,4,i51
s64,4,i6
s64,5,i1
s64,5,i11
s64,5,i21
s64,5,i52
s64,5,i7
s64,6,i1
s64,6,i12
s64,7,i16
s64,7,i2
s64,7,i73
s64,7,i9
s64,8,i20
s64,8,i85
s64,8,i9
s64,9,i1
s64,9,i2
s64,9,i71
s64,10,i1
s64,10,i5
s64,11,i2
s64,11,i47
s64,12,i1
s64,12,i10
s64,12,i51
s64,12,i52
s64,13,i1
s64,13,i106
s64,13,i2
s64,13,i7
s65,1,i26
s65,2,i1
s65,2,i10
s65,2,i14
s65,2,i5
s65,3,i20
s65,3,i21
s65,3,i61
s65,4,i11
s65,4,i15
s65,4,i16
s65,4,i22
s65,5,i6
s65,5,i83
s65,6,i2
s65,6,i85
s66,1,i1
s66,1,i38
s66,2,i1
s66,2,i17
s66,2,i3
s66,2,i75
s66,3,i29
s66,3,i34
s66,4,i1
s66,4,i10
s66,4,i3
s66,4,i36
s66,5,i5
s66,6,i25
s66,6,i36
s66,6,i9
s67,1,i1
s67,1,i2
s67,1,i30
s67,1,i4
s67,2,i18
s67,2,i31
s67,2,i6
s67,2,i9
s67,3,i13
s67,3,i32
s67,3,i33
s67,3,i34
s67,4,i32
s67,4,i34
s67,5,i1
s67,5,i15
s67,5,i2
s67,5,i3
s67,5,i40
s67,6,i11
s67,6,i111
s67,6,i7
s67,6,i8
s67,7,i1
s67,7,i9
s68,1,i1
s68,1,i28
s68,2,i10
s68,2,i25
s68,2,i6
s68,3,i7
s68,4,i8
s68,5,i12
s68,5,i34
s68,5,i64
s68,6,i1
s68,6,i35
s68,6,i97
s68,7,i1
s68,7,i86
s69,1,i24
s69,1,i50
s69,2,i13
s69,3,i1
s69,3,i37
s69,3,i4
s69,3,i5
s69,4,i111
s69,4,i31
s69,5,i10
s69,6,i32
s69,6,i6
s69,6,i65
s69,6,i7
s69,7,i1
s69,8,i1
s69,8,i13
s69,8,i68
s69,8,i73
s69,9,i1
s69,9,i28
s69,9,i3
s69,10,i1
s69,10,i10
s69,11,i69
s69,12,i112
s69,13,i1
s70,1,i53
s70,2,i19
s70,2,i29
s70,2,i79
s70,3,i1
s70,3,i3
s70,3,i7
s70,4,i1
s70,4,i11
s70,4,i39
s70,4,i7
s70,5,i6
s70,6,i1
s70,6,i18
s70,6,i7
s71,1,i1
s71,1,i3
s71,2,i2
s71,2,i3
s71,2,i6
s71,2,i61
s71,3,i91
s71,4,i49
s71,5,i1
s71,5,i105
s71,6,i13
s71,6,i14
s71,6,i20
s71,6,i65
s71,6,i89
s71,7,i1
s71,7,i30
s71,8,i112
s71,8,i14
s71,8,i7
s71,9,i105
s71,9,i4
s71,10,i2
s71,10,i23
s71,10,i56
s71,10,i78
s71,11,i26
s71,11,i38
s71,11,i95
s71,12,i2
s71,12,i34
s71,12,i89
s72,1,i19
s72,1,i38
s72,1,i47
s72,2,i16
s72,2,i32
s72,2,i75
s72,2,i80
s72,3,i16
s72,3,i2
s72,4,i2
s72,5,i1
s72,5,i113
s72,5,i33
s72,6,i17
s72,6,i2
s72,6,i6
s72,7,i19
s72,7,i43
s72,8,i1
s72,8,i35
s72,8,i7
s73,1,i1
s73,2,i28
s73,2,i37
s73,2,i62
s73,2,i86
s73,3,i105
s73,3,i50
s73,4,i1
s73,4,i113
s73,5,i7
s73,6,i1
s73,6,i21
s73,6,i3
s73,7,i1
s73,7,i92
s73,8,i13
s73,8,i20
s73,8,i6
s73,9,i103
s73,9,i15
s73,9,i16
s73,10,i17
s73,10,i3
s73,10,i9
s73,11,i30
s73,11,i5
s74,1,i1
s74,1,i112
s74,1,i119
s74,1,i61
s74,2,i28
s74,2,i3
s74,2,i78
s74,2,i89
s74,3,i17
s74,3,i8
s74,3,i88
s74,3,i98
s74,4,i13
s74,4,i14
s74,4,i15
s74,5,i1
s74,5,i108
s74,5,i5
s74,6,i26
s74,7,i17
s74,7,i72
s74,7,i9
s74,8,i2
s74,8,i28
s74,8,i44
s74,8,i96
s74,9,i1
s74,9,i2
s74,10,i20
s74,11,i11
s74,11,i8
s74,12,i17
s74,12,i25
s74,12,i28
s74,12,i32
s74,13,i36
s74,13,i92
s74,14,i4
s75,1,i1
s75,1,i2
s75,1,i60
s75,1,i7
s75,2,i27
s75,2,i4
s75,2,i54
s75,2,i67
s75,3,i1
s75,3,i103
s75,3,i75
s75,4,i17
s75,4,i44
s75,4,i5
s75,4,i99
s75,5,i2
s75,5,i3
s75,5,i68
s75,5,i84
s75,6,i2
s75,6,i55
s75,7,i1
s75,7,i21
s75,7,i28
s75,7,i3
s75,7,i32
s75,8,i3
s75,8,i32
s75,8,i6
s75,9,i82
s75,10,i2
s75,10,i30
s75,10,i35
s75,10,i5
s76,1,i1
s76,1,i3
s76,2,i33
s76,2,i4
s76,2,i6
s76,3,i18
s76,3,i2
s76,3,i5
s76,3,i6
s76,4,i17
s76,4,i2
s76,4,i70
s76,5,i1
s76,5,i2
s76,5,i40
s76,6,i3
s76,6,i58
s76,7,i18
s76,7,i4
s76,7,i5
s76,7,i84
s76,8,i2
s76,8,i29
s76,8,i8
s76,8,i80
s76,9,i1
s76,9,i14
s76,9,i2
s76,10,i30
s76,11,i19
s76,11,i2
s76,11,i46
s76,12,i13
s76,12,i42
s77,1,i1
s77,1,i3
s77,2,i28
s77,2,i77
s77,2,i8
s77,2,i88
s77,3,i1
s77,3,i2
s77,3,i36
s77,4,i17
s77,4,i29
s77,4,i3
s77,4,i4
s77,4,i64
s77,5,i1
s77,5,i21
s77,5,i4
s77,5,i5
s77,5,i82
s77,6,i15
s77,6,i6
s77,7,i1
s77,7,i53
s77,7,i77
s77,7,i78
s77,8,i1
s77,8,i28
s77,9,i2
s77,9,i23
s77,10,i32
s77,10,i5
s77,10,i9
s77,11,i1
s77,11,i2
s77,11,i20
s77,11,i3
s77,11,i63
s78,1,i2
s78,1,i4
s78,2,i76
s78,3,i23
s78,3,i3
s78,3,i99
s78,4,i2
s78,4,i23
s78,4,i54
s78,4,i62
s78,5,i15
s78,5,i25
s78,5,i34
s78,6,i1
s78,6,i16
s78,6,i2
s78,6,i22
s78,6,i7
s79,1,i2
s79,1,i23
s79,2,i75
s79,3,i1
s79,4,i81
s79,5,i1
s79,5,i15
s79,5,i16
s79,5,i7
s79,6,i22
s79,6,i43
s79,6,i53
s79,6,i7
s79,7,i9
s79,8,i1
s79,8,i86
s79,9,i1
s79,9,i4
s79,9,i43
s79,10,i7
s79,11,i1
s79,11,i9
s79,12,i69
s79,12,i7
s79,12,i9
s80,1,i18
s80,1,i19
s80,1,i2
s80,2,i20
s80,2,i49
s80,2,i71
s80,2,i8
s80,3,i44
s80,4,i1
s80,4,i14
s80,5,i2
s80,6,i56
s80,7,i1
s80,7,i10
s80,7,i3
s80,7,i91
s80,8,i29
s80,8,i4
s80,8,i8
s80,8,i93
s80,9,i98
s81,1,i2
s81,2,i15
s81,2,i2
s81,2,i52
s81,3,i32
s81,3,i6
s81,4,i1
s81,4,i4
s81,5,i1
s81,5,i2
s81,5,i36
s81,5,i8
s81,6,i10
s81,6,i19
s81,6,i21
s81,6,i40
s81,7,i105
s81,7,i11
s81,7,i20
s81,7,i21
s81,7,i3
s81,7,i50
s81,7,i51
s81,8,i22
s81,8,i4
s81,8,i52
s81,9,i19
s81,10,i102
s81,10,i56
s81,10,i99
s81,11,i106
s81,11,i19
s81,11,i35
s81,12,i104
s81,12,i11
s81,13,i13
s82,1,i36
s82,2,i1
s82,2,i32
s82,2,i60
s82,2,i93
s82,3,i2
s82,3,i20
s82,3,i3
s82,3,i5
s82,4,i14
s82,4,i2
s82,5,i2
s82,5,i3
s82,6,i1
s82,6,i102
s82,6,i50
s82,7,i1
s82,7,i17
s82,7,i24
s82,7,i47
s82,8,i114
s82,8,i13
s82,8,i81
s82,9,i15
s82,9,i2
s82,9,i47
s82,9,i8
s82,10,i1
s82,10,i55
s82,11,i14
s83,1,i11
s83,1,i110
s83,1,i3
s83,1,i34
s83,1,i36
s83,2,i5
s83,3,i2
s83,3,i4
s83,4,i14
s83,4,i3
s83,4,i7
s83,5,i11
s83,5,i7
s83,5,i8
s83,6,i39
s83,6,i58
s83,7,i2
s83,7,i42
s83,7,i55
s83,7,i69
s83,8,i2
s84,1,i19
s84,1,i5
s84,1,i52
s84,2,i1
s84,2,i2
s84,2,i3
s84,2,i50
s84,2,i51
s84,3,i11
s84,3,i52
s84,4,i18
s84,4,i57
s84,4,i7
s84,5,i1
s84,5,i105
s84,5,i2
s84,5,i72
s84,6,i112
s84,6,i3
s84,6,i4
s84,7,i1
s84,7,i11
s84,7,i24
s84,7,i4
s84,7,i5
s84,7,i50
s84,8,i27
s84,8,i73
s84,9,i1
s84,9,i20
s84,9,i26
s84,9,i3
s84,9,i67
s84,10,i23
s84,10,i29
s84,10,i38
s84,11,i15
s84,11,i44
s84,11,i51
s84,11,i96
s84,12,i1
s84,12,i2
s84,13,i1
s84,13,i36
s84,13,i96
s84,14,i95
s85,1,i29
s85,1,i50
s85,1,i51
s85,2,i10
s85,2,i16
s85,2,i3
s85,2,i42
s85,2,i52
s85,3,i1
s85,3,i30
s85,4,i12
s85,4,i72
s85,4,i73
s85,5,i17
s85,5,i2
s85,5,i22
s85,5,i99
s85,6,i16
s85,6,i27
s85,6,i5
s85,6,i6
s85,7,i10
s85,8,i1
s85,8,i16
s85,8,i2
s86,1,i22
s86,1,i30
s86,1,i48
s86,1,i5
s86,1,i55
s86,2,i10
s86,2,i2
s86,2,i31
s86,2,i77
s86,3,i1
s86,3,i26
s86,3,i3
s86,3,i32
s86,3,i33
s86,3,i62
s86,4,i10
s86,4,i34
s86,4,i4
s86,4,i43
s86,4,i57
s86,5,i2
s86,5,i20
s86,5,i21
s86,6,i1
s86,6,i2
s86,6,i22
s86,6,i25
s86,6,i4
s86,7,i2
s86,7,i4
s86,8,i13
s86,8,i2
s86,8,i3
s86,8,i40
s86,9,i14
s86,9,i52
s86,9,i7
s86,10,i5
s86,11,i1
s86,11,i12
s86,11,i50
s86,12,i3
s86,12,i81
s86,13,i1
s87,1,i15
s87,2,i104
s87,2,i2
s87,2,i8
s87,2,i95
s87,3,i3
s87,4,i1
s87,4,i7
s87,5,i3
s87,6,i2
s87,7,i8
s87,8,i21
s87,9,i1
s87,9,i7
s87,10,i119
s87,10,i26
s87,10,i28
s87,10,i93
s87,11,i1
s87,12,i10
s87,12,i2
s87,12,i56
s87,13,i1
s87,13,i3
s87,13,i40
s88,1,i2
s88,1,i41
s88,1,i6
s88,2,i1
s88,2,i2
s88,3,i11
s88,3,i17
s88,3,i50
s88,4,i25
s88,4,i77
s88,5,i1
s88,5,i5
s88,6,i2
s88,6,i33
s88,6,i48
s88,7,i1
s88,7,i16
s88,7,i27
s88,8,i1
s88,8,i2
s88,9,i20
s88,10,i16
s88,10,i3
s88,10,i36
s88,10,i7
s88,11,i1
s88,12,i12
s88,12,i27
s88,12,i63
s88,12,i92
s88,13,i1
s88,13,i25
s88,13,i54
s88,13,i60
s88,14,i3
s88,14,i63
s89,1,i16
s89,1,i2
s89,2,i20
s89,2,i99
s89,3,i20
s89,3,i32
s89,3,i44
s89,3,i48
s89,4,i2
s89,4,i77
s89,4,i8
s89,5,i16
s89,5,i23
s89,6,i119
s89,6,i18
s89,6,i66
s89,7,i17
s89,7,i3
s89,7,i5
s89,7,i61
s90,1,i104
s90,1,i11
s90,1,i8
s90,2,i118
s90,2,i15
s90,2,i22
s90,3,i114
s90,3,i3
s90,3,i5
s90,4,i15
s90,4,i20
s90,4,i89
s90,5,i1
s90,6,i4
s90,6,i79
s90,7,i1
s90,7,i58
s90,7,i8
s90,8,i40
s90,9,i13
s90,9,i82
s90,10,i22
s91,1,i51
s91,2,i59
s91,2,i6
s91,2,i9
s91,3,i44
s91,3,i67
s91,4,i1
s91,4,i16
s91,4,i19
s91,4,i5
s91,5,i2
s91,5,i32
s91,6,i1
s91,6,i10
s91,6,i20
s91,6,i45
s91,7,i1
s91,7,i2
s91,8,i18
s91,9,i1
s91,9,i14
s91,9,i2
s91,9,i49
s91,10,i119
s91,10,i19
s91,10,i20
s91,10,i7
s91,10,i8
s91,11,i1
s91,11,i50
s91,11,i9
s91,12,i1
s92,1,i2
s92,1,i6
s92,1,i60
s92,2,i10
s92,2,i91
s92,3,i1
s92,3,i2
s92,3,i41
s92,4,i100
s92,4,i91
s92,5,i1
s92,5,i35
s92,5,i7
s92,5,i8
s92,6,i6
s92,6,i9
s93,1,i31
s93,1,i35
s93,2,i2
s93,2,i3
s93,3,i1
s93,3,i29
s93,4,i30
s93,4,i4
s93,4,i7
s93,4,i87
s93,5,i1
s93,5,i110
s93,5,i3
s93,5,i7
s93,6,i2
s93,7,i1
s93,7,i19
s93,7,i38
s93,7,i90
s93,8,i2
s93,8,i6
s93,8,i8
s93,9,i111
s93,9,i119
s93,10,i26
s93,11,i98
s93,12,i2
s93,12,i82
s93,13,i41
s94,1,i108
s94,1,i2
s94,1,i3
s94,1,i86
s94,2,i2
s94,2,i3
s94,3,i5
s94,3,i71
s94,4,i10
s94,4,i85
s94,5,i18
s94,5,i5
s94,6,i2
s94,7,i40
s94,7,i48
s94,8,i104
s94,8,i44
s94,8,i5
s94,8,i60
s94,9,i1
s94,9,i114
s94,9,i2
s95,1,i1
s95,1,i3
s95,1,i51
s95,2,i14
s95,2,i23
s95,3,i12
s95,3,i2
s95,3,i3
s95,3,i8
s95,4,i1
s95,4,i4
s95,4,i47
s95,4,i9
s95,5,i1
s95,5,i46
s95,6,i11
s95,6,i13
s95,6,i5
s95,6,i72
s95,7,i24
s95,7,i39
s95,7,i50
s95,7,i61
s95,8,i15
s95,9,i76
s96,1,i1
s96,1,i15
s96,1,i26
s96,1,i4
s96,2,i2
s96,2,i4
s96,2,i49
s96,3,i34
s96,4,i1
s96,4,i11
s96,4,i40
s96,4,i62
s96,5,i11
s96,5,i5
s96,5,i8
s96,6,i1
s96,6,i77
s97,1,i1
s97,2,i1
s97,2,i37
s97,2,i40
s97,3,i7
s97,4,i19
s97,4,i2
s97,4,i30
s97,5,i1
s97,5,i31
s97,5,i48
s97,6,i104
s97,6,i2
s97,6,i32
s97,6,i33
s97,6,i4
s97,6,i48
s97,6,i82
s97,7,i11
s97,7,i34
s97,8,i24
s98,1,i23
s98,1,i77
s98,2,i18
s98,2,i2
s98,2,i25
s98,2,i61
s98,3,i1
s98,3,i31
s98,3,i69
s98,4,i1
s98,4,i5
s98,5,i24
s98,5,i32
s98,6,i106
s98,6,i44
s98,7,i1
s98,8,i46
s98,8,i60
s98,8,i82
s98,9,i35
s98,9,i4
s98,10,i3
s98,10,i5
s98,10,i9
s98,11,i1
s98,12,i13
s98,13,i4
s98,13,i67
s98,13,i9
s99,1,i13
s99,1,i15
s99,1,i2
s99,1,i26
s99,2,i1
s99,2,i112
s99,3,i42
s99,3,i50
s99,3,i51
s99,4,i19
s99,4,i2
s99,4,i27
s99,4,i52
s99,4,i6
s99,4,i9
s99,5,i1
s99,5,i3
s99,5,i5
s99,6,i1
s99,7,i1
s99,7,i2
s99,7,i24
s99,7,i40
s99,8,i12
s99,8,i2
s99,8,i90
s100,1,i1
s100,1,i15
s100,1,i19
s100,1,i92
s100,2,i3
s100,3,i1
s100,3,i2
s100,3,i65
s100,4,i20
s100,4,i26
s100,4,i66
s100,4,i8
s100,5,i1
s100,5,i2
s100,5,i37
s100,5,i5
s100,6,i3
s100,6,i5
s100,6,i62
s100,6,i7
s100,6,i75
s100,7,i1
s100,7,i4
s100,7,i5
s100,7,i52
s100,8,i10
s100,8,i13
s100,9,i2
s100,9,i90
s100,10,i2
s100,10,i50
s100,10,i7
s100,10,i74
s100,10,i8
s100,11,i1
s100,11,i3
s100,11,i9
s100,12,i1
s100,13,i6
s101,1,i16
s101,1,i2
s101,1,i4
s101,2,i1
s101,2,i4
s101,3,i3
s101,4,i4
s101,4,i56
s101,4,i97
s101,5,i1
s101,5,i24
s101,6,i1
s101,6,i83
s101,7,i22
s101,7,i9
s101,8,i24
s101,8,i38
s101,8,i5
s101,8,i59
s101,9,i109
s102,1,i58
s102,2,i1
s102,2,i28
s102,2,i48
s102,2,i5
s102,3,i2
s102,3,i81
s102,4,i31
s102,4,i36
s102,4,i50
s102,4,i51
s102,4,i8
s102,5,i1
s102,5,i11
s102,5,i12
s102,5,i52
s102,6,i20
s102,6,i4
s102,6,i6
s102,6,i66
s102,7,i29
s102,7,i5
s102,7,i54
s102,7,i59
s102,8,i18
s102,8,i25
s102,8,i8
s102,8,i9
s103,1,i17
s103,1,i3
s103,1,i30
s103,1,i93
s103,2,i1
s103,2,i22
s103,2,i5
s103,3,i1
s103,3,i102
s103,4,i1
s103,4,i21
s103,4,i28
s103,4,i3
s103,4,i5
s103,5,i46
s103,6,i16
s103,6,i2
s103,6,i20
s103,6,i8
s103,7,i33
s103,7,i5
s103,7,i50
s103,7,i51
s103,7,i54
s103,8,i116
s103,8,i21
s103,8,i39
s103,8,i52
s103,8,i87
s103,9,i1
s103,9,i67
s103,9,i68
s103,9,i83
s103,10,i36
s103,11,i1
s103,11,i4
s103,12,i10
s103,12,i26
s103,12,i38
s103,12,i8
s104,1,i1
s104,1,i119
s104,1,i2
s104,1,i31
s104,2,i110
s104,2,i2
s104,2,i30
s104,3,i25
s104,3,i35
s104,3,i80
s104,3,i93
s104,4,i11
s104,4,i18
s104,4,i2
s104,4,i6
s104,5,i14
s104,5,i3
s104,5,i50
s104,5,i51
s104,5,i67
s104,5,i9
s104,6,i1
s104,6,i13
s104,6,i52
s104,7,i1
s104,7,i104
s104,7,i16
s104,7,i41
s104,8,i1
s104,8,i12
s104,8,i79
s104,9,i33
s104,10,i11
s104,10,i17
s104,10,i24
s104,10,i84
s104,11,i111
s104,11,i20
s104,11,i6
s105,1,i26
s105,2,i29
s105,3,i14
s105,3,i4
s105,4,i24
s105,4,i3
s105,4,i4
s105,5,i23
s105,6,i30
s105,6,i51
s105,6,i7
s105,7,i13
s105,7,i55
s105,8,i107
s105,8,i114
s105,8,i22
s105,9,i30
s105,9,i45
s105,9,i7
s105,9,i9
s105,10,i3
s105,10,i42
s106,1,i2
s106,2,i12
s106,2,i90
s106,2,i99
s106,3,i1
s106,3,i12
s106,3,i2
s106,3,i73
s106,4,i102
s106,4,i16
s106,4,i5
s106,4,i7
s106,5,i10
s106,5,i102
s106,5,i88
s106,6,i3
s106,6,i4
s106,6,i56
s106,7,i21
s106,7,i42
s106,7,i44
s106,7,i49
s106,7,i6
s107,1,i1
s107,1,i18
s107,1,i32
s107,1,i63
s107,2,i34
s107,3,i1
s107,3,i2
s107,3,i22
s107,3,i25
s107,3,i3
s107,4,i100
s107,4,i27
s107,4,i3
s107,5,i1
s107,5,i4
s107,5,i5
s107,6,i107
s107,6,i19
s107,6,i29
s107,6,i82
s107,7,i12
s107,7,i3
s107,8,i4
s107,8,i84
s107,8,i9
s107,8,i90
s108,1,i1
s108,1,i119
s108,1,i4
s108,1,i58
s108,1,i8
s108,2,i2
s108,2,i24
s108,3,i10
s108,3,i17
s108,3,i30
s108,4,i31
s108,4,i87
s108,5,i1
s108,5,i32
s108,5,i33
s108,5,i40
s108,6,i1
s108,6,i14
s108,6,i29
s108,6,i34
s108,6,i8
s109,1,i12
s109,1,i3
s109,1,i41
s109,1,i58
s109,1,i8
s109,2,i102
s109,2,i13
s109,2,i19
s109,2,i59
s109,3,i1
s109,3,i2
s109,3,i5
s109,3,i6
s109,4,i3
s109,4,i7
s109,5,i1
s109,5,i11
s109,5,i4
s109,5,i48
s109,5,i5
s109,6,i107
s109,6,i18
s110,1,i78
s110,2,i2
s110,3,i1
s110,3,i13
s110,4,i106
s110,4,i14
s110,4,i58
s110,5,i1
s110,5,i52
s110,6,i8
s110,7,i17
s110,7,i43
s110,7,i73
s110,7,i96
s110,8,i1
s110,8,i29
s110,9,i25
s110,9,i26
s110,9,i28
s110,9,i3
s110,9,i85
s110,10,i1
s110,10,i24
s110,10,i60
s110,11,i14
s110,11,i59
s110,12,i1
s110,12,i2
s110,13,i110
s110,13,i2
s110,13,i20
s110,13,i5
s111,1,i1
s111,1,i6
s111,1,i9
s111,2,i1
s111,2,i10
s111,2,i18
s111,2,i91
s111,3,i1
s111,3,i13
s111,3,i50
s111,4,i49
s111,4,i57
s111,4,i9
s111,5,i2
s111,5,i4
s111,6,i2
s111,6,i24
s111,6,i95
s112,1,i1
s112,1,i16
s112,1,i3
s112,1,i6
s112,2,i25
s112,3,i12
s112,3,i26
s112,4,i2
s112,5,i1
s112,5,i14
s112,5,i2
s112,5,i90
s112,6,i10
s112,6,i6
s112,7,i1
s112,7,i2
s112,7,i43
s112,7,i91
s113,1,i81
s113,2,i44
s113,2,i82
s113,2,i9
s113,3,i42
s113,3,i5
s113,4,i3
s113,4,i7
s113,5,i1
s113,5,i10
s113,5,i24
s113,5,i3
s113,5,i7
s113,6,i110
s113,6,i2
s113,6,i26
s113,6,i35
s113,6,i39
s113,7,i12
s113,7,i4
s114,1,i23
s114,1,i78
s114,2,i18
s114,2,i20
s114,3,i119
s114,3,i13
s114,3,i22
s114,3,i69
s114,4,i1
s114,4,i74
s114,4,i9
s114,5,i2
s114,5,i21
s114,5,i22
s114,5,i80
s114,6,i117
s114,6,i9
s114,7,i9
s114,8,i11
s114,9,i35
s114,10,i2
s114,10,i4
s114,10,i50
s114,10,i51
s114,11,i1
s114,11,i52
s115,1,i11
s115,1,i2
s115,1,i36
s115,1,i50
s115,1,i51
s115,2,i1
s115,2,i26
s115,2,i36
s115,2,i52
s115,2,i7
s115,3,i4
s115,4,i1
s115,4,i52
s115,5,i15
s115,6,i1
s115,6,i7
s115,6,i79
s116,1,i2
s116,1,i6
s116,2,i36
s116,2,i42
s116,2,i45
s116,2,i74
s116,3,i5
s116,3,i82
s116,4,i1
s116,4,i13
s116,4,i4
s116,4,i6
s116,5,i12
s116,6,i11
s116,6,i32
s116,6,i7
s116,7,i2
s116,8,i1
s116,9,i1
s116,9,i103
s116,9,i2
s116,10,i15
s116,10,i75
s116,11,i33
s116,11,i9
s116,11,i93
s116,12,i1
s116,12,i10
s116,12,i28
s116,12,i4
s116,13,i15
s116,13,i64
s116,14,i13
s116,14,i29
s116,14,i52
s117,1,i11
s117,1,i19
s117,1,i5
s117,1,i82
s117,2,i108
s117,2,i13
s117,3,i2
s117,4,i2
s117,4,i25
s117,5,i109
s117,5,i65
s117,6,i1
s117,6,i2
s117,7,i10
s117,7,i7
s117,8,i10
s117,8,i31
s117,9,i17
s117,9,i20
s117,9,i21
s117,9,i5
s117,9,i7
s117,10,i22
s117,10,i8
s117,11,i108
s117,11,i92
s117,11,i99
s117,12,i28
s117,12,i4
s117,12,i81
s117,13,i41
s117,13,i55
s117,14,i18
s117,14,i34
s117,14,i41
s117,14,i82
s118,1,i5
s118,2,i21
s118,2,i3
s118,3,i1
s118,3,i2
s118,3,i67
s118,4,i110
s118,5,i23
s118,5,i5
s118,5,i85
s118,5,i97
s118,6,i38
s118,6,i9
s118,7,i4
s118,8,i1
s118,8,i10
s118,8,i41
s118,8,i74
s118,9,i108
s118,9,i4
s118,9,i56
s118,9,i9
s118,10,i22
s118,10,i5
s118,10,i64
s118,11,i1
s118,11,i104
s118,11,i46
s118,11,i9
s119,1,i18
s119,1,i38
s119,2,i2
s119,2,i63
s119,3,i1
s119,3,i5
s119,3,i61
s119,3,i63
s119,4,i2
s119,4,i3
s119,4,i5
s119,4,i53
s119,5,i1
s119,5,i2
s119,5,i31
s119,5,i4
s119,6,i1
s119,6,i47
s119,7,i23
s119,8,i12
s119,8,i19
s119,8,i26
s119,8,i73
s119,9,i7
s119,10,i1
s119,10,i66
s119,11,i11
s119,11,i35
s119,11,i6
s119,11,i7
s119,12,i1
s119,12,i2
s119,12,i27
s119,12,i4
s120,1,i17
s120,1,i74
s120,2,i36
s120,2,i4
s120,2,i7
s120,3,i1
s120,3,i15
s120,3,i61
s120,4,i2
s120,4,i3
s120,4,i89
s120,4,i9
s120,5,i19
s120,5,i54
s120,6,i9
s120,7,i60
s121,1,i10
s121,1,i115
s121,1,i2
s121,2,i1
s121,2,i2
s121,2,i44
s121,2,i5
s121,3,i34
s121,3,i5
s121,4,i9
s121,5,i1
s121,6,i1
s121,6,i15
s121,6,i54
s121,7,i1
s121,7,i5
s121,8,i2
s121,8,i21
s121,9,i1
s121,10,i2
s121,10,i6
s121,10,i99
s122,1,i1
s122,2,i16
s122,3,i1
s122,3,i2
s122,3,i45
s122,4,i68
s122,4,i89
s122,5,i10
s122,5,i103
s122,5,i6
s122,6,i15
s122,6,i47
s122,6,i8
s122,6,i9
s122,7,i1
s122,7,i2
s122,7,i37
s122,7,i47
s122,8,i1
s122,9,i110
s122,9,i23
s122,9,i4
s122,9,i5
s123,1,i1
s123,1,i12
s123,1,i2
s123,1,i65
s123,2,i1
s123,2,i32
s123,3,i1
s123,3,i10
s123,3,i2
s123,3,i30
s123,4,i43
s123,5,i1
s123,5,i110
s123,6,i1
s123,6,i4
s123,6,i40
s123,6,i64
s123,7,i46
s123,7,i55
s123,7,i97
s123,8,i11
s123,8,i115
s123,8,i13
s123,8,i15
s123,8,i2
s123,9,i1
s123,9,i2
s123,9,i26
s123,10,i14
s123,10,i2
s124,1,i25
s124,1,i5
s124,2,i13
s124,2,i2
s124,2,i30
s124,2,i53
s124,3,i1
s124,3,i17
s124,3,i57
s124,4,i1
s124,4,i11
s124,4,i68
s124,4,i76
s124,5,i1
s124,5,i10
s124,6,i10
s124,6,i2
s124,6,i20
s124,6,i21
s124,6,i78
s124,7,i1
s124,7,i13
s124,7,i22
s124,7,i30
s124,7,i32
s124,8,i12
s124,8,i14
s124,8,i69
s124,8,i8
s124,9,i1
s124,9,i111
s124,9,i25
s124,9,i5
s124,9,i6
s124,10,i1
s124,10,i43
s124,10,i6
s124,11,i117
s124,11,i7
s124,11,i9
s125,1,i2
s125,1,i73
s125,2,i1
s125,2,i30
s125,2,i9
s125,3,i114
s125,3,i21
s125,3,i35
s125,3,i4
s125,4,i1
s125,4,i13
s125,4,i34
s125,4,i5
s125,5,i14
s125,5,i24
s125,5,i48
s125,5,i6
s125,6,i1
s125,6,i109
s125,6,i2
s125,6,i27
s125,7,i1
s125,7,i4
s126,1,i39
s126,2,i16
s126,2,i19
s126,2,i4
s126,3,i29
s126,3,i5
s126,3,i54
s126,4,i3
s126,4,i30
s126,4,i5
s126,4,i9
s126,5,i26
s126,5,i76
s126,6,i20
s126,6,i3
s126,7,i27
s126,7,i4
s126,7,i57
s126,7,i68
s126,8,i16
s126,9,i3
s126,9,i44
s127,1,i27
s127,1,i70
s127,1,i86
s127,2,i28
s127,2,i3
s127,2,i61
s127,3,i1
s127,3,i2
s127,3,i3
s127,3,i54
s127,4,i1
s127,4,i10
s127,4,i19
s127,4,i2
s127,4,i28
s127,5,i18
s127,5,i20
s127,5,i21
s127,5,i4
s127,5,i53
s127,6,i105
s127,6,i22
s127,7,i1
s127,7,i30
s127,8,i23
s127,8,i31
s127,8,i72
s127,8,i83
s127,9,i32
s127,9,i33
s127,9,i78
s127,9,i8
s127,10,i20
s127,10,i3
s127,10,i34
s127,11,i15
s127,12,i1
s127,12,i14
s127,12,i23
s128,1,i2
s128,2,i1
s128,2,i16
s128,2,i71
s128,2,i9
s128,3,i5
s128,4,i105
s128,4,i76
s128,5,i12
s128,5,i5
s128,5,i7
s128,6,i65
s128,7,i34
s128,8,i3
s128,8,i7
s129,1,i70
s129,1,i8
s129,2,i5
s129,2,i88
s129,2,i92
s129,2,i95
s129,3,i3
s129,3,i79
s129,3,i88
s129,4,i1
s129,4,i4
s129,4,i51
s129,4,i53
s129,5,i2
s129,5,i6
s129,5,i89
s129,5,i9
s129,5,i91
s129,6,i14
s129,6,i23
s129,6,i6
s129,7,i1
s129,7,i11
s130,1,i10
s130,1,i8
s130,2,i1
s130,2,i20
s130,2,i21
s130,2,i3
s130,3,i22
s130,3,i34
s130,3,i67
s130,4,i11
s130,4,i2
s130,4,i22
s130,4,i74
s130,5,i2
s130,5,i55
s130,5,i75
s130,5,i9
s130,6,i1
s130,6,i2
s130,7,i109
s130,7,i3
s130,7,i36
s130,7,i85
s130,8,i1
s130,8,i25
s130,8,i4
s130,8,i5
s131,1,i13
s131,1,i49
s131,1,i62
s131,1,i92
s131,2,i2
s131,2,i71
s131,3,i10
s131,3,i44
s131,3,i7
s131,4,i118
s131,4,i4
s131,5,i1
s131,5,i110
s131,5,i2
s131,5,i53
s131,6,i11
s131,6,i2
s131,6,i33
s131,6,i7
s131,6,i85
s131,7,i110
s131,7,i3
s131,7,i8
s131,8,i1
s131,8,i3
s131,8,i42
s131,9,i12
s131,9,i6
s131,10,i1
s131,10,i7
s131,10,i8
s131,11,i107
s131,11,i5
s131,11,i7
s131,11,i8
s131,11,i9
s131,12,i14
s131,12,i4
s131,13,i1
s131,13,i16
s131,13,i2
s131,13,i5
s131,14,i109
s131,14,i14
s132,1,i10
s132,1,i2
s132,1,i42
s132,2,i18
s132,2,i90
s132,3,i1
s132,3,i2
s132,3,i3
s132,4,i1
s132,4,i10
s132,4,i118
s132,4,i92
s132,5,i1
s132,5,i11
s132,5,i2
s132,5,i39
s132,6,i14
s132,6,i2
s132,6,i73
s132,7,i19
s132,7,i3
s132,7,i30
s132,8,i16
s132,9,i1
s132,9,i14
s132,9,i3
s132,9,i89
s132,10,i33
s132,10,i8
s133,1,i1
s133,1,i11
s133,2,i1
s133,2,i102
s133,2,i11
s133,2,i22
s133,2,i30
s133,3,i103
s133,3,i31
s133,3,i41
s133,3,i42
s133,3,i5
s133,4,i32
s133,4,i33
s133,4,i55
s133,4,i71
s133,5,i34
s133,5,i43
s133,6,i1
s133,6,i3
s133,6,i49
s133,7,i51
s133,7,i68
s133,8,i102
s133,8,i2
s133,8,i28
s133,9,i23
s133,9,i42
s133,9,i84
s133,9,i90
s133,10,i63
s133,11,i10
s133,11,i23
s133,11,i4
s133,11,i8
s133,11,i9
s134,1,i109
s134,1,i28
s134,1,i32
s134,2,i1
s134,2,i12
s134,2,i16
s134,2,i28
s134,2,i55
s134,3,i1
s134,3,i2
s134,3,i83
s134,4,i1
s134,4,i4
s134,4,i9
s134,5,i12
s134,6,i21
s134,6,i43
s134,6,i48
s134,6,i6
s135,1,i1
s135,1,i37
s135,1,i5
s135,1,i9
s135,2,i106
s135,2,i2
s135,2,i25
s135,2,i30
s135,2,i4
s135,2,i74
s135,3,i1
s135,3,i16
s135,3,i31
s135,3,i74
s135,4,i11
s135,4,i29
s135,4,i32
s135,4,i33
s135,5,i25
s135,5,i34
s135,5,i5
s135,5,i58
s135,6,i1
s135,6,i2
s135,6,i56
s135,7,i3
s135,7,i70
s135,8,i10
s135,8,i26
s136,1,i1
s136,1,i2
s136,1,i36
s136,2,i1
s136,2,i11
s136,2,i3
s136,2,i4
s136,3,i1
s136,3,i26
s136,3,i38
s136,4,i18
s136,4,i22
s136,4,i4
s136,4,i42
s136,5,i15
s136,5,i40
s136,5,i84
s136,5,i94
s136,6,i16
s136,6,i38
s136,7,i18
s136,7,i28
s136,7,i4
s136,8,i13
s136,9,i10
s136,9,i11
s136,9,i2
s136,10,i3
s136,10,i6
s136,10,i85
s136,11,i1
s136,11,i104
s136,11,i38
s136,11,i4
s136,12,i54
s136,12,i55
s136,12,i66
s136,13,i1
s136,13,i13
s136,13,i2
s136,13,i34
s137,1,i1
s137,1,i3
s137,1,i5
s137,2,i2
s137,2,i32
s137,2,i70
s137,3,i3
s137,3,i6
s137,4,i118
s137,4,i13
s137,5,i49
s137,6,i69
s137,6,i74
s137,7,i37
s137,8,i105
s137,8,i110
s137,8,i46
s137,8,i55
s137,9,i1
s137,9,i61
s137,10,i73
s137,11,i37
s137,11,i41
s137,12,i1
s137,12,i28
s137,12,i41
s137,12,i6
s137,12,i67
s138,1,i3
s138,2,i2
s138,2,i4
s138,3,i2
s138,3,i31
s138,3,i45
s138,3,i7
s138,4,i10
s138,4,i2
s138,5,i101
s138,5,i15
s138,5,i33
s138,5,i98
s138,6,i39
s138,7,i1
s138,8,i10
s138,8,i8
s138,8,i90
s138,9,i1
s138,9,i83
s138,10,i36
s138,10,i78
s138,10,i9
s138,11,i1
s138,11,i4
s138,11,i85
s138,12,i10
s138,12,i36
s139,1,i5
s139,1,i51
s139,1,i79
s139,1,i8
s139,2,i17
s139,3,i15
s139,3,i17
s139,4,i15
s139,4,i2
s139,4,i46
s139,4,i54
s139,5,i3
s139,5,i40
s139,5,i49
s139,6,i41
s139,7,i1
s139,7,i26
s139,7,i6
s139,8,i11
s139,9,i11
s139,10,i4
s139,10,i6
s139,11,i15
s139,11,i38
s139,12,i15
s139,12,i2
s139,12,i50
s139,13,i1
s139,13,i38
s139,13,i62
s140,1,i10
s140,1,i7
s140,2,i119
s140,2,i21
s140,2,i27
s140,2,i74
s140,3,i14
s140,3,i2
s140,3,i41
s140,3,i9
s140,4,i1
s140,4,i37
s140,4,i71
s140,5,i1
s140,5,i19
s140,5,i2
s140,5,i68
s140,5,i90
s140,6,i1
s140,7,i16
s140,7,i5
s140,8,i13
s140,8,i22
s140,8,i5
s140,8,i53
s140,9,i95
s140,10,i13
s140,10,i3
s140,10,i6
s140,10,i60
s140,11,i9
s140,12,i12
s140,12,i39
s140,12,i51
s140,12,i82
s140,13,i11
s140,13,i14
s141,1,i55
s141,2,i1
s141,2,i6
s141,2,i8
s141,2,i82
s141,3,i28
s141,3,i37
s141,3,i42
s141,3,i72
s141,4,i1
s141,4,i19
s141,4,i25
s141,5,i103
s141,6,i1
s141,6,i14
s141,6,i16
s141,6,i30
s141,7,i3
s141,7,i37
s141,7,i52
s141,8,i1
s141,8,i16
s141,8,i22
s141,8,i5
s141,9,i1
s141,9,i6
s141,10,i1
s141,10,i112
s141,10,i7
s141,11,i1
s141,11,i2
s141,11,i3
s142,1,i24
s142,2,i38
s142,3,i5
s142,4,i3
s142,4,i4
s142,4,i82
s142,4,i97
s142,5,i13
s142,5,i45
s142,6,i4
s142,7,i1
s142,7,i18
s142,7,i27
s142,7,i87
s142,8,i3
s143,1,i10
s143,1,i14
s143,1,i17
s143,1,i51
s143,1,i67
s143,2,i17
s143,2,i51
s143,3,i1
s143,3,i104
s143,3,i25
s143,3,i58
s143,4,i1
s143,4,i94
s143,5,i6
s143,5,i65
s143,5,i7
s143,6,i1
s143,6,i19
s143,6,i43
s143,7,i120
s143,7,i36
s143,7,i40
s143,7,i62
s143,8,i103
s143,8,i24
s143,9,i112
s143,9,i27
s143,9,i37
s143,10,i11
s143,10,i23
s143,10,i35
s143,10,i6
s144,1,i1
s144,1,i18
s144,1,i2
s144,2,i1
s144,2,i17
s144,2,i29
s144,2,i47
s144,2,i52
s144,2,i7
s144,2,i8
s144,3,i32
s144,3,i58
s144,3,i6
s144,3,i62
s144,3,i9
s144,4,i10
s144,4,i58
s144,4,i65
s144,5,i11
s144,5,i20
s144,5,i21
s144,6,i1
s144,6,i22
s144,6,i33
s144,6,i43
s144,6,i46
s145,1,i4
s145,2,i1
s145,2,i114
s145,2,i7
s145,2,i8
s145,3,i73
s145,3,i9
s145,4,i2
s145,4,i32
s145,4,i43
s145,5,i1
s145,5,i4
s145,6,i41
s145,6,i76
s145,7,i117
s145,8,i1
s145,8,i33
s145,8,i77
s145,9,i69
s145,10,i12
s145,10,i33
s145,10,i4
s145,10,i7
s145,11,i1
s145,11,i89
s146,1,i111
s146,1,i3
s146,1,i9
s146,2,i1
s146,2,i5
s146,3,i13
s146,4,i12
s146,4,i3
s146,4,i65
s146,5,i60
s146,6,i50
s146,6,i97
s147,1,i1
s147,2,i35
s147,2,i51
s147,2,i56
s147,2,i79
s147,3,i5
s147,4,i1
s147,5,i25
s147,5,i72
s147,5,i8
s147,5,i9
s147,6,i11
s147,7,i25
s147,7,i6
s147,7,i76
s147,7,i95
s147,8,i1
s147,8,i15
s147,8,i21
s147,9,i1
s147,9,i84
s147,10,i10
s147,10,i40
s147,10,i9
s147,11,i1
s147,11,i50
s147,11,i51
s147,12,i15
s147,12,i21
s147,12,i29
s147,12,i52
s147,12,i6
s147,13,i2
s147,13,i5
s148,1,i3
s148,2,i2
s148,2,i9
s148,3,i52
s148,3,i6
s148,4,i105
s148,4,i20
s148,4,i23
s148,4,i5
s148,5,i1
s148,5,i5
s148,5,i75
s148,5,i86
s148,6,i10
s148,6,i27
s148,7,i101
s148,7,i20
s148,7,i21
s148,7,i25
s148,7,i3
s148,7,i42
s148,8,i1
s148,8,i116
s148,8,i2
s148,8,i22
s148,8,i3
s148,8,i7
s149,1,i110
s149,1,i4
s149,2,i30
s149,2,i39
s149,2,i78
s149,3,i1
s149,3,i2
s149,3,i31
s149,4,i1
s149,4,i32
s149,4,i33
s149,5,i29
s149,5,i3
s149,5,i34
s149,5,i6
s149,5,i78
s149,6,i30
s149,6,i57
s149,6,i97
s149,7,i1
s149,7,i2
s149,7,i76
s149,7,i91
s149,8,i16
s149,8,i35
s149,9,i1
s149,9,i111
s149,9,i17
s149,9,i24
s149,9,i3
s149,10,i1
s149,10,i5
s149,11,i107
s149,11,i68
s150,1,i14
s150,1,i15
s150,1,i28
s150,1,i45
s150,2,i13
s150,2,i16
s150,2,i38
s150,3,i21
s150,3,i3
s150,3,i4
s150,3,i8
s150,3,i89
s150,4,i11
s150,4,i3
s150,5,i20
s150,5,i7
s150,5,i79
s150,5,i95
s150,6,i4
s150,6,i45
s150,6,i7
s150,6,i8
s150,7,i12
s150,7,i21
s150,7,i9
s150,8,i10
s150,8,i11
s150,8,i14
s150,8,i7
s151,1,i14
s151,1,i4
s151,1,i83
s151,2,i52
s151,3,i1
s151,4,i32
s151,4,i6
s151,5,i2
s151,5,i23
s151,6,i1
s151,6,i5
s151,6,i60
s151,7,i1
s151,7,i46
s151,7,i60
s151,7,i98
s152,1,i3
s152,1,i40
s152,2,i11
s152,2,i40
s152,2,i49
s152,2,i5
s152,2,i53
s152,3,i11
s152,3,i19
s152,3,i3
s152,3,i7
s152,4,i42
s152,4,i5
s152,5,i34
s152,5,i6
s152,5,i9
s152,6,i1
s152,6,i5
s152,6,i52
s152,7,i111
s152,7,i118
s152,8,i1
s152,8,i112
s152,8,i16
s152,8,i2
s152,8,i8
s153,1,i1
s153,1,i18
s153,1,i34
s153,2,i1
s153,2,i2
s153,2,i8
s153,2,i86
s153,3,i1
s153,3,i30
s153,4,i5
s153,4,i86
s153,5,i1
s153,6,i8
s153,7,i1
s153,7,i3
s153,8,i2
s153,8,i20
s153,8,i5
s153,9,i1
s153,9,i2
s153,9,i4
s153,10,i16
s153,10,i86
s153,11,i1
s153,11,i11
s153,11,i28
s153,12,i36
s153,12,i38
s153,12,i4
s153,13,i2
s153,13,i9
s154,1,i1
s154,1,i36
s154,2,i3
s154,3,i17
s154,3,i31
s154,3,i40
s154,3,i77
s154,4,i50
s154,4,i51
s154,4,i85
s154,4,i9
s154,5,i1
s154,5,i118
s154,5,i52
s154,6,i1
s154,6,i2
s154,6,i3
s154,6,i9
s154,7,i1
s154,7,i44
s154,7,i69
s154,7,i7
s154,7,i8
s154,8,i44
s154,8,i5
s154,9,i1
s154,10,i1
s154,10,i2
s154,10,i60
s154,10,i65
s154,11,i1
s154,11,i2
s154,11,i43
s154,12,i32
s154,12,i6
s155,1,i64
s155,2,i8
s155,3,i22
s155,3,i7
s155,4,i7
s155,4,i92
s155,5,i1
s155,6,i1
s155,6,i33
s155,7,i54
s155,8,i1
s155,8,i40
s155,9,i25
s155,9,i26
s155,9,i5
s155,10,i1
s155,10,i3
s155,10,i6
s155,10,i8
s155,10,i96
s155,11,i1
s155,11,i3
s155,12,i1
s155,12,i29
s155,12,i7
s155,13,i116
s155,13,i14
s155,13,i48
s156,1,i103
s156,1,i112
s156,1,i23
s156,2,i27
s156,2,i6
s156,3,i1
s156,3,i111
s156,3,i31
s156,3,i86
s156,4,i21
s156,4,i27
s156,4,i3
s156,4,i7
s156,5,i1
s156,5,i3
s156,5,i46
s156,6,i1
s156,6,i25
s156,6,i46
s156,6,i7
s156,7,i28
s156,7,i7
s156,8,i28
s156,8,i4
s156,8,i43
s156,8,i5
s157,1,i3
s157,1,i41
s157,1,i45
s157,2,i17
s157,2,i85
s157,3,i35
s157,3,i55
s157,4,i1
s157,4,i15
s157,4,i2
s157,4,i26
s157,5,i1
s157,5,i117
s157,6,i1
s157,6,i22
s157,7,i1
s157,7,i3
s157,8,i2
s157,8,i9
s157,9,i11
s157,9,i27
s157,9,i4
s157,10,i1
s157,10,i109
s157,10,i2
s157,10,i8
s157,11,i1
s157,11,i47
s157,11,i54
s157,11,i60
s157,12,i46
s158,1,i11
s158,1,i4
s158,2,i13
s158,2,i19
s158,2,i38
s158,2,i6
s158,2,i88
s158,3,i1
s158,4,i13
s158,4,i91
s158,4,i96
s158,5,i115
s158,5,i5
s158,5,i7
s158,5,i78
s158,6,i7
s158,7,i103
s158,7,i47
s158,8,i13
s158,8,i15
s158,8,i34
s159,1,i1
s159,1,i3
s159,2,i35
s159,3,i2
s159,3,i23
s159,3,i98
s159,4,i1
s159,4,i49
s159,5,i15
s159,5,i21
s159,5,i8
s159,5,i83
s159,5,i9
s159,6,i107
s159,6,i3
s159,6,i30
s159,6,i5
s159,7,i42
s159,7,i45
s159,7,i91
s159,8,i27
s159,9,i3
s159,9,i4
s159,9,i58
s159,10,i1
s159,10,i13
s159,10,i2
s159,10,i49
s159,11,i16
s159,11,i2
s159,11,i29
s159,11,i41
s159,12,i2
s160,1,i2
s160,1,i45
s160,2,i4
s160,2,i83
s160,3,i4
s160,3,i73
s160,4,i1
s160,4,i3
s160,5,i1
s160,6,i10
s160,6,i31
s160,6,i7
s160,6,i8
s160,7,i1
s160,7,i20
s160,7,i21
s160,7,i9
s160,8,i22
s160,8,i7
s160,9,i12
s160,9,i6
s160,9,i93
s161,1,i110
s161,1,i24
s161,1,i57
s161,1,i73
s161,1,i74
s161,2,i2
s161,2,i23
s161,2,i40
s161,2,i79
s161,3,i100
s161,3,i3
s161,3,i45
s161,4,i1
s161,4,i15
s161,4,i27
s161,4,i30
s161,5,i1
s161,5,i7
s161,6,i13
s161,6,i3
s161,6,i33
s161,7,i6
s161,8,i115
s161,8,i42
s161,8,i70
s161,8,i84
s161,9,i38
s161,9,i73
s161,10,i1
s161,11,i115
s161,11,i119
s161,11,i63
s161,12,i102
s161,12,i13
s161,12,i17
s161,12,i3
s161,12,i98
s162,1,i1
s162,1,i118
s162,1,i5
s162,1,i92
s162,2,i12
s162,2,i3
s162,2,i4
s162,3,i31
s162,4,i1
s162,4,i35
s162,4,i74
s162,4,i93
s162,5,i28
s162,6,i10
s162,6,i106
s162,6,i29
s162,6,i52
s162,7,i1
s163,1,i1
s163,1,i5
s163,1,i7
s163,2,i1
s163,2,i17
s163,2,i67
s163,3,i30
s163,3,i49
s163,3,i55
s163,3,i94
s163,4,i1
s163,5,i2
s163,5,i64
s163,5,i97
s163,6,i2
s163,6,i4
s163,6,i44
s163,6,i67
s163,7,i23
s164,1,i119
s164,1,i12
s164,1,i37
s164,2,i1
s164,2,i106
s164,2,i39
s164,2,i4
s164,2,i57
s164,3,i1
s164,3,i36
s164,4,i40
s164,4,i69
s164,5,i117
s164,5,i18
s164,6,i116
s164,6,i16
s164,6,i46
s164,6,i8
s164,7,i18
s164,7,i36
s164,7,i5
s165,1,i11
s165,1,i2
s165,2,i29
s165,2,i3
s165,2,i56
s165,2,i82
s165,3,i20
s165,3,i33
s165,3,i40
s165,4,i10
s165,4,i113
s165,4,i7
s165,5,i1
s165,5,i20
s165,5,i21
s165,5,i91
s165,6,i1
s165,6,i22
s165,6,i98
s166,1,i1
s166,2,i102
s166,2,i29
s166,2,i34
s166,3,i50
s166,4,i1
s166,4,i13
s166,4,i29
s166,4,i4
s166,4,i7
s166,5,i1
s166,5,i20
s166,6,i1
s166,6,i22
s166,6,i35
s166,7,i1
s166,7,i38
s166,7,i5
s166,8,i36
s166,8,i8
s166,9,i1
s166,9,i17
s166,9,i60
s166,9,i64
s167,1,i2
s167,2,i1
s167,2,i11
s167,3,i1
s167,3,i10
s167,4,i1
s167,4,i20
s167,4,i21
s167,4,i3
s167,5,i112
s167,5,i22
s167,6,i106
s167,6,i111
s167,6,i2
s167,7,i5
s167,7,i98
s167,8,i10
s167,8,i20
s167,8,i30
s167,9,i15
s167,9,i23
s167,9,i34
s168,1,i23
s168,1,i3
s168,2,i41
s168,2,i9
s168,3,i3
s168,3,i7
s168,3,i8
s168,3,i84
s168,4,i2
s168,4,i26
s168,4,i96
s168,5,i1
s168,5,i19
s168,5,i2
s168,5,i38
s168,6,i10
s168,6,i2
s168,6,i3
s168,6,i9
s168,7,i105
s168,7,i20
s168,7,i21
s168,7,i3
s168,7,i4
s168,7,i5
s168,7,i7
s168,8,i1
s168,8,i22
s168,8,i27
s168,8,i6
s168,8,i7
s168,9,i1
s168,9,i4
s169,1,i1
s169,1,i20
s169,1,i4
s169,1,i6
s169,2,i81
s169,2,i99
s169,3,i2
s169,3,i32
s169,3,i53
s169,3,i56
s169,4,i1
s169,4,i12
s169,4,i15
s169,5,i19
s169,5,i27
s169,5,i4
s169,5,i89
s169,6,i33
s169,6,i9
s169,7,i115
s169,7,i14
s169,7,i4
s169,7,i55
s169,8,i5
s169,8,i70
s169,9,i1
s169,9,i27
s169,9,i49
s169,9,i66
s169,10,i2
s169,10,i43
s170,1,i105
s170,2,i12
s170,2,i15
s170,3,i8
s170,4,i38
s170,5,i100
s170,5,i3
s170,5,i43
s170,6,i23
s170,7,i2
s170,7,i6
s170,7,i7
s170,8,i9
s170,9,i108
s170,9,i33
s170,9,i6
s170,10,i4
s170,11,i20
s170,11,i3
s170,11,i42
s170,12,i103
s170,12,i15
s170,12,i7
s170,12,i8
s170,12,i92
s170,13,i1
s170,13,i67
s170,13,i80
s170,13,i9
s171,1,i1
s171,1,i13
s171,1,i50
s171,1,i51
s171,1,i6
s171,2,i30
s171,2,i48
s171,2,i52
s171,2,i87
s171,2,i9
s171,3,i3
s171,3,i31
s171,3,i5
s171,3,i8
s171,4,i17
s171,4,i32
s171,4,i33
s171,4,i4
s171,5,i10
s171,5,i2
s171,5,i34
s171,5,i6
s171,6,i1
s171,6,i4
s171,6,i9
s171,7,i2
s171,7,i83
s171,8,i1
s171,8,i13
s171,8,i14
s172,1,i1
s172,1,i10
s172,2,i20
s172,2,i21
s172,2,i48
s172,2,i50
s172,2,i51
s172,3,i1
s172,3,i10
s172,3,i22
s172,3,i52
s172,4,i13
s172,4,i15
s172,4,i3
s172,4,i47
s172,5,i1
s172,5,i4
s172,6,i10
s172,6,i31
s172,7,i36
s173,1,i1
s173,1,i116
s173,1,i9
s173,1,i92
s173,2,i72
s173,3,i112
s173,3,i3
s173,3,i36
s173,4,i15
s173,5,i1
s173,5,i7
s173,5,i97
s173,6,i1
s173,6,i5
s173,7,i12
s173,7,i2
s173,7,i3
s173,7,i85
s173,8,i1
s173,8,i5
s173,8,i7
s174,1,i43
s174,1,i50
s174,1,i7
s174,2,i1
s174,2,i21
s174,2,i3
s174,2,i4
s174,3,i1
s174,3,i30
s174,4,i10
s174,4,i2
s174,4,i31
s174,4,i97
s174,5,i12
s174,5,i32
s174,5,i33
s174,5,i47
s174,5,i5
s174,6,i1
s174,6,i2
s174,6,i34
s174,7,i46
s174,7,i67
s174,7,i80
s174,8,i1
s174,8,i11
s174,8,i2
s174,8,i39
s174,8,i81
s174,9,i13
s174,9,i3
s174,10,i2
s174,10,i4
s174,10,i5
s174,11,i102
s174,11,i109
s174,11,i4
s175,1,i19
s175,1,i20
s175,1,i23
s175,1,i3
s175,1,i8
s175,2,i76
s175,3,i14
s175,3,i39
s175,3,i4
s175,3,i68
s175,4,i1
s175,4,i18
s175,4,i2
s175,5,i27
s175,6,i4
s175,6,i53
s175,6,i92
s175,7,i116
s175,7,i28
s175,7,i3
s175,8,i5
s175,8,i77
s175,8,i99
s175,9,i24
s175,9,i9
s175,10,i26
s175,10,i6
s175,11,i108
s175,11,i17
s175,11,i2
s175,12,i40
s175,13,i18
s175,13,i27
s175,13,i73
s175,14,i2
s175,14,i5
s176,1,i10
s176,1,i41
s176,2,i1
s176,2,i2
s176,2,i83
s176,3,i13
s176,3,i2
s176,4,i1
s176,4,i2
s176,5,i1
s176,6,i1
s176,6,i16
s176,6,i40
s176,6,i57
s176,7,i1
s176,7,i62
s176,7,i7
s176,8,i1
s176,8,i26
s176,8,i3
s176,9,i53
s176,10,i1
s176,10,i2
s176,10,i68
s176,11,i12
s176,11,i3
s176,11,i5
s176,11,i59
s176,12,i1
s176,12,i26
s176,12,i4
s176,12,i61
s177,1,i1
s177,1,i3
s177,2,i2
s177,2,i29
s177,2,i3
s177,2,i76
s177,3,i13
s177,4,i1
s177,4,i102
s177,5,i1
s177,5,i89
s177,5,i90
s177,6,i16
s177,6,i2
s177,7,i2
s177,7,i31
s177,7,i5
s177,7,i59
s177,8,i4
s177,9,i1
s177,9,i38
s177,9,i58
s177,9,i94
s177,10,i10
s177,10,i2
s177,10,i50
s177,11,i1
s177,11,i40
s177,11,i5
s177,11,i59
s177,11,i9
s177,12,i2
s177,12,i7
s178,1,i1
s178,1,i2
s178,1,i90
s178,1,i98
s178,2,i13
s178,2,i17
s178,2,i3
s178,2,i38
s178,3,i118
s178,3,i3
s178,3,i36
s178,3,i4
s178,3,i5
s178,4,i7
s178,5,i1
s178,5,i89
s178,6,i2
s178,6,i4
s178,7,i1
s178,7,i2
s178,7,i3
s178,7,i62
s178,8,i1
s178,8,i7
s178,9,i1
s178,9,i21
s178,10,i1
s178,10,i7
s178,11,i2
s178,11,i43
s178,11,i44
s178,12,i10
s178,12,i12
s178,12,i40
s179,1,i1
s179,1,i63
s179,2,i14
s179,2,i18
s179,2,i62
s179,2,i7
s179,2,i8
s179,2,i89
s179,3,i1
s179,3,i4
s179,3,i7
s179,3,i9
s179,3,i93
s179,4,i1
s179,4,i8
s179,5,i59
s179,6,i29
s179,6,i7
s179,6,i8
s179,7,i1
s179,7,i2
s179,7,i23
s179,8,i1
s179,8,i3
s180,1,i1
s180,1,i27
s180,2,i19
s180,3,i1
s180,3,i5
s180,4,i103
s180,4,i14
s180,4,i45
s180,5,i1
s180,5,i109
s180,5,i36
s180,5,i40
s180,6,i14
s180,7,i21
s180,8,i11
s180,8,i4
s180,9,i101
s180,10,i29
s180,10,i57
s180,11,i118
s180,11,i14
s180,12,i1
s180,12,i11
s180,12,i4
s180,13,i1
s180,13,i3
s180,13,i33
s180,13,i38
s180,14,i103
s181,1,i2
s181,2,i14
s181,3,i2
s181,3,i94
s181,4,i1
s181,4,i30
s181,4,i38
s181,4,i6
s181,5,i10
s181,5,i111
s181,5,i31
s181,5,i47
s181,5,i91
s181,6,i1
s181,6,i32
s181,6,i33
s181,6,i70
s181,6,i8
s181,7,i10
s181,7,i15
s181,7,i34
s182,1,i25
s182,2,i1
s182,2,i19
s182,2,i36
s182,3,i1
s182,3,i2
s182,3,i8
s182,4,i6
s182,5,i1
s182,5,i104
s182,5,i2
s182,6,i119
s182,6,i2
s182,6,i5
s182,7,i1
s182,7,i11
s182,7,i17
s182,7,i3
s182,7,i99
s182,8,i115
s182,9,i95
s182,10,i1
s182,10,i111
s182,10,i3
s183,1,i1
s183,2,i11
s183,2,i74
s183,2,i9
s183,3,i1
s183,3,i2
s183,3,i81
s183,4,i2
s183,4,i6
s183,4,i9
s183,5,i10
s183,5,i106
s183,6,i19
s183,6,i2
s183,6,i61
s183,6,i80
s183,7,i115
s183,7,i5
s183,8,i1
s183,8,i81
s183,8,i94
s183,9,i1
s183,9,i108
s183,9,i8
s183,10,i115
s184,1,i1
s184,2,i17
s184,2,i50
s184,2,i51
s184,2,i7
s184,2,i9
s184,3,i2
s184,3,i3
s184,3,i33
s184,3,i52
s184,4,i1
s184,4,i30
s184,4,i58
s184,4,i81
s184,5,i31
s184,5,i36
s184,6,i32
s184,6,i33
s184,6,i6
s184,6,i62
s184,6,i9
s184,7,i1
s184,7,i10
s184,7,i2
s184,7,i22
s184,7,i34
s184,8,i10
s184,8,i34
s184,8,i66
s184,8,i7
s184,9,i118
s184,10,i1
s184,10,i93
s184,11,i14
s184,12,i27
s184,13,i31
s185,1,i6
s185,2,i36
s185,2,i43
s185,2,i60
s185,2,i7
s185,2,i9
s185,3,i14
s185,3,i4
s185,4,i54
s185,4,i65
s185,4,i9
s185,5,i1
s185,5,i53
s185,5,i65
s185,6,i103
s185,6,i117
s185,6,i6
s185,7,i2
s185,7,i28
s185,7,i55
s185,7,i62
s185,8,i8
s185,8,i96
s185,9,i1
s185,9,i10
s185,9,i15
s185,9,i84
s185,10,i26
s185,11,i1
s185,11,i2
s185,11,i5
s185,11,i64
s185,12,i26
s185,13,i25
s186,1,i11
s186,1,i43
s186,1,i50
s186,1,i51
s186,2,i2
s186,2,i29
s186,2,i3
s186,2,i52
s186,2,i65
s186,3,i30
s186,3,i4
s186,3,i49
s186,3,i94
s186,4,i1
s186,5,i1
s186,6,i1
s186,6,i13
s186,7,i1
s186,7,i13
s186,7,i8
s186,8,i3
s186,9,i11
s186,9,i2
s186,9,i27
s186,10,i26
s186,10,i30
s186,11,i110
s186,12,i1
s186,12,i118
s186,12,i15
s186,12,i23
s187,1,i3
s187,1,i7
s187,2,i5
s187,3,i13
s187,3,i4
s187,4,i12
s187,4,i29
s187,4,i37
s187,5,i15
s187,5,i2
s187,5,i8
s187,6,i1
s187,6,i105
s187,6,i54
s187,7,i101
s187,7,i54
s187,8,i25
s187,8,i44
s187,8,i59
s187,8,i9
s187,9,i2
s187,9,i6
s187,9,i60
s187,9,i82
s187,10,i103
s187,11,i106
s187,11,i28
s187,11,i4
s187,11,i61
s187,12,i1
s187,13,i1
s187,13,i30
s187,13,i53
s187,13,i6
s187,14,i1
s187,14,i5
s188,1,i19
s188,1,i8
s188,2,i1
s188,2,i4
s188,3,i1
s188,3,i2
s188,3,i20
s188,4,i2
s188,4,i3
s188,4,i5
s188,4,i56
s188,5,i1
s188,5,i2
s188,5,i4
s188,5,i5
s188,5,i9
s188,6,i1
s188,6,i3
s188,6,i51
s188,7,i86
s188,8,i1
s188,8,i12
s188,8,i16
s188,8,i6
s188,9,i4
s188,9,i40
s188,9,i45
s188,9,i8
s188,10,i1
s188,10,i13
s188,10,i5
s188,11,i1
s188,11,i107
s188,11,i67
s188,11,i7
s189,1,i3
s189,1,i40
s189,1,i71
s189,2,i1
s189,2,i17
s189,2,i59
s189,3,i4
s189,4,i1
s189,5,i24
s189,5,i5
s189,5,i58
s189,6,i21
s189,6,i5
s189,6,i91
s189,7,i45
s189,7,i79
s190,1,i15
s190,2,i110
s190,2,i30
s190,2,i41
s190,2,i5
s190,3,i38
s190,3,i48
s190,3,i6
s190,4,i30
s190,4,i42
s190,5,i1
s190,6,i1
s190,6,i3
s190,7,i13
s190,7,i6
s190,8,i11
s190,8,i14
s190,8,i47
s190,8,i5
s190,8,i50
s190,8,i51
s190,9,i3
s190,9,i52
s190,9,i7
s190,10,i2
s190,10,i51
s190,11,i100
s190,11,i34
s190,12,i2
s190,13,i3
s191,1,i1
s191,1,i18
s191,1,i30
s191,1,i6
s191,2,i1
s191,2,i14
s191,2,i28
s191,2,i31
s191,2,i4
s191,3,i2
s191,3,i32
s191,3,i33
s191,3,i4
s191,4,i1
s191,4,i3
s191,4,i34
s191,4,i81
s191,5,i16
s191,5,i3
s191,5,i4
s191,6,i1
s191,6,i42
s191,6,i76
s191,6,i8
s191,7,i2
s191,8,i1
s191,8,i14
s191,8,i42
s191,9,i2
s191,9,i34
s191,9,i43
s191,9,i68
s191,10,i1
s191,10,i2
s191,10,i82
s191,11,i1
s191,11,i110
s191,11,i47
s191,11,i77
s191,11,i9
s192,1,i1
s192,1,i12
s192,1,i33
s192,2,i1
s192,2,i16
s192,2,i2
s192,2,i64
s192,3,i13
s192,3,i56
s192,3,i6
s192,4,i11
s192,4,i3
s192,4,i30
s192,5,i38
s192,5,i50
s192,5,i80
s192,6,i1
s192,6,i34
s192,6,i41
s192,7,i2
s192,7,i30
s192,8,i20
s192,8,i35
s192,9,i2
s192,9,i44
s192,10,i106
s192,11,i115
s192,11,i2
s192,11,i75
s192,11,i86
s192,12,i118
s192,12,i8
s192,12,i9
s192,13,i21
s193,1,i1
s193,1,i19
s193,1,i53
s193,1,i54
s193,1,i6
s193,2,i12
s193,2,i2
s193,3,i4
s193,3,i5
s193,4,i11
s193,5,i1
s193,6,i1
s193,6,i2
s193,6,i6
s193,6,i63
s193,7,i101
s193,7,i38
s193,7,i41
s194,1,i12
s194,1,i3
s194,1,i6
s194,2,i1
s194,2,i107
s194,2,i4
s194,2,i9
s194,3,i10
s194,3,i2
s194,3,i75
s194,4,i18
s194,4,i2
s194,4,i33
s194,5,i4
s194,5,i5
s194,5,i92
s194,6,i7
s194,6,i75
s194,7,i16
s194,7,i35
s195,1,i104
s195,1,i11
s195,1,i12
s195,1,i6
s195,2,i10
s195,2,i103
s195,3,i20
s195,3,i21
s195,3,i24
s195,3,i5
s195,4,i1
s195,4,i17
s195,4,i19
s195,4,i22
s195,5,i1
s195,5,i11
s195,5,i31
s195,5,i47
s195,6,i1
s195,7,i4
s195,7,i6
s195,8,i1
s195,8,i21
s195,8,i34
s195,8,i72
s195,9,i36
s195,10,i2
s195,10,i27
s195,10,i81
s195,11,i56
s196,1,i1
s196,1,i3
s196,2,i13
s196,2,i3
s196,2,i5
s196,2,i8
s196,2,i91
s196,3,i33
s196,3,i60
s196,3,i70
s196,4,i1
s196,4,i2
s196,4,i44
s196,5,i12
s196,5,i4
s196,6,i4
s196,6,i55
s196,6,i7
s196,6,i8
s196,7,i1
s196,7,i2
s196,7,i4
s196,7,i8
s196,8,i28
s196,9,i1
s196,9,i105
s196,9,i12
s196,9,i85
s196,10,i1
s196,10,i14
s196,10,i2
s196,11,i37
s196,11,i6
s196,12,i2
s196,12,i29
s196,13,i11
s196,13,i2
s196,13,i70
s196,14,i1
s196,14,i65
s196,14,i90
s197,1,i1
s197,1,i102
s197,1,i5
s197,2,i1
s197,2,i3
s197,2,i41
s197,3,i112
s197,3,i12
s197,3,i47
s197,3,i94
s197,4,i1
s197,4,i76
s197,5,i1
s197,5,i24
s197,5,i46
s197,5,i67
s197,5,i9
s197,6,i10
s197,7,i90
s197,8,i116
s197,8,i2
s197,8,i20
s197,8,i7
s198,1,i2
s198,2,i1
s198,3,i2
s198,4,i6
s198,5,i10
s198,5,i6
s198,6,i14
s198,6,i2
s198,6,i20
s198,6,i21
s198,6,i3
s198,6,i62
s198,7,i10
s198,7,i22
s198,7,i55
s198,8,i15
s198,8,i20
s198,9,i1
s198,10,i1
s198,10,i4
s198,10,i60
s199,1,i68
s199,1,i93
s199,2,i17
s199,2,i21
s199,2,i25
s199,2,i80
s199,3,i1
s199,3,i29
s199,3,i9
s199,4,i2
s199,5,i30
s199,5,i76
s199,5,i91
s199,6,i56
s199,7,i6
s199,7,i9
s200,1,i1
s200,1,i30
s200,1,i4
s200,1,i99
s200,2,i10
s200,2,i31
s200,2,i5
s200,2,i68
s200,3,i32
s200,3,i33
s200,3,i51
s200,3,i93
s200,4,i16
s200,4,i34
s200,4,i70
s200,5,i18
s200,5,i48
s200,6,i10
s200,6,i9
s200,7,i6
s200,7,i88
s201,1,i1
s201,1,i2
s201,1,i58
s201,2,i5
s201,3,i1
s201,3,i120
s201,4,i30
s201,4,i96
s201,5,i14
s201,5,i42
s201,6,i10
s201,6,i5
s202,1,i1
s202,1,i17
s202,1,i5
s202,2,i110
s202,2,i2
s202,2,i25
s202,2,i37
s202,2,i4
s202,3,i18
s202,3,i40
s202,3,i5
s202,4,i1
s202,4,i3
s202,5,i1
s202,5,i101
s202,5,i4
s202,5,i64
s202,6,i1
s202,6,i4
s202,6,i62
s202,7,i1
s202,7,i10
s202,7,i3
s202,7,i7
s202,8,i1
s202,8,i16
s202,8,i30
s202,8,i47
s202,9,i57
s202,9,i85
s202,9,i90
s203,1,i45
s203,1,i51
s203,1,i72
s203,1,i92
s203,2,i101
s203,2,i117
s203,2,i4
s203,2,i93
s203,3,i10
s203,3,i15
s203,3,i19
s203,3,i2
s203,3,i20
s203,4,i1
s203,4,i20
s203,4,i21
s203,5,i1
s203,5,i17
s203,5,i22
s203,5,i3
s203,6,i1
s203,6,i3
s203,6,i4
s203,7,i1
s203,8,i1
s203,8,i10
s203,8,i64
s203,8,i67
s203,9,i106
s203,10,i21
s203,10,i81
s203,10,i9
s203,11,i10
s203,11,i101
s203,11,i4
s204,1,i3
s204,2,i33
s204,2,i71
s204,3,i18
s204,3,i7
s204,3,i8
s204,4,i1
s204,4,i110
s204,4,i66
s204,4,i9
s204,5,i23
s204,5,i30
s204,6,i1
s204,6,i14
s204,6,i31
s204,7,i32
s204,7,i33
s204,7,i5
s204,7,i7
s204,8,i1
s204,8,i34
s204,8,i4
s204,8,i9
s205,1,i22
s205,1,i4
s205,1,i7
s205,2,i24
s205,3,i21
s205,3,i7
s205,3,i96
s205,4,i1
s205,4,i120
s205,4,i7
s205,5,i120
s205,5,i19
s205,6,i1
s205,6,i17
s205,6,i55
s205,6,i76
s206,1,i2
s206,1,i20
s206,1,i5
s206,1,i86
s206,2,i109
s206,2,i3
s206,2,i5
s206,3,i41
s206,3,i6
s206,3,i7
s206,3,i76
s206,4,i11
s206,4,i23
s206,4,i29
s206,5,i3
s206,5,i91
s206,6,i23
s206,6,i54
s206,7,i1
s206,8,i20
s206,8,i26
s206,9,i1
s206,9,i4
s206,9,i75
s206,10,i1
s206,10,i10
s206,10,i43
s206,11,i2
s206,11,i30
s206,12,i18
s206,12,i31
s206,12,i6
s206,12,i8
s206,12,i84
s206,13,i32
s206,13,i33
s206,13,i6
s206,14,i118
s206,14,i22
s206,14,i25
s206,14,i34
s206,14,i42
s207,1,i12
s207,1,i2
s207,1,i4
s207,2,i2
s207,2,i22
s207,3,i10
s207,3,i14
s207,3,i21
s207,3,i7
s207,4,i3
s207,5,i19
s207,6,i101
s207,6,i4
s207,6,i46
s207,6,i7
s207,6,i98
s207,7,i10
s207,7,i4
s207,8,i1
s207,8,i4
s207,9,i2
s207,9,i3
s207,9,i4
s207,9,i96
s207,10,i91
s207,11,i1
s207,11,i18
s207,12,i1
s207,12,i83
s207,13,i1
s207,13,i2
s207,13,i63
s208,1,i1
s208,1,i15
s208,1,i4
s208,1,i63
s208,2,i10
s208,3,i1
s208,3,i2
s208,3,i4
s208,4,i2
s208,4,i3
s208,4,i44
s208,4,i56
s208,5,i15
s208,5,i26
s208,5,i4
s208,6,i1
s208,6,i80
s208,7,i19
s208,7,i2
s208,7,i64
s208,8,i3
s208,9,i32
s208,9,i4
s208,9,i58
s208,10,i100
s208,10,i2
s208,10,i4
s208,10,i75
s208,11,i1
s208,12,i1
s208,12,i37
s209,1,i13
s209,1,i2
s209,1,i30
s209,2,i31
s209,2,i75
s209,3,i17
s209,3,i22
s209,3,i3
s209,3,i4
s209,4,i11
s209,4,i3
s209,4,i9
s209,5,i12
s209,5,i35
s209,5,i5
s209,6,i13
s209,6,i49
s209,7,i1
s209,7,i23
s209,7,i34
s209,7,i4
s209,8,i1
s209,8,i4
s209,8,i49
s209,8,i5
s209,9,i1
s209,9,i13
s209,9,i4
s209,9,i9
s210,1,i11
s210,1,i3
s210,1,i75
s210,2,i99
s210,3,i1
s210,3,i100
s210,3,i17
s210,3,i7
s210,4,i18
s210,4,i48
s210,4,i86
s210,5,i17
s210,5,i2
s210,5,i7
s210,6,i2
s210,6,i4
s211,1,i1
s211,1,i96
s211,2,i14
s211,3,i2
s211,4,i26
s211,4,i34
s211,4,i45
s211,5,i1
s211,5,i29
s211,5,i4
s211,5,i43
s211,6,i1
s211,6,i17
s211,6,i21
s211,6,i43
s211,6,i89
s211,7,i2
s211,7,i23
s211,7,i5
s211,8,i10
s211,8,i5
s211,9,i20
s211,9,i21
s211,9,i4
s211,10,i10
s211,10,i22
s211,10,i3
s211,10,i7
s211,10,i8
s211,11,i14
s211,11,i16
s211,11,i3
s211,11,i85
s211,12,i100
s211,12,i11
s211,12,i38
s211,12,i47
s211,13,i8
s211,14,i1
s211,14,i12
s211,14,i26
s211,14,i5
s212,1,i2
s212,2,i1
s212,2,i16
s212,2,i47
s212,2,i65
s212,3,i2
s212,3,i5
s212,3,i6
s212,4,i19
s212,4,i3
s212,4,i4
s212,4,i74
s212,5,i29
s212,5,i37
s212,5,i5
s212,6,i30
s212,6,i89
s212,7,i10
s212,7,i31
s212,7,i7
s212,8,i1
s212,8,i15
s212,8,i20
s212,8,i21
s212,8,i32
s212,8,i33
s212,8,i73
s212,9,i1
s212,9,i22
s212,9,i34
s213,1,i10
s213,1,i4
s213,1,i8
s213,2,i16
s213,2,i24
s213,2,i7
s213,3,i34
s213,3,i4
s213,4,i11
s213,4,i15
s213,4,i3
s213,5,i2
s213,5,i38
s213,6,i1
s213,6,i2
s213,6,i9
s213,7,i1
s213,7,i2
s213,7,i36
s213,8,i1
s213,9,i1
s213,9,i27
s213,10,i26
s213,10,i4
s213,10,i92
s213,11,i21
s213,11,i25
s213,11,i5
s213,11,i8
s213,12,i1
s213,12,i2
s213,13,i1
s213,13,i19
s213,13,i2
s213,14,i22
s213,14,i4
s213,14,i49
s213,14,i5
s214,1,i2
s214,1,i51
s214,2,i7
s214,2,i8
s214,2,i92
s214,3,i2
s214,3,i75
s214,3,i9
s214,4,i2
s214,5,i1
s214,5,i14
s214,5,i31
s214,5,i5
s214,6,i37
s214,6,i49
s214,6,i6
s214,6,i65
s214,7,i77
s214,8,i63
s214,8,i98
s214,9,i13
s214,9,i19
s214,9,i34
s214,9,i53
s214,10,i2
s214,10,i29
s214,10,i69
s214,10,i72
s214,11,i19
s214,11,i3
s214,11,i41
s214,12,i2
s214,12,i7
s214,13,i2
s215,1,i1
s215,1,i14
s215,1,i4
s215,2,i119
s215,2,i20
s215,2,i37
s215,2,i4
s215,2,i8
s215,3,i71
s215,4,i12
s215,4,i13
s215,4,i45
s215,4,i75
s215,5,i7
s215,6,i2
s215,6,i37
s215,7,i30
s215,7,i9
s215,8,i10
s215,8,i31
s215,9,i1
s215,9,i113
s215,9,i17
s215,9,i24
s215,9,i32
s215,9,i33
s215,10,i34
s215,10,i6
s215,11,i115
s215,11,i2
s215,11,i82
s216,1,i2
s216,2,i1
s216,2,i2
s216,2,i41
s216,3,i24
s216,3,i3
s216,3,i34
s216,3,i9
s216,4,i4
s216,4,i5
s216,5,i6
s216,6,i19
s217,1,i48
s217,2,i11
s217,2,i27
s217,3,i33
s217,3,i5
s217,4,i42
s217,4,i44
s217,5,i2
s217,5,i37
s217,5,i5
s217,6,i2
s217,6,i4
s217,7,i13
s217,7,i35
s217,7,i4
s217,8,i16
s217,8,i49
s217,8,i62
s217,9,i1
s217,9,i64
s217,10,i10
s217,10,i118
s217,11,i14
s217,11,i3
s217,11,i36
s218,1,i1
s218,1,i12
s218,1,i4
s218,2,i12
s218,3,i1
s218,3,i30
s218,3,i5
s218,3,i83
s218,4,i2
s218,5,i1
s218,5,i28
s218,5,i87
s218,6,i10
s218,6,i18
s218,6,i25
s218,6,i45
s218,7,i12
s218,7,i3
s218,7,i40
s218,7,i41
s219,1,i1
s219,1,i3
s219,1,i92
s219,2,i9
s219,3,i2
s219,3,i22
s219,3,i5
s219,4,i100
s219,4,i19
s219,4,i30
s219,5,i108
s219,6,i1
s219,6,i11
s219,6,i55
s219,7,i2
s219,8,i2
s219,8,i3
s219,9,i1
s219,9,i2
s219,10,i31
s219,10,i36
s219,10,i63
s219,10,i87
s219,11,i8
s219,12,i5
s219,12,i8
s220,1,i108
s220,1,i16
s220,1,i31
s220,1,i6
s220,1,i78
s220,2,i48
s220,2,i7
s220,3,i24
s220,4,i2
s220,4,i28
s220,5,i1
s220,5,i5
s220,6,i4
s220,6,i9
s220,7,i1
s220,7,i103
s220,7,i2
s220,7,i9
s220,8,i12
s220,8,i34
s220,9,i29
s220,10,i14
s220,10,i2
s220,11,i1
s220,11,i29
s220,11,i31
s220,11,i9
s220,12,i23
s221,1,i1
s221,1,i108
s221,1,i38
s221,1,i66
s221,1,i9
s221,2,i1
s221,2,i73
s221,2,i99
s221,3,i2
s221,3,i40
s221,3,i58
s221,4,i12
s221,4,i73
s221,5,i3
s221,5,i34
s221,5,i7
s221,5,i79
s221,6,i1
s221,6,i4
s221,6,i48
s221,7,i1
s221,7,i22
s221,7,i27
s221,7,i5
s221,8,i16
s221,9,i1
s221,10,i10
s221,10,i109
s221,10,i34
s221,10,i4
s221,11,i1
s221,11,i24
s221,11,i5
s222,1,i15
s222,1,i27
s222,1,i40
s222,1,i6
s222,2,i1
s222,2,i100
s222,2,i29
s222,2,i3
s222,3,i10
s222,3,i106
s222,3,i118
s222,3,i20
s222,3,i54
s222,4,i1
s222,4,i20
s222,4,i21
s222,4,i35
s222,5,i10
s222,5,i22
s222,5,i47
s222,6,i32
s222,6,i4
s222,7,i33
s222,7,i4
s223,1,i110
s223,1,i23
s223,1,i3
s223,1,i5
s223,2,i1
s223,2,i2
s223,2,i24
s223,3,i21
s223,3,i27
s223,3,i3
s223,3,i5
s223,3,i8
s223,4,i4
s223,4,i5
s223,4,i6
s223,5,i14
s223,5,i16
s223,5,i2
s223,5,i69
s223,5,i8
s223,6,i1
s223,6,i107
s223,6,i26
s223,6,i68
s223,7,i1
s223,7,i16
s223,7,i44
s223,8,i11
s223,8,i12
s223,8,i2
s223,9,i19
s223,9,i48
s223,9,i9
s223,10,i13
s223,10,i18
s223,10,i3
s224,1,i1
s224,1,i3
s224,2,i114
s224,2,i48
s224,3,i10
s224,3,i3
s224,3,i4
s224,3,i6
s224,3,i83
s224,4,i20
s224,4,i21
s224,4,i31
s224,5,i14
s224,5,i16
s224,5,i22
s224,5,i3
s224,6,i2
s224,6,i4
s224,6,i74
s224,6,i91
s224,7,i16
s224,8,i1
s224,8,i21
s224,8,i29
s224,8,i33
s224,9,i2
s224,9,i25
s224,9,i27
s224,9,i9
s224,10,i23
s224,11,i5
s224,12,i1
s224,12,i101
s224,12,i23
s224,12,i33
s225,1,i12
s225,1,i3
s225,1,i40
s225,2,i4
s225,2,i5
s225,3,i11
s225,3,i20
s225,4,i109
s225,4,i116
s225,4,i14
s225,4,i23
s225,4,i54
s225,5,i3
s225,5,i74
s225,5,i85
s225,6,i1
s225,6,i32
s225,7,i1
s225,7,i4
s225,7,i71
s225,7,i9
s225,8,i38
s225,9,i10
s225,10,i4
s225,11,i7
s225,12,i1
s225,12,i10
s225,12,i2
s225,12,i4
s225,13,i40
s226,1,i28
s226,1,i3
s226,1,i54
s226,2,i11
s226,3,i46
s226,3,i6
s226,4,i19
s226,4,i36
s226,4,i52
s226,5,i2
s226,5,i4
s226,6,i19
s226,6,i38
s226,6,i5
s226,7,i10
s226,7,i12
s226,7,i4
s226,8,i2
s226,8,i4
s227,1,i2
s227,1,i21
s227,1,i7
s227,2,i109
s227,2,i12
s227,2,i28
s227,2,i82
s227,3,i16
s227,3,i7
s227,3,i91
s227,4,i1
s227,4,i2
s227,4,i81
s227,4,i99
s227,5,i2
s227,5,i24
s227,5,i3
s227,6,i29
s228,1,i26
s228,1,i43
s228,1,i50
s228,1,i51
s228,1,i7
s228,2,i104
s228,2,i14
s228,2,i4
s228,2,i52
s228,2,i7
s228,2,i8
s228,3,i108
s228,3,i19
s228,3,i9
s228,4,i3
s228,4,i54
s228,4,i95
s228,5,i112
s228,5,i3
s228,5,i39
s228,6,i1
s228,6,i18
s228,6,i2
s229,1,i21
s229,2,i5
s229,3,i10
s229,3,i12
s229,4,i17
s229,5,i1
s229,5,i10
s229,5,i5
s229,5,i84
s229,6,i2
s229,6,i24
s229,6,i50
s229,6,i56
s229,7,i3
s229,8,i13
s229,8,i14
s229,8,i2
s229,9,i16
s229,9,i4
s229,9,i6
s230,1,i111
s230,2,i1
s230,2,i14
s230,2,i15
s230,2,i47
s230,2,i80
s230,3,i1
s230,3,i6
s230,3,i71
s230,4,i1
s230,4,i2
s230,5,i14
s230,5,i16
s230,5,i5
s230,6,i2
s230,6,i20
s230,6,i48
s230,7,i102
s230,7,i24
s230,7,i68
s230,8,i29
s230,8,i4
s230,8,i51
s230,8,i53
s230,9,i5
s230,9,i63
s230,9,i7
s230,9,i94
s230,10,i11
s230,10,i8
s230,10,i9
s230,11,i1
s230,11,i2
s230,11,i28
s230,11,i9
s230,12,i1
s230,12,i3
s230,12,i37
s230,13,i1
s230,13,i63
s230,13,i9
s231,1,i10
s231,1,i25
s231,2,i3
s231,3,i101
s231,3,i22
s231,3,i97
s231,3,i99
s231,4,i13
s231,4,i34
s231,4,i4
s231,4,i85
s231,5,i1
s231,5,i17
s231,5,i6
s231,6,i1
s231,6,i2
s231,6,i45
s231,7,i20
s231,7,i22
s231,7,i61
s231,7,i74
s231,8,i20
s231,8,i3
s231,8,i4
s231,8,i47
s231,9,i2
s231,9,i34
s231,9,i49
s232,1,i10
s232,1,i12
s232,1,i78
s232,1,i84
s232,2,i108
s232,2,i2
s232,2,i4
s232,2,i7
s232,3,i2
s232,4,i1
s232,4,i13
s232,4,i16
s232,4,i8
s232,5,i1
s232,5,i10
s232,6,i13
s232,6,i20
s232,6,i53
s232,7,i19
s232,7,i30
s232,8,i16
s232,8,i31
s232,9,i20
s232,9,i32
s232,9,i33
s232,10,i34
s232,10,i45
s232,10,i48
s232,11,i118
s232,11,i12
s232,11,i5
s232,11,i79
s233,1,i1
s233,1,i20
s233,1,i62
s233,2,i2
s233,2,i21
s233,2,i48
s233,2,i69
s233,3,i20
s233,3,i49
s233,4,i2
s233,5,i1
s233,6,i51
s234,1,i117
s234,1,i2
s234,1,i30
s234,1,i92
s234,2,i3
s234,2,i95
s234,3,i75
s234,3,i98
s234,3,i99
s234,4,i10
s234,5,i11
s234,5,i7
s234,6,i107
s234,6,i22
s234,6,i49
s234,7,i2
s234,8,i118
s234,8,i43
s234,8,i6
s234,8,i9
s234,9,i55
s234,10,i1
s234,10,i14
s234,10,i98
s234,11,i6
s234,11,i70
s234,11,i8
s234,11,i98
s235,1,i1
s235,1,i120
s235,2,i1
s235,2,i105
s235,2,i41
s235,2,i75
s235,3,i2
s235,4,i1
s235,4,i35
s235,5,i1
s235,6,i2
s235,6,i7
s235,6,i9
s235,6,i95
s235,7,i43
s235,7,i57
s235,7,i76
s235,8,i2
s235,8,i52
s235,9,i26
s235,9,i4
s235,9,i5
s235,9,i85
s235,10,i1
s235,10,i12
s235,10,i42
s235,10,i8
s236,1,i1
s236,1,i2
s236,2,i107
s236,2,i9
s236,3,i113
s236,3,i17
s236,3,i2
s236,3,i69
s236,4,i5
s236,5,i1
s236,5,i29
s236,5,i7
s236,6,i12
s236,7,i1
s236,7,i15
s236,8,i1
s236,8,i3
s236,8,i50
s236,8,i51
s236,8,i8
s236,9,i3
s236,9,i52
s236,10,i109
s236,10,i31
s236,10,i5
s236,11,i1
s236,11,i47
s236,11,i9
s236,12,i44
s236,13,i54
s236,14,i2
s236,14,i54
s237,1,i108
s237,1,i2
s237,1,i73
s237,2,i11
s237,2,i4
s237,3,i15
s237,3,i29
s237,3,i6
s237,4,i3
s237,4,i57
s237,5,i15
s237,5,i30
s237,5,i31
s237,5,i6
s237,5,i7
s237,6,i106
s237,6,i3
s237,7,i1
s237,7,i38
s237,7,i62
s237,8,i1
s237,8,i10
s237,8,i114
s237,8,i72
s237,9,i15
s237,9,i2
s237,9,i60
s237,9,i78
s237,10,i2
s237,11,i16
s237,11,i19
s237,12,i119
s237,12,i2
s237,12,i35
s237,13,i27
s237,13,i70
s238,1,i100
s238,1,i103
s238,1,i4
s238,1,i70
s238,2,i12
s238,2,i2
s238,2,i3
s238,2,i80
s238,2,i96
s238,3,i22
s238,3,i3
s238,3,i42
s238,3,i46
s238,3,i50
s238,3,i51
s238,4,i2
s238,4,i52
s238,4,i60
s238,5,i2
s238,5,i8
s238,6,i3
s238,6,i6
s238,7,i2
s238,7,i40
s238,7,i8
s238,8,i2
s238,8,i3
s239,1,i49
s239,2,i30
s239,2,i43
s239,2,i5
s239,3,i2
s239,3,i39
s239,3,i45
s239,3,i76
s239,4,i7
s239,5,i26
s239,6,i35
s239,6,i75
s239,7,i1
s239,7,i119
s239,7,i3
s239,8,i13
s239,8,i3
s239,8,i68
s239,9,i27
s239,9,i4
s239,9,i72
s239,9,i9
s239,10,i27
s239,10,i5
s239,10,i84
s239,11,i1
s239,11,i113
s239,12,i21
s239,12,i3
s239,13,i1
s239,13,i37
s239,13,i51
s239,14,i1
s239,14,i23
s239,14,i31
s239,14,i64
s239,14,i73
s240,1,i1
s240,2,i21
s240,2,i23
s240,2,i37
s240,2,i7
s240,2,i8
s240,3,i50
s240,3,i51
s240,3,i6
s240,3,i9
s240,4,i16
s240,4,i20
s240,4,i52
s240,4,i58
s240,4,i96
s240,5,i1
s240,5,i19
s240,5,i31
s240,6,i4
s240,7,i41
s241,1,i5
s241,2,i19
s241,2,i2
s241,2,i48
s241,3,i14
s241,3,i43
s241,3,i45
s241,3,i51
s241,4,i6
s241,5,i5
s241,6,i27
s241,7,i2
s241,7,i27
s241,7,i46
s241,7,i69
s241,8,i46
s241,8,i56
s241,8,i81
s241,9,i1
s241,9,i2
s241,9,i5
s241,10,i17
s241,10,i46
s241,10,i8
s241,11,i1
s241,11,i38
s241,12,i2
s241,12,i6
s241,12,i68
s241,12,i8
s241,13,i108
s241,13,i24
s241,13,i5
s242,1,i31
s242,1,i4
s242,2,i3
s242,3,i2
s242,3,i4
s242,4,i18
s242,4,i19
s242,4,i64
s242,4,i9
s242,5,i112
s242,5,i26
s242,5,i44
s242,5,i79
s242,6,i4
s242,6,i56
s242,6,i7
s242,7,i5
s242,7,i6
s242,8,i5
s242,8,i62
s242,9,i1
s242,9,i88
s243,1,i1
s243,1,i3
s243,1,i61
s243,2,i12
s243,2,i20
s243,2,i25
s243,3,i1
s243,3,i119
s243,3,i22
s243,4,i81
s243,5,i1
s243,5,i6
s243,6,i20
s243,6,i41
s243,6,i99
s243,7,i10
s243,7,i2
s243,7,i47
s243,7,i8
s243,8,i17
s243,8,i32
s243,8,i5
s243,8,i7
s243,8,i8
s243,9,i17
s243,9,i2
s243,9,i24
s243,9,i33
s243,9,i5
s243,9,i9
s243,10,i1
s243,10,i21
s243,10,i50
s243,10,i9
s243,11,i3
s243,11,i41
s243,12,i1
s243,12,i64
s243,13,i6
s243,13,i8
s243,14,i12
s243,14,i5
s243,14,i56
s243,14,i67
s243,14,i7
s244,1,i2
s244,1,i4
s244,2,i6
s244,3,i1
s244,3,i113
s244,3,i23
s244,3,i7
s244,4,i1
s244,4,i114
s244,4,i5
s244,5,i1
s244,5,i10
s244,5,i19
s244,5,i84
s244,6,i2
s244,6,i20
s244,6,i21
s244,6,i25
s244,6,i3
s244,7,i1
s244,7,i2
s244,7,i22
s244,7,i33
s245,1,i1
s245,1,i103
s245,1,i17
s245,2,i1
s245,2,i33
s245,2,i94
s245,3,i14
s245,3,i82
s245,4,i18
s245,4,i30
s245,4,i92
s245,4,i95
s245,5,i1
s245,5,i104
s245,5,i3
s245,5,i31
s245,5,i98
s245,6,i2
s245,6,i32
s245,6,i33
s245,6,i6
s245,6,i8
s245,6,i88
s245,7,i29
s245,7,i34
s245,7,i67
s245,8,i2
s245,8,i28
s245,8,i4
s245,8,i46
s246,1,i13
s246,2,i19
s246,2,i24
s246,2,i5
s246,3,i16
s246,3,i36
s246,3,i49
s246,3,i99
s246,4,i20
s246,4,i44
s246,4,i5
s246,4,i80
s246,5,i16
s246,5,i5
s246,6,i17
s246,6,i6
s246,7,i16
s246,7,i2
s246,7,i42
s246,7,i7
s246,8,i1
s246,8,i100
s246,9,i1
s246,9,i2
s246,9,i3
s246,10,i1
s246,11,i3
s246,11,i91
s246,12,i114
s246,12,i115
s246,12,i61
s247,1,i2
s247,1,i3
s247,2,i33
s247,2,i38
s247,2,i5
s247,2,i83
s247,3,i1
s247,3,i61
s247,3,i9
s247,4,i13
s247,4,i59
s247,5,i1
s247,5,i34
s247,5,i48
s247,6,i13
s247,6,i5
s247,6,i83
s248,1,i4
s248,1,i69
s248,2,i100
s248,2,i18
s248,2,i61
s248,2,i77
s248,3,i1
s248,3,i15
s248,4,i3
s248,5,i1
s248,5,i10
s248,5,i35
s248,6,i10
s248,6,i2
s248,6,i22
s248,6,i94
s248,7,i1
s248,7,i40
s248,7,i48
s248,8,i100
s248,8,i6
s248,9,i1
s248,9,i11
s248,9,i83
s248,10,i14
s248,10,i26
s248,10,i3
s249,1,i1
s249,1,i105
s249,1,i16
s249,1,i18
s249,1,i3
s249,2,i1
s249,2,i15
s249,3,i25
s249,3,i94
s249,4,i1
s249,4,i2
s249,4,i33
s249,4,i83
s249,5,i3
s249,5,i58
s249,6,i4
s249,6,i5
s249,6,i70
s250,1,i34
s250,1,i50
s250,1,i51
s250,1,i8
s250,1,i86
s250,2,i11
s250,2,i115
s250,2,i24
s250,2,i52
s250,2,i6
s250,3,i11
s250,3,i76
s250,4,i107
s250,4,i2
s250,4,i27
s250,4,i30
s250,5,i1
s250,5,i31
s250,5,i7
s250,6,i1
s250,6,i32
s250,6,i33
s250,6,i9
s250,7,i1
s250,7,i115
s250,7,i34
s250,8,i9
s250,8,i97
s250,9,i10
s250,9,i5
s250,9,i7
s250,9,i8
s250,10,i3
s250,10,i38
s250,11,i18
s250,11,i47
s250,11,i83
s250,12,i1
s250,12,i2
s250,12,i3
s251,1,i18
s251,1,i2
s251,1,i7
s251,2,i1
s251,2,i97
s251,3,i10
s251,3,i4
s251,3,i44
s251,4,i20
s251,4,i21
s251,4,i28
s251,5,i12
s251,5,i22
s251,5,i9
s251,6,i13
s251,6,i47
s251,7,i32
s251,8,i1
s251,9,i6
s251,9,i93
s252,1,i25
s252,1,i5
s252,1,i84
s252,2,i1
s252,2,i36
s252,2,i4
s252,3,i1
s252,3,i2
s252,4,i113
s252,4,i12
s252,4,i18
s252,4,i2
s252,5,i10
s252,5,i110
s252,5,i31
s252,6,i2
s252,7,i115
s252,7,i12
s252,7,i21
s252,7,i48
s253,1,i108
s253,1,i19
s253,1,i80
s253,1,i99
s253,2,i2
s253,2,i78
s253,3,i1
s253,3,i32
s253,3,i7
s253,3,i8
s253,3,i88
s253,4,i104
s253,4,i5
s253,4,i9
s253,5,i6
s253,6,i1
s253,6,i2
s253,6,i80
s253,6,i9
s253,7,i113
s253,7,i15
s253,8,i13
s254,1,i118
s254,1,i30
s254,1,i4
s254,1,i6
s254,2,i1
s254,2,i111
s254,2,i18
s254,3,i12
s254,3,i5
s254,4,i1
s254,4,i32
s254,4,i35
s254,4,i6
s254,5,i39
s254,5,i6
s254,5,i8
s254,5,i97
s254,6,i1
s254,6,i11
s254,6,i32
s254,6,i4
s254,7,i1
s254,7,i2
s254,7,i47
s254,7,i71
s254,7,i81
s254,8,i1
s254,8,i3
s254,8,i55
s254,8,i7
s254,9,i1
s254,9,i4
s254,9,i5
s254,9,i71
s254,10,i2
s254,10,i25
s254,10,i73
s254,11,i2
s254,11,i24
s254,11,i26
s254,11,i31
s254,11,i5
s254,12,i2
s254,13,i1
s255,1,i12
s255,1,i2
s255,2,i12
s255,2,i41
s255,3,i10
s255,4,i2
s255,5,i2
s255,5,i36
s255,6,i3
s255,6,i46
s255,6,i8
s255,7,i14
s255,7,i23
s255,7,i4
s255,8,i16
s255,8,i29
s255,8,i42
s255,9,i1
s255,9,i2
s255,9,i4
s255,10,i25
s255,11,i32
s256,1,i21
s256,1,i7
s256,1,i88
s256,2,i20
s256,3,i11
s256,3,i13
s256,3,i43
s256,4,i120
s256,4,i2
s256,4,i21
s256,4,i5
s256,4,i6
s256,5,i5
s256,5,i54
s256,5,i76
s256,5,i98
s256,6,i11
s256,6,i2
s256,6,i45
s256,6,i9
s256,7,i2
s256,7,i7
s256,7,i73
s257,1,i2
s257,1,i22
s257,1,i8
s257,2,i2
s257,2,i4
s257,3,i102
s257,3,i5
s257,4,i2
s257,4,i23
s257,5,i1
s257,5,i107
s257,5,i2
s257,5,i99
s257,6,i101
s257,7,i13
s257,7,i15
s257,7,i2
s257,8,i1
s257,8,i2
s257,8,i26
s257,8,i5
s258,1,i16
s258,1,i6
s258,1,i7
s258,1,i8
s258,2,i108
s258,2,i11
s258,2,i7
s258,2,i9
s258,3,i3
s258,3,i34
s258,3,i86
s258,3,i98
s258,4,i1
s258,4,i18
s258,4,i20
s258,4,i5
s258,4,i52
s258,5,i20
s258,5,i51
s258,5,i86
s258,6,i3
s258,6,i58
s258,7,i5
s259,1,i11
s259,1,i41
s259,1,i8
s259,1,i83
s259,1,i99
s259,2,i4
s259,2,i53
s259,2,i67
s259,3,i12
s259,4,i5
s259,5,i102
s259,5,i13
s259,5,i19
s259,5,i51
s259,6,i28
s259,6,i61
s259,7,i4
s259,7,i78
s259,8,i3
s259,8,i36
s259,8,i7
s259,9,i1
s259,9,i2
s259,9,i4
s259,10,i1
s259,10,i12
s259,10,i2
s259,10,i86
s259,11,i22
s259,11,i4
s259,11,i46
s259,12,i2
s259,12,i23
s259,12,i4
s259,13,i1
s259,13,i102
s259,13,i50
s259,13,i51
s259,13,i73
s259,14,i10
s259,14,i2
s259,14,i52
s259,14,i63
s259,14,i7
s260,1,i1
s260,1,i46
s260,1,i5
s260,2,i1
s260,2,i14
s260,2,i91
s260,3,i3
s260,3,i96
s260,4,i45
s260,4,i6
s260,4,i9
s260,5,i16
s260,6,i1
s260,6,i18
s260,6,i3
s260,6,i35
s260,6,i47
s261,1,i1
s261,1,i28
s261,1,i33
s261,2,i1
s261,2,i12
s261,3,i102
s261,3,i2
s261,4,i1
s261,4,i31
s261,4,i46
s261,4,i48
s261,5,i1
s261,5,i18
s261,5,i22
s261,5,i3
s261,6,i6
s261,6,i77
s261,7,i2
s261,7,i26
s261,7,i50
s261,7,i51
s261,7,i8
s261,8,i4
s261,8,i52
s261,8,i7
s261,8,i8
s261,9,i4
s261,9,i5
s261,9,i6
s262,1,i1
s262,1,i8
s262,1,i94
s262,2,i2
s262,2,i20
s262,3,i59
s262,3,i78
s262,4,i28
s262,5,i1
s262,5,i3
s262,6,i3
s262,6,i8
s262,6,i99
s262,7,i13
s262,7,i19
s262,7,i2
s262,7,i23
s262,8,i1
s262,9,i70
s263,1,i1
s263,1,i19
s263,1,i2
s263,1,i7
s263,2,i108
s263,2,i43
s263,3,i1
s263,3,i49
s263,3,i9
s263,4,i11
s263,4,i2
s263,4,i93
s263,5,i1
s263,5,i27
s263,6,i76
s263,7,i1
s263,8,i12
s263,8,i36
s263,8,i4
s263,9,i3
s263,9,i8
s263,10,i14
s264,1,i30
s264,2,i2
s264,2,i37
s264,2,i39
s264,3,i105
s264,3,i2
s264,3,i34
s264,4,i74
s264,5,i19
s264,5,i36
s264,5,i38
s264,5,i53
s264,5,i7
s264,5,i8
s264,6,i11
s264,6,i22
s264,6,i7
s264,6,i9
s265,1,i27
s265,1,i5
s265,2,i113
s265,2,i2
s265,2,i48
s265,2,i7
s265,3,i1
s265,3,i104
s265,3,i32
s265,3,i9
s265,4,i6
s265,5,i6
s265,5,i79
s265,6,i17
s265,6,i23
s265,7,i20
s265,7,i68
s265,8,i61
s265,8,i8
s265,9,i116
s265,10,i20
s265,11,i33
s265,11,i43
s265,12,i1
s265,12,i18
s265,12,i41
s265,12,i54
s265,13,i27
s265,13,i3
s265,13,i45
s265,13,i6
s265,13,i9
s265,14,i2
s265,14,i35
s265,14,i39
s265,14,i45
s266,1,i1
s266,1,i100
s266,1,i2
s266,1,i3
s266,2,i1
s266,2,i17
s266,3,i1
s266,4,i2
s266,4,i3
s266,4,i30
s266,4,i50
s266,5,i31
s266,5,i9
s266,6,i1
s266,6,i22
s266,6,i32
s266,6,i33
s266,6,i6
s266,6,i7
s266,7,i111
s266,7,i22
s266,7,i27
s266,7,i33
s266,7,i34
s267,1,i9
s267,2,i100
s267,2,i118
s267,2,i34
s267,3,i1
s267,3,i3
s267,3,i46
s267,4,i11
s267,5,i12
s267,5,i23
s267,6,i1
s267,6,i3
s267,6,i9
s267,7,i95
s267,8,i11
s267,8,i35
s267,9,i15
s267,9,i3
s267,10,i4
s267,10,i83
s267,11,i107
s267,11,i13
s267,11,i34
s267,11,i9
s267,12,i1
s267,12,i50
s267,13,i1
s267,13,i49
s267,13,i6
s267,14,i10
s267,14,i2
s267,14,i3
s267,14,i36
s267,14,i86
s268,1,i10
s268,1,i14
s268,1,i37
s268,1,i54
s268,2,i1
s268,2,i12
s268,2,i27
s268,3,i1
s268,3,i31
s268,3,i76
s268,4,i2
s268,4,i75
s268,4,i85
s268,5,i10
s268,5,i31
s268,6,i108
s268,6,i12
s268,6,i18
s269,1,i2
s269,1,i3
s269,2,i1
s269,2,i52
s269,3,i30
s269,3,i5
s269,4,i12
s269,4,i31
s269,4,i55
s269,4,i71
s269,4,i89
s269,5,i18
s269,5,i2
s269,5,i26
s269,5,i3
s269,5,i32
s269,5,i33
s269,6,i15
s269,6,i2
s269,6,i34
s269,7,i12
s270,1,i1
s270,1,i45
s270,1,i8
s270,2,i1
s270,2,i32
s270,2,i8
s270,2,i93
s270,3,i1
s270,3,i44
s270,4,i2
s270,4,i23
s270,4,i28
s270,4,i46
s270,5,i1
s270,5,i10
s270,6,i37
s270,7,i7
s270,8,i115
s270,8,i29
s270,8,i6
s270,8,i64
s270,9,i12
s270,9,i13
s270,9,i69
s271,1,i1
s271,1,i12
s271,2,i1
s271,2,i16
s271,2,i24
s271,3,i22
s271,3,i3
s271,3,i75
s271,4,i19
s271,4,i6
s271,4,i85
s271,5,i15
s271,5,i4
s271,5,i9
s271,6,i48
s271,6,i49
s271,6,i79
s271,7,i2
s271,7,i34
s271,7,i38
s271,8,i21
s271,8,i40
s271,8,i55
s271,9,i27
s271,9,i3
s271,9,i53
s271,10,i57
s271,10,i78
s271,11,i13
s271,11,i17
s271,11,i19
s271,11,i23
s271,11,i30
s271,11,i4
s271,12,i1
s271,12,i18
s271,12,i31
s271,12,i7
s271,13,i2
s271,13,i32
s271,13,i33
s271,14,i11
s271,14,i116
s271,14,i21
s271,14,i34
s271,14,i4
s272,1,i12
s272,2,i2
s272,2,i47
s272,3,i1
s272,4,i1
s272,4,i43
s272,5,i80
s272,6,i1
s272,7,i3
s272,7,i4
s272,8,i21
s272,8,i3
s272,8,i6
s272,8,i92
s272,9,i106
s272,9,i2
s272,10,i102
s272,10,i43
s272,11,i1
s272,11,i3
s272,11,i57
s272,12,i11
s272,12,i2
s272,12,i3
s272,13,i1
s273,1,i1
s273,1,i3
s273,1,i38
s273,2,i1
s273,2,i45
s273,2,i48
s273,2,i68
s273,3,i1
s273,3,i10
s273,3,i6
s273,3,i75
s273,4,i23
s273,4,i36
s273,4,i64
s273,4,i7
s273,5,i2
s273,5,i3
s273,5,i6
s273,5,i8
s273,6,i7
s273,6,i75
s273,6,i82
s273,7,i1
s273,7,i28
s273,8,i8
s273,9,i1
s273,9,i10
s273,9,i9
s273,10,i119
s273,10,i3
s273,10,i7
s273,11,i21
s273,11,i3
s273,12,i112
s273,12,i66
s274,1,i1
s274,1,i35
s274,2,i11
s274,2,i4
s274,2,i70
s274,3,i3
s274,3,i5
s274,4,i25
s274,4,i74
s274,5,i12
s274,5,i4
s274,6,i3
s274,6,i38
s274,6,i57
s274,7,i49
s275,1,i50
s275,2,i2
s275,2,i40
s275,2,i93
s275,3,i4
s275,3,i5
s275,4,i14
s275,5,i1
s275,5,i2
s275,6,i1
s275,6,i20
s275,6,i3
s275,6,i4
s275,7,i113
s275,7,i2
s275,7,i23
s275,8,i1
s275,8,i11
s275,9,i12
s275,9,i18
s275,9,i40
s275,9,i79
s275,10,i20
s275,10,i52
s275,10,i64
s275,11,i14
s275,11,i16
s275,11,i8
s275,12,i3
s275,13,i1
s275,13,i65
s275,13,i84
s275,14,i10
s275,14,i2
s275,14,i5
s275,14,i7
s276,1,i29
s276,1,i44
s276,1,i53
s276,1,i72
s276,2,i2
s276,2,i83
s276,3,i12
s276,3,i13
s276,4,i1
s276,4,i104
s276,4,i2
s276,4,i3
s276,5,i12
s276,5,i4
s276,6,i1
s276,6,i10
s276,6,i4
s276,6,i74
s276,6,i78
s276,7,i1
s276,7,i112
s276,7,i20
s276,7,i21
s276,7,i67
s276,8,i117
s276,8,i2
s276,8,i22
s276,8,i38
s276,8,i90
s277,1,i1
s277,1,i55
s277,1,i8
s277,2,i1
s277,2,i10
s277,2,i15
s277,2,i4
s277,3,i10
s277,3,i15
s277,3,i18
s277,3,i31
s277,4,i120
s277,4,i61
s277,5,i10
s277,5,i30
s277,5,i40
s277,6,i2
s277,6,i47
s277,7,i1
s277,7,i5
s277,7,i8
s277,8,i2
s277,8,i9
s277,9,i19
s277,9,i9
s277,10,i1
s277,11,i3
s277,11,i40
s277,11,i52
s277,12,i11
s277,12,i13
s277,12,i91
s277,13,i112
s277,13,i25
s277,13,i68
s277,14,i18
s277,14,i20
s277,14,i83
s278,1,i31
s278,1,i64
s278,2,i3
s278,2,i50
s278,2,i57
s278,3,i13
s278,3,i14
s278,3,i5
s278,4,i1
s278,4,i22
s278,4,i4
s278,4,i55
s278,5,i3
s278,5,i66
s278,6,i14
s278,6,i35
s278,6,i84
s278,6,i91
s278,7,i1
s278,7,i2
s278,7,i5
s278,7,i9
s278,8,i50
s278,9,i10
s278,10,i111
s278,10,i9
s278,11,i1
s278,11,i3
s278,11,i76
s279,1,i10
s279,1,i3
s279,1,i56
s279,2,i1
s279,2,i22
s279,2,i42
s279,2,i68
s279,3,i108
s279,3,i13
s279,3,i17
s279,4,i1
s279,4,i117
s279,4,i2
s279,5,i33
s279,5,i36
s279,5,i50
s279,5,i51
s279,5,i88
s279,6,i1
s279,6,i52
s279,7,i1
s279,7,i119
s279,8,i53
s279,8,i81
s279,9,i1
s279,9,i16
s279,9,i22
s279,9,i24
s280,1,i14
s280,2,i1
s280,2,i31
s280,2,i68
s280,3,i15
s280,3,i37
s280,3,i4
s280,3,i6
s280,4,i54
s280,4,i67
s280,5,i1
s280,5,i2
s280,5,i3
s280,6,i2
s280,7,i1
s280,7,i2
s280,8,i10
s280,8,i21
s280,8,i28
s280,8,i39
s281,1,i12
s281,1,i2
s281,1,i3
s281,1,i95
s281,2,i1
s281,2,i6
s281,3,i11
s281,3,i58
s281,3,i8
s281,4,i11
s281,4,i44
s281,4,i59
s281,5,i103
s281,5,i45
s281,5,i73
s281,6,i102
s281,6,i9
s281,7,i2
s281,7,i3
s281,7,i77
s281,8,i39
s281,8,i85
s281,8,i9
s281,9,i13
s281,9,i38
s281,9,i55
s281,9,i7
s281,10,i3
s281,10,i6
s281,11,i118
s281,11,i16
s281,11,i79
s281,12,i10
s281,12,i100
s281,13,i105
s281,13,i119
s281,13,i22
s281,13,i4
s281,14,i26
s281,14,i6
s281,14,i8
s282,1,i24
s282,1,i3
s282,1,i5
s282,1,i87
s282,2,i4
s282,2,i59
s282,2,i68
s282,2,i80
s282,3,i1
s282,3,i3
s282,3,i8
s282,4,i1
s282,4,i3
s282,5,i1
s282,5,i41
s282,5,i48
s282,5,i73
s282,6,i14
s282,7,i51
s282,7,i69
s282,7,i91
s282,8,i1
s282,8,i2
s282,8,i29
s282,9,i1
s282,9,i28
s282,9,i44
s282,9,i99
s282,10,i2
s282,10,i4
s282,10,i9
s282,11,i48
s282,11,i7
s282,12,i1
s283,1,i50
s283,2,i1
s283,2,i106
s283,2,i11
s283,2,i48
s283,3,i13
s283,3,i15
s283,3,i24
s283,3,i52
s283,4,i6
s283,5,i17
s283,5,i3
s283,5,i87
s283,6,i117
s283,6,i6
s283,7,i12
s283,7,i91
s283,8,i6
s283,9,i1
s283,9,i15
s283,9,i27
s283,9,i3
s283,9,i58
s284,1,i63
s284,1,i94
s284,2,i1
s284,2,i2
s284,2,i28
s284,2,i8
s284,3,i20
s284,3,i31
s284,4,i28
s284,4,i64
s284,4,i9
s284,5,i1
s284,5,i19
s284,5,i2
s284,5,i22
s284,5,i66
s284,6,i1
s284,6,i18
s284,6,i47
s284,7,i1
s284,7,i17
s284,7,i3
s284,7,i9
s285,1,i120
s285,1,i4
s285,1,i59
s285,2,i110
s285,3,i1
s285,3,i112
s285,3,i5
s285,4,i73
s285,5,i4
s285,5,i7
s285,6,i1
s285,6,i20
s285,6,i5
s285,7,i3
s285,8,i58
s286,1,i1
s286,1,i30
s286,1,i84
s286,2,i5
s286,3,i30
s286,4,i2
s286,4,i98
s286,5,i1
s286,6,i1
s286,6,i2
s286,6,i57
s286,6,i8
s286,7,i1
s286,7,i2
s286,8,i26
s286,8,i3
s286,9,i103
s286,9,i2
s286,10,i1
s286,10,i116
s286,11,i20
s286,11,i41
s286,11,i65
s286,12,i1
s286,12,i3
s286,13,i109
s286,13,i4
s286,13,i61
s286,14,i3
s286,14,i4
s286,14,i69
s286,14,i86
s286,14,i9
s287,1,i111
s287,2,i35
s287,2,i44
s287,3,i107
s287,4,i3
s287,4,i7
s287,4,i8
s287,5,i41
s287,5,i9
s287,6,i1
s287,6,i106
s287,6,i4
s287,7,i1
s287,7,i39
s287,7,i62
s287,8,i11
s287,8,i2
s287,9,i73
s287,10,i15
s287,10,i30
s287,10,i4
s287,10,i7
s287,11,i3
s287,11,i6
s287,12,i100
s287,12,i13
s287,13,i1
s287,13,i11
s288,1,i4
s288,1,i77
s288,2,i1
s288,2,i12
s288,2,i47
s288,2,i48
s288,3,i11
s288,3,i28
s288,3,i34
s288,4,i10
s288,4,i105
s288,4,i13
s288,4,i4
s288,4,i51
s288,5,i115
s288,5,i18
s288,5,i28
s288,5,i4
s288,5,i7
s288,6,i15
s288,6,i34
s288,6,i4
s288,7,i1
s288,7,i19
s288,7,i44
s288,8,i3
s288,8,i82
s288,9,i103
s288,9,i111
s288,9,i26
s288,10,i48
s288,10,i49
s288,10,i9
s288,11,i1
s288,11,i2
s288,11,i47
s288,11,i5
s288,12,i21
s288,12,i26
s288,12,i31
s289,1,i7
s289,2,i5
s289,2,i70
s289,3,i13
s289,3,i16
s289,4,i34
s289,4,i81
s289,5,i1
s289,5,i9
s289,6,i1
s289,7,i1
s289,7,i3
s289,7,i39
s289,7,i7
s289,8,i1
s289,8,i11
s289,8,i21
s289,8,i4
s289,9,i1
s289,9,i24
s289,9,i90
s289,10,i1
s289,10,i34
s289,11,i91
s290,1,i1
s290,1,i14
s290,1,i3
s290,2,i9
s290,3,i18
s290,3,i2
s290,3,i45
s290,4,i31
s290,4,i60
s290,5,i3
s290,5,i41
s290,5,i42
s290,6,i1
s290,6,i4
s290,7,i1
s290,7,i40
s290,8,i26
s290,8,i5
s290,8,i76
s290,9,i34
s290,9,i63
s290,9,i7
s290,10,i16
s290,10,i7
s290,11,i1
s290,11,i2
s290,11,i3
s290,11,i47
s290,12,i15
s290,12,i4
s291,1,i119
s291,1,i16
s291,1,i19
s291,1,i2
s291,2,i10
s291,2,i2
s291,2,i5
s291,2,i64
s291,3,i2
s291,4,i1
s291,4,i35
s291,4,i75
s291,4,i92
s291,5,i16
s291,5,i42
s291,6,i2
s291,6,i29
s291,6,i38
s291,6,i59
s291,6,i8
s291,7,i3
s291,7,i55
s291,7,i70
s291,8,i3
s291,9,i1
s291,9,i16
s291,9,i4
s291,10,i1
s291,10,i13
s291,11,i3
s291,11,i56
s292,1,i9
s292,2,i42
s292,3,i117
s292,3,i33
s292,4,i48
s292,5,i71
s292,6,i5
s292,7,i1
s292,7,i101
s292,8,i10
s292,9,i1
s292,9,i107
s292,9,i2
s292,9,i26
s292,10,i32
s292,10,i5
s292,10,i54
s292,11,i1
s292,11,i4
s292,11,i45
s292,12,i16
s292,12,i2
s292,12,i4
s292,12,i48
s292,13,i14
s292,13,i5
s292,13,i52
s293,1,i1
s293,1,i30
s293,2,i27
s293,2,i40
s293,2,i7
s293,3,i16
s293,3,i19
s293,3,i8
s293,4,i15
s293,4,i55
s293,5,i30
s293,5,i60
s293,5,i7
s293,6,i1
s293,6,i12
s293,6,i18
s293,6,i41
s293,7,i69
s293,7,i9
s293,8,i1
s293,8,i25
s293,8,i52
s293,9,i1
s293,9,i10
s293,10,i20
s293,10,i21
s293,10,i72
s293,11,i22
s293,11,i79
s293,12,i4
s293,13,i12
s293,13,i18
s294,1,i1
s294,1,i2
s294,1,i35
s294,1,i4
s294,2,i15
s294,2,i28
s294,2,i40
s294,3,i2
s294,3,i3
s294,3,i8
s294,4,i40
s294,4,i7
s294,5,i1
s294,5,i104
s294,5,i7
s294,5,i8
s294,6,i113
s294,6,i4
s294,6,i50
s294,6,i51
s294,6,i60
s294,6,i74
s294,6,i9
s294,7,i4
s294,7,i52
s294,7,i7
s294,7,i98
s295,1,i2
s295,1,i41
s295,1,i72
s295,2,i4
s295,2,i7
s295,2,i9
s295,3,i49
s295,4,i15
s295,4,i3
s295,4,i35
s295,5,i109
s295,5,i12
s295,5,i6
s295,6,i32
s295,7,i1
s295,7,i34
s295,7,i68
s295,8,i3
s295,8,i48
s296,1,i1
s296,1,i41
s296,1,i77
s296,2,i1
s296,3,i16
s296,3,i17
s296,3,i30
s296,3,i39
s296,3,i52
s296,4,i1
s296,4,i3
s296,4,i31
s296,5,i3
s296,5,i32
s296,5,i33
s296,5,i5
s296,5,i8
s296,6,i34
s296,6,i40
s296,7,i11
s296,7,i46
s296,7,i5
s296,7,i8
s296,8,i1
s296,8,i16
s296,8,i39
s296,8,i50
s296,9,i1
s296,9,i119
s296,9,i60
s296,10,i1
s296,10,i22
s296,10,i91
s297,1,i104
s297,2,i77
s297,3,i1
s297,3,i2
s297,3,i53
s297,3,i7
s297,4,i57
s297,5,i1
s297,5,i3
s297,5,i4
s297,6,i21
s297,6,i46
s297,6,i64
s297,7,i2
s297,7,i59
s297,8,i1
s297,8,i11
s297,9,i1
s297,9,i3
s297,9,i44
s297,10,i15
s297,10,i8
s298,1,i10
s298,1,i3
s298,1,i95
s298,2,i15
s298,2,i44
s298,3,i1
s298,3,i10
s298,3,i2
s298,3,i51
s298,4,i20
s298,4,i21
s298,4,i7
s298,4,i8
s298,5,i22
s298,5,i8
s298,6,i5
s299,1,i1
s299,1,i10
s299,1,i18
s299,2,i13
s299,3,i2
s299,3,i28
s299,3,i3
s299,3,i47
s299,4,i1
s299,4,i105
s299,4,i4
s299,5,i50
s299,5,i51
s299,5,i54
s299,6,i3
s299,6,i52
s299,6,i6
s299,7,i3
s299,7,i30
s299,7,i8
s299,8,i1
s299,8,i31
s299,9,i1
s299,9,i14
s299,9,i32
s299,9,i33
s299,9,i34
s299,9,i60
s299,10,i34
s299,10,i56
s299,11,i38
s299,11,i94
s300,1,i1
s300,1,i16
s300,1,i2
s300,1,i51
s300,2,i19
s300,2,i2
s300,3,i20
s300,3,i53
s300,3,i69
s300,4,i1
s300,4,i65
s300,5,i2
s300,5,i4
s300,6,i1
s300,6,i104
s300,6,i19
s300,6,i25
s300,7,i1
s300,7,i8
s300,8,i28
s300,8,i3
s300,9,i15
s300,9,i3
s300,10,i15
s300,10,i29
s300,10,i82
s300,11,i30
s300,11,i64
s300,12,i31
s300,12,i82
s300,13,i113
s300,13,i32
s300,13,i33
s300,14,i18
s300,14,i2
s300,14,i34
s300,14,i6
s300,14,i67
s301,1,i51
s301,2,i26
s301,2,i3
s301,2,i6
s301,2,i90
s301,3,i1
s301,3,i48
s301,3,i62
s301,3,i77
s301,4,i112
s301,4,i20
s301,4,i45
s301,5,i21
s301,5,i50
s301,5,i8
s301,6,i4
s301,6,i68
s301,6,i82
s301,7,i12
s301,7,i3
s301,7,i68
s301,8,i112
s301,8,i120
s301,8,i23
s301,8,i8
s301,8,i85
s301,9,i1
s301,9,i14
s301,9,i31
s301,9,i58
s301,10,i1
s301,10,i16
s302,1,i4
s302,2,i1
s302,2,i2
s302,2,i9
s302,3,i100
s302,3,i74
s302,4,i1
s302,4,i7
s302,5,i1
s302,5,i10
s302,5,i14
s302,6,i1
s302,6,i7
s302,6,i8
s302,6,i97
s302,7,i1
s302,7,i2
s302,7,i47
s302,7,i55
s302,7,i9
s302,8,i40
s302,8,i61
s302,8,i90
s302,9,i48
s302,10,i108
s302,10,i11
s302,10,i32
s302,10,i4
s302,10,i95
s303,1,i104
s303,1,i17
s303,1,i6
s303,2,i12
s303,3,i1
s303,3,i33
s303,3,i7
s303,4,i3
s303,4,i45
s303,5,i14
s303,5,i2
s303,5,i20
s303,6,i2
s303,7,i20
s303,7,i22
s303,7,i40
s303,7,i5
s303,8,i2
s304,1,i118
s304,1,i2
s304,1,i3
s304,1,i4
s304,2,i8
s304,3,i43
s304,3,i84
s304,4,i1
s304,4,i87
s304,5,i76
s304,6,i1
s304,6,i2
s304,7,i13
s304,7,i17
s304,7,i2
s304,7,i42
s305,1,i15
s305,1,i3
s305,1,i60
s305,1,i72
s305,2,i20
s305,2,i6
s305,2,i9
s305,3,i13
s305,4,i1
s305,4,i12
s305,4,i71
s305,4,i8
s305,4,i92
s305,5,i2
s305,5,i3
s305,5,i51
s305,5,i8
s305,6,i2
s305,6,i47
s305,6,i7
s305,7,i2
s305,7,i26
s305,8,i1
s305,8,i8
s305,9,i1
s305,9,i116
s305,9,i6
s306,1,i16
s306,1,i41
s306,2,i1
s306,2,i20
s306,3,i102
s306,3,i107
s306,3,i18
s306,3,i46
s306,4,i17
s306,4,i25
s306,4,i3
s306,5,i101
s306,5,i89
s306,6,i100
s306,6,i35
s306,6,i55
s306,7,i110
s306,7,i14
s306,7,i22
s306,7,i35
s306,8,i23
s306,8,i5
s306,9,i28
s306,10,i105
s306,10,i14
s306,10,i26
s306,10,i29
s306,10,i45
s306,11,i6
s306,11,i81
s306,12,i109
s306,12,i11
s306,12,i12
s306,12,i17
s306,12,i94
s307,1,i105
s307,1,i26
s307,2,i14
s307,2,i16
s307,2,i2
s307,2,i7
s307,3,i14
s307,3,i2
s307,3,i39
s307,3,i63
s307,4,i13
s307,4,i45
s307,5,i1
s307,5,i28
s307,5,i33
s307,6,i35
s307,6,i7
s307,7,i41
s307,7,i46
s307,7,i8
s307,8,i1
s307,8,i20
s307,8,i4
s307,9,i2
s307,9,i4
s307,9,i68
s307,10,i2
s307,10,i22
s307,10,i59
s307,10,i6
s307,11,i2
s307,11,i27
s307,12,i3
s307,12,i53
s307,12,i62
s308,1,i33
s308,1,i4
s308,1,i8
s308,2,i16
s308,2,i6
s308,3,i107
s308,3,i2
s308,3,i8
s308,3,i98
s308,4,i3
s308,4,i73
s308,5,i1
s308,5,i38
s308,5,i70
s308,5,i96
s308,6,i101
s308,6,i13
s308,6,i7
s308,7,i1
s308,7,i100
s308,7,i19
s308,7,i5
s309,1,i1
s309,1,i5
s309,2,i13
s309,2,i91
s309,3,i2
s309,3,i6
s309,3,i63
s309,4,i1
s309,5,i11
s309,5,i30
s309,5,i5
s309,6,i25
s309,6,i3
s309,6,i31
s309,7,i10
s309,7,i12
s309,7,i32
s309,7,i33
s309,7,i59
s309,8,i20
s309,8,i21
s309,8,i3
s309,8,i34
s309,9,i1
s309,9,i104
s309,9,i22
s309,9,i4
s309,10,i4
s310,1,i35
s310,2,i23
s310,3,i1
s310,3,i15
s310,3,i3
s310,3,i7
s310,4,i79
s310,4,i8
s310,4,i94
s310,5,i102
s310,5,i21
s310,5,i71
s310,5,i9
s310,6,i17
s310,6,i2
s310,6,i4
s310,6,i71
s310,7,i113
s310,7,i4
s310,7,i80
s310,8,i106
s310,8,i38
s310,8,i5
s310,8,i54
s310,8,i7
s310,8,i8
s310,9,i14
s310,9,i5
s310,9,i9
s310,10,i107
s310,11,i1
s310,11,i114
s310,11,i2
s310,11,i93
s310,12,i28
s310,12,i3
s310,12,i7
s310,13,i1
s310,13,i75
s310,14,i55
s311,1,i10
s311,1,i27
s311,1,i9
s311,2,i20
s311,2,i21
s311,2,i4
s311,3,i2
s311,3,i22
s311,3,i25
s311,3,i39
s311,3,i8
s311,4,i82
s311,4,i9
s311,5,i1
s311,5,i2
s311,5,i28
s311,6,i4
s311,6,i89
s312,1,i1
s312,1,i64
s312,2,i26
s312,3,i1
s312,3,i7
s312,4,i13
s312,4,i9
s312,5,i16
s312,5,i48
s312,5,i6
s312,5,i8
s312,6,i12
s312,6,i2
s312,6,i6
s312,7,i19
s312,7,i2
s312,7,i20
s312,7,i4
s312,8,i5
s313,1,i18
s313,1,i41
s313,1,i50
s313,1,i51
s313,1,i8
s313,1,i82
s313,2,i104
s313,2,i39
s313,2,i52
s313,3,i1
s313,3,i30
s313,3,i34
s313,3,i52
s313,4,i29
s313,4,i31
s313,4,i91
s313,5,i20
s313,5,i32
s313,5,i33
s313,5,i5
s313,6,i34
s313,6,i43
s313,6,i77
s313,7,i21
s313,7,i27
s313,7,i30
s313,7,i55
s313,8,i2
s313,8,i3
s313,9,i53
s313,9,i69
s313,10,i18
s313,10,i5
s313,10,i9
s313,11,i3
s313,11,i42
s313,11,i57
s313,11,i77
s313,12,i20
s313,13,i101
s313,13,i14
s313,13,i20
s314,1,i1
s314,1,i3
s314,1,i83
s314,2,i100
s314,2,i3
s314,2,i37
s314,2,i39
s314,2,i59
s314,3,i1
s314,4,i2
s314,5,i18
s314,5,i77
s314,6,i13
s314,6,i47
s314,6,i58
s314,7,i14
s314,7,i15
s314,7,i20
s314,7,i6
s314,8,i3
s314,8,i31
s314,8,i6
s315,1,i1
s315,1,i111
s315,2,i1
s315,2,i20
s315,2,i28
s315,2,i59
s315,2,i69
s315,3,i101
s315,3,i74
s315,4,i1
s315,4,i20
s315,5,i1
s315,5,i2
s315,5,i31
s315,6,i1
s315,6,i61
s316,1,i3
s316,2,i24
s316,2,i8
s316,3,i1
s316,3,i41
s316,3,i72
s316,4,i1
s316,4,i2
s316,4,i45
s316,4,i9
s316,5,i1
s316,6,i1
s316,7,i10
s316,8,i2
s316,8,i20
s316,8,i25
s316,8,i41
s316,8,i93
s316,9,i1
s316,9,i2
s316,9,i3
s316,9,i7
s316,10,i1
s316,10,i47
s316,10,i50
s316,11,i1
s316,11,i19
s316,12,i1
s316,12,i2
s316,12,i26
s316,12,i6
s316,13,i2
s316,13,i4
s316,13,i65
s317,1,i1
s317,1,i39
s317,1,i65
s317,2,i56
s317,3,i1
s317,3,i14
s317,3,i35
s317,4,i1
s317,4,i4
s317,4,i6
s317,4,i9
s317,5,i1
s317,5,i47
s317,5,i8
s317,6,i116
s317,6,i50
s317,6,i79
s317,6,i97
s317,7,i9
s317,8,i12
s317,8,i18
s317,9,i1
s317,9,i23
s317,10,i10
s317,11,i70
s317,11,i9
s318,1,i101
s318,1,i2
s318,1,i5
s318,1,i50
s318,1,i51
s318,2,i3
s318,2,i52
s318,3,i1
s318,4,i102
s318,4,i11
s318,4,i19
s318,4,i48
s318,5,i22
s318,5,i25
s318,5,i7
s318,6,i2
s318,6,i7
s318,6,i9
s318,7,i1
s318,7,i11
s318,7,i2
s318,7,i57
s318,7,i65
s319,1,i1
s319,1,i86
s319,2,i1
s319,2,i8
s319,3,i10
s319,3,i13
s319,4,i17
s319,4,i20
s319,4,i21
s319,5,i1
s319,5,i11
s319,5,i2
s319,5,i22
s319,6,i11
s319,6,i2
s319,6,i37
s320,1,i58
s320,2,i13
s320,2,i2
s320,2,i8
s320,3,i16
s320,3,i19
s320,4,i10
s320,4,i11
s320,4,i22
s320,4,i36
s320,5,i1
s320,5,i20
s320,5,i21
s320,5,i32
s320,6,i2
s320,6,i22
s320,6,i23
s320,7,i10
s320,7,i6
s320,7,i64
s320,7,i79
s320,7,i90
s321,1,i1
s321,2,i22
s321,2,i5
s321,2,i9
s321,3,i1
s321,4,i1
s321,4,i29
s321,4,i3
s321,5,i60
s321,5,i7
s321,5,i8
s321,6,i20
s321,6,i31
s321,6,i5
s321,6,i9
s322,1,i57
s322,2,i116
s322,2,i23
s322,2,i8
s322,2,i92
s322,3,i2
s322,4,i50
s322,4,i51
s322,4,i58
s322,5,i1
s322,5,i102
s322,5,i13
s322,5,i52
s322,5,i85
s322,6,i1
s322,6,i13
s322,6,i2
s322,7,i2
s322,7,i3
s322,8,i3
s322,8,i34
s322,8,i4
s322,8,i5
s322,9,i119
s322,9,i21
s322,9,i86
s322,10,i1
s322,11,i10
s322,11,i115
s322,11,i2
s322,12,i11
s322,12,i3
s322,13,i1
s322,13,i9
s322,14,i26
s323,1,i1
s323,1,i10
s323,1,i64
s323,1,i82
s323,1,i83
s323,2,i14
s323,2,i59
s323,2,i92
s323,3,i2
s323,3,i46
s323,3,i5
s323,3,i81
s323,4,i15
s323,4,i3
s323,4,i42
s323,5,i1
s323,5,i10
s323,5,i2
s323,6,i17
s323,6,i5
s323,6,i9
s323,7,i22
s323,7,i65
s323,7,i7
s323,8,i47
s323,9,i14
s323,9,i15
s323,10,i23
s323,10,i53
s323,10,i9
s323,11,i11
s323,11,i45
s323,12,i1
s323,12,i31
s323,12,i6
s323,13,i1
s323,13,i21
s323,13,i84
s323,13,i9
s323,14,i2
s323,14,i28
s323,14,i4
s323,14,i82
s324,1,i30
s324,1,i6
s324,1,i7
s324,1,i93
s324,2,i2
s324,2,i27
s324,2,i31
s324,2,i78
s324,2,i91
s324,3,i18
s324,3,i32
s324,3,i33
s324,3,i64
s324,3,i7
s324,4,i1
s324,4,i11
s324,4,i19
s324,4,i34
s324,4,i5
s324,5,i8
s324,5,i94
s324,6,i61
s324,6,i8
s324,7,i1
s324,7,i107
s324,8,i4
s324,8,i8
s324,9,i24
s324,9,i4
s324,9,i76
s324,10,i1
s324,10,i115
s324,10,i16
s324,10,i2
s324,10,i23
s324,11,i1
s324,11,i120
s324,12,i21
s324,13,i46
s324,13,i6
s324,14,i120
s324,14,i74
s325,1,i1
s325,1,i112
s325,2,i8
s325,3,i86
s325,4,i14
s325,4,i4
s325,4,i45
s325,5,i1
s325,5,i19
s325,5,i2
s325,5,i4
s325,5,i5
s325,6,i12
s325,6,i43
s325,6,i66
s325,6,i81
s325,7,i4
s325,7,i49
s325,8,i18
s325,9,i72
s325,10,i1
s325,11,i52
s326,1,i17
s326,1,i25
s326,1,i99
s326,2,i21
s326,2,i36
s326,3,i14
s326,3,i19
s326,3,i34
s326,3,i5
s326,4,i4
s326,4,i5
s326,4,i6
s326,5,i1
s326,5,i23
s326,6,i1
s326,6,i34
s326,7,i1
s326,7,i3
s326,7,i50
s326,7,i51
s326,7,i79
s326,7,i92
s326,8,i1
s326,8,i30
s326,8,i33
s326,8,i52
s326,8,i63
s326,9,i15
s326,9,i3
s326,9,i31
s326,9,i37
s326,9,i5
s326,9,i9
s326,10,i1
s326,10,i23
s326,10,i32
s326,10,i33
s326,10,i5
s326,10,i7
s326,11,i108
s326,11,i34
s326,11,i5
s326,11,i57
s326,12,i4
s327,1,i5
s327,2,i1
s327,2,i53
s327,3,i10
s327,3,i11
s327,3,i13
s327,3,i17
s327,3,i72
s327,4,i106
s327,4,i2
s327,4,i48
s327,5,i9
s327,6,i27
s327,6,i4
s327,6,i7
s327,6,i8
s327,7,i1
s327,7,i26
s327,7,i4
s327,7,i6
s327,8,i1
s327,8,i3
s327,8,i35
s327,9,i1
s327,9,i2
s327,9,i69
s327,10,i10
s327,10,i12
s327,10,i35
s327,10,i77
s327,11,i1
s327,11,i24
s327,11,i37
s327,11,i8
s327,12,i1
s328,1,i1
s328,1,i118
s328,1,i17
s328,1,i22
s328,1,i84
s328,2,i13
s328,2,i19
s328,2,i2
s328,2,i20
s328,3,i1
s328,3,i10
s328,3,i30
s328,3,i52
s328,4,i2
s328,4,i31
s328,4,i39
s328,4,i53
s328,4,i68
s328,5,i1
s328,5,i32
s328,5,i33
s328,5,i41
s328,5,i89
s328,6,i34
s328,6,i42
s328,6,i78
s328,7,i18
s328,7,i21
s328,7,i45
s328,7,i6
s328,7,i8
s328,8,i4
s328,8,i7
s328,9,i1
s328,9,i32
s328,9,i35
s328,10,i45
s328,10,i7
s328,10,i76
s329,1,i10
s329,1,i12
s329,1,i4
s329,1,i43
s329,2,i1
s329,2,i20
s329,2,i21
s329,3,i114
s329,3,i22
s329,3,i94
s329,4,i1
s329,4,i25
s329,4,i33
s329,4,i59
s329,5,i28
s329,5,i3
s329,5,i4
s329,5,i47
s329,5,i7
s329,5,i8
s329,6,i17
s329,6,i2
s329,6,i63
s329,6,i9
s329,7,i82
s329,8,i29
s329,8,i67
s329,9,i105
s329,9,i3
s329,9,i38
s329,9,i61
s329,9,i8
s329,10,i17
s329,10,i5
s330,1,i15
s330,2,i1
s330,2,i10
s330,2,i14
s330,2,i15
s330,3,i3
s330,3,i4
s330,4,i4
s330,4,i61
s330,4,i9
s330,5,i12
s330,5,i25
s330,5,i34
s330,6,i1
s331,1,i1
s331,1,i28
s331,2,i42
s331,2,i56
s331,2,i74
s331,3,i115
s331,3,i16
s331,3,i50
s331,3,i78
s331,4,i5
s331,5,i12
s331,5,i2
s331,5,i20
s331,5,i4
s331,6,i3
s331,7,i2
s331,7,i38
s331,8,i2
s331,8,i22
s331,9,i2
s331,9,i28
s331,10,i1
s331,10,i2
s331,10,i77
s331,10,i89
s331,11,i15
s331,11,i20
s332,1,i1
s332,1,i3
s332,1,i59
s332,2,i1
s332,3,i1
s332,3,i11
s332,3,i7
s332,4,i1
s332,4,i18
s332,4,i38
s332,4,i59
s332,4,i7
s332,5,i4
s332,6,i4
s332,6,i82
s332,7,i1
s332,7,i27
s332,8,i52
s333,1,i2
s333,1,i5
s333,2,i1
s333,2,i49
s333,2,i53
s333,2,i63
s333,3,i11
s333,4,i1
s333,4,i59
s333,5,i1
s333,5,i10
s333,5,i101
s333,5,i21
s333,6,i10
s333,7,i1
s333,7,i28
s333,7,i9
s333,8,i37
s333,8,i72
s333,9,i1
s333,9,i115
s333,10,i1
s333,10,i24
s333,10,i90
s333,11,i1
s333,11,i19
s333,11,i24
s333,11,i7
s333,11,i9
s333,12,i2
s333,12,i4
s333,13,i16
s333,13,i2
s333,13,i23
s333,13,i52
s333,14,i12
s334,1,i7
s334,2,i1
s334,2,i11
s334,2,i2
s334,3,i1
s334,3,i77
s334,3,i97
s334,4,i105
s334,4,i11
s334,4,i15
s334,5,i5
s334,5,i69
s334,5,i7
s334,6,i52
s334,6,i94
s334,6,i96
s334,7,i1
s334,7,i108
s334,7,i13
s334,8,i31
s334,8,i4
s334,9,i1
s334,9,i52
s334,10,i24
s334,10,i4
s334,11,i10
s334,11,i2
s334,11,i97
s334,12,i1
s334,12,i15
s334,13,i18
s334,13,i39
s334,13,i7
s334,13,i88
s335,1,i1
s335,1,i10
s335,1,i14
s335,1,i20
s335,1,i63
s335,2,i66
s335,2,i7
s335,3,i26
s335,3,i95
s335,4,i82
s335,4,i91
s335,5,i11
s335,6,i4
s335,6,i72
s335,7,i24
s335,7,i89
s335,8,i1
s335,8,i15
s335,9,i2
s335,9,i4
s335,10,i2
s335,11,i1
s335,11,i17
s335,11,i49
s335,11,i93
s335,11,i97
s336,1,i1
s336,2,i24
s336,3,i112
s336,4,i1
s336,4,i2
s336,4,i76
s336,5,i71
s336,5,i99
s336,6,i1
s336,6,i10
s336,6,i2
s336,7,i1
s336,7,i13
s336,7,i33
s336,8,i75
s336,9,i19
s336,9,i4
s336,9,i5
s336,10,i15
s336,10,i54
s336,11,i4
s336,11,i72
s336,11,i9
s336,12,i104
s336,12,i41
s336,12,i48
s336,12,i9
s336,13,i111
s336,13,i2
s336,14,i3
s337,1,i2
s337,1,i50
s337,1,i6
s337,2,i12
s337,2,i2
s337,2,i3
s337,2,i4
s337,3,i10
s337,3,i16
s337,3,i77
s337,4,i1
s337,4,i9
s337,5,i1
s337,5,i10
s337,5,i18
s337,5,i2
s337,6,i14
s337,6,i80
s337,6,i93
s338,1,i112
s338,1,i7
s338,2,i1
s338,2,i2
s338,2,i8
s338,3,i37
s338,3,i59
s338,3,i8
s338,3,i92
s338,4,i6
s338,4,i7
s338,4,i8
s338,5,i1
s338,5,i41
s338,5,i95
s338,6,i1
s338,6,i13
s338,6,i36
s338,7,i1
s338,7,i79
s338,8,i11
s338,9,i1
s338,9,i115
s338,9,i5
s338,10,i1
s338,10,i2
s338,10,i33
s338,10,i36
s338,10,i39
s338,11,i5
s338,11,i89
s339,1,i80
s339,2,i10
s339,2,i5
s339,3,i1
s339,3,i2
s339,3,i74
s339,4,i1
s339,4,i3
s339,5,i6
s339,5,i85
s339,6,i10
s339,6,i6
s339,6,i79
s339,7,i102
s339,8,i11
s339,8,i18
s339,8,i37
s339,8,i66
s340,1,i87
s340,2,i1
s340,3,i103
s340,3,i108
s340,3,i25
s340,4,i2
s340,5,i1
s340,6,i76
s340,7,i1
s340,7,i17
s340,7,i26
s340,8,i116
s340,8,i6
s340,9,i104
s340,9,i6
s340,10,i34
s340,10,i85
s340,11,i1
s340,11,i7
s341,1,i8
s341,2,i1
s341,3,i1
s341,3,i12
s341,3,i3
s341,3,i35
s341,4,i1
s341,4,i35
s341,4,i79
s341,5,i20
s341,5,i4
s341,6,i1
s341,6,i71
s341,6,i8
s342,1,i26
s342,1,i3
s342,1,i5
s342,2,i13
s342,3,i17
s342,3,i2
s342,3,i3
s342,3,i82
s342,4,i21
s342,4,i26
s342,5,i3
s342,6,i1
s342,7,i20
s342,8,i1
s342,8,i27
s342,8,i3
s342,8,i65
s343,1,i2
s343,1,i3
s343,1,i30
s343,1,i8
s343,1,i83
s343,2,i24
s343,2,i31
s343,2,i54
s343,2,i81
s343,3,i103
s343,3,i11
s343,3,i32
s343,3,i33
s343,3,i90
s343,4,i19
s343,4,i2
s343,4,i34
s343,4,i5
s343,5,i3
s343,5,i5
s343,5,i66
s343,5,i8
s343,6,i54
s343,6,i7
s343,6,i78
s343,7,i1
s343,7,i11
s343,8,i35
s343,8,i85
s343,9,i1
s343,10,i2
s343,10,i3
s343,10,i45
s343,11,i1
s343,11,i54
s343,12,i1
s343,12,i85
s344,1,i10
s344,2,i1
s344,2,i18
s344,2,i3
s344,2,i50
s344,2,i51
s344,2,i7
s344,3,i109
s344,3,i11
s344,3,i20
s344,3,i34
s344,3,i52
s344,4,i1
s344,4,i117
s344,4,i18
s344,5,i12
s344,5,i48
s344,6,i1
s344,6,i111
s344,7,i14
s344,7,i21
s344,8,i6
s344,8,i72
s344,8,i77
s344,9,i1
s344,9,i10
s344,9,i2
s344,9,i45
s344,10,i17
s344,10,i20
s344,10,i21
s344,10,i24
s344,11,i1
s344,11,i2
s344,11,i22
s344,11,i98
s345,1,i102
s345,1,i109
s345,1,i20
s345,1,i38
s345,2,i27
s345,2,i42
s345,2,i50
s345,2,i51
s345,3,i4
s345,3,i52
s345,4,i1
s345,4,i3
s345,5,i1
s345,5,i35
s345,5,i6
s345,5,i93
s345,6,i1
s345,6,i50
s345,7,i114
s345,7,i78
s345,7,i8
s346,1,i11
s346,1,i21
s346,1,i24
s346,1,i8
s346,2,i33
s346,3,i9
s346,4,i12
s346,5,i44
s346,5,i71
s346,6,i1
s346,6,i52
s346,7,i1
s346,7,i2
s346,7,i8
s346,8,i1
s346,8,i9
s346,8,i96
s346,9,i18
s346,9,i65
s346,9,i7
s346,10,i1
s346,10,i101
s346,10,i3
s346,10,i75
s346,11,i1
s346,11,i15
s346,12,i1
s346,12,i21
s346,12,i50
s346,13,i10
s346,13,i29
s347,1,i19
s347,1,i6
s347,2,i2
s347,2,i67
s347,2,i8
s347,3,i1
s347,4,i2
s347,4,i3
s347,4,i9
s347,5,i18
s347,5,i5
s347,5,i96
s347,6,i33
s347,7,i16
s347,8,i43
s347,9,i27
s347,9,i40
s348,1,i19
s348,1,i3
s348,1,i56
s348,2,i109
s348,2,i2
s348,2,i99
s348,3,i7
s348,4,i2
s348,4,i4
s348,5,i1
s348,5,i37
s348,6,i39
s348,6,i7
s348,6,i8
s348,7,i19
s348,7,i4
s348,7,i5
s348,7,i88
s348,8,i39
s348,8,i88
s348,8,i97
s348,9,i3
s348,9,i7
s348,10,i117
s348,10,i4
s348,10,i41
s348,10,i8
s348,11,i1
s348,11,i105
s348,11,i3
s348,11,i4
s348,11,i6
s348,12,i1
s348,12,i36
s349,1,i59
s349,1,i8
s349,2,i1
s349,2,i2
s349,2,i5
s349,2,i96
s349,3,i1
s349,3,i10
s349,3,i3
s349,3,i5
s349,3,i73
s349,3,i90
s349,4,i2
s349,4,i39
s349,4,i4
s349,4,i5
s349,4,i7
s349,5,i1
s349,5,i2
s349,5,i31
s349,5,i58
s349,6,i21
s349,6,i29
s349,6,i3
s349,7,i5
s349,7,i59
s349,8,i11
s349,9,i1
s349,9,i104
s349,9,i3
s349,9,i33
s349,10,i14
s350,1,i1
s350,1,i2
s350,1,i4
s350,1,i93
s350,2,i2
s350,2,i43
s350,2,i79
s350,3,i14
s350,3,i29
s350,3,i33
s350,3,i4
s350,3,i66
s350,4,i73
s350,4,i94
s350,5,i3
s350,5,i54
s350,5,i60
s350,5,i75
s350,6,i1
s350,6,i10
s350,6,i2
s350,6,i33
s350,6,i8
s350,7,i1
s350,7,i28
s350,7,i86
s350,8,i58
s350,8,i59
s350,8,i92
s350,8,i93
s350,9,i114
s350,9,i15
s350,9,i5
s350,9,i89
s350,10,i1
s350,10,i2
s350,10,i5
s350,10,i69
s350,11,i1
s351,1,i16
s351,1,i47
s351,2,i1
s351,2,i13
s351,3,i2
s351,4,i15
s351,4,i37
s351,4,i8
s351,5,i23
s351,5,i40
s351,6,i106
s351,6,i39
s351,6,i52
s351,6,i6
s351,7,i2
s351,7,i35
s351,7,i86
s352,1,i23
s352,1,i4
s352,1,i80
s352,2,i3
s352,2,i34
s352,2,i51
s352,2,i62
s352,3,i3
s352,3,i9
s352,4,i1
s352,4,i12
s352,5,i1
s352,5,i14
s352,5,i2
s352,5,i23
s352,5,i52
s352,6,i1
s352,6,i2
s352,6,i62
s352,7,i2
s352,7,i28
s352,8,i19
s352,8,i80
s352,9,i105
s352,9,i37
s353,1,i16
s353,1,i30
s353,1,i4
s353,1,i8
s353,2,i1
s353,2,i108
s353,2,i3
s353,2,i31
s353,2,i45
s353,3,i2
s353,3,i32
s353,3,i33
s353,4,i27
s353,4,i34
s353,5,i19
s353,5,i2
s353,5,i3
s353,6,i31
s353,6,i39
s353,7,i103
s353,7,i2
s353,8,i117
s353,8,i2
s353,8,i6
s353,8,i79
s353,9,i82
s353,10,i1
s353,10,i3
s353,10,i69
s353,10,i72
s353,10,i8
s353,11,i1
s353,11,i31
s353,11,i4
s353,11,i62
s353,12,i29
s353,12,i30
s353,12,i49
s353,12,i5
s354,1,i3
s354,1,i31
s354,1,i62
s354,2,i4
s354,2,i5
s354,2,i8
s354,3,i20
s354,3,i5
s354,3,i55
s354,4,i7
s354,5,i1
s354,5,i19
s354,5,i88
s354,6,i20
s354,6,i31
s354,6,i4
s354,7,i11
s354,7,i22
s354,8,i1
s354,8,i56
s354,9,i3
s354,10,i1
s354,10,i31
s354,11,i1
s354,11,i41
s354,11,i5
s354,12,i10
s354,12,i45
s354,13,i1
s354,13,i11
s354,13,i19
s354,14,i13
s354,14,i2
s354,14,i23
s354,14,i3
s355,1,i1
s355,1,i103
s355,1,i29
s355,1,i32
s355,2,i27
s355,2,i28
s355,2,i3
s355,2,i9
s355,3,i2
s355,3,i23
s355,3,i26
s355,4,i101
s355,4,i2
s355,4,i32
s355,5,i1
s355,5,i2
s355,6,i50
s355,7,i27
s355,7,i4
s355,7,i55
s355,8,i38
s355,8,i9
s356,1,i10
s356,1,i31
s356,1,i5
s356,2,i1
s356,2,i22
s356,2,i78
s356,2,i90
s356,3,i116
s356,3,i3
s356,3,i79
s356,3,i9
s356,4,i7
s356,4,i8
s356,5,i1
s356,5,i12
s356,5,i50
s356,5,i51
s356,5,i9
s356,6,i105
s356,6,i19
s356,6,i25
s356,6,i52
s356,7,i77
s356,8,i2
s356,8,i3
s356,8,i35
s356,9,i2
s356,9,i22
s356,9,i39
s356,10,i11
s356,10,i16
s356,11,i115
s356,11,i24
s356,11,i5
s356,11,i68
s356,12,i24
s356,12,i4
s356,12,i6
s357,1,i53
s357,2,i8
s357,3,i3
s357,3,i45
s357,4,i11
s357,4,i3
s357,4,i4
s357,5,i16
s357,5,i30
s357,5,i32
s357,5,i4
s357,6,i22
s357,6,i3
s357,7,i12
s357,7,i23
s357,8,i1
s357,8,i107
s357,8,i2
s357,9,i1
s357,9,i12
s357,9,i35
s357,9,i5
s357,10,i2
s357,10,i26
s357,10,i52
s358,1,i1
s358,2,i1
s358,2,i40
s358,2,i67
s358,2,i7
s358,3,i42
s358,3,i61
s358,4,i1
s358,4,i2
s358,4,i50
s358,4,i7
s358,4,i8
s358,5,i16
s358,5,i70
s358,5,i72
s358,5,i9
s358,6,i5
s358,6,i6
s358,7,i10
s358,7,i105
s358,7,i18
s358,7,i57
s358,8,i4
s358,8,i98
s359,1,i1
s359,1,i3
s359,2,i1
s359,2,i2
s359,2,i79
s359,2,i8
s359,3,i1
s359,3,i3
s359,4,i2
s359,4,i29
s359,4,i3
s359,4,i8
s359,5,i32
s359,5,i38
s359,5,i43
s359,5,i9
s359,6,i1
s359,7,i20
s359,7,i38
s359,7,i82
s359,8,i2
s359,9,i28
s359,10,i1
s359,10,i118
s359,10,i4
s359,10,i79
s359,11,i1
s359,11,i3
s359,11,i54
s359,12,i2
s360,1,i10
s360,1,i2
s360,1,i41
s360,1,i45
s360,1,i8
s360,2,i2
s360,2,i20
s360,2,i21
s360,3,i1
s360,3,i22
s360,4,i3
s360,5,i1
s360,5,i2
s360,6,i1
s360,6,i31
s360,6,i35
s360,6,i9
s360,7,i10
s360,8,i24
s360,8,i3
s360,8,i58
s360,8,i6
s360,9,i4
s360,9,i7
s360,9,i97
s360,10,i42
s360,10,i86
s361,1,i1
s361,1,i100
s361,1,i39
s361,1,i4
s361,2,i99
s361,3,i1
s361,4,i2
s361,4,i30
s361,4,i7
s361,5,i4
s361,5,i40
s361,5,i58
s361,5,i88
s361,6,i103
s361,6,i12
s361,6,i41
s361,6,i63
s361,7,i1
s361,7,i4
s361,7,i5
s361,7,i52
s361,8,i1
s361,8,i91
s361,9,i17
s361,9,i32
s361,9,i89
s362,1,i2
s362,2,i56
s362,3,i4
s362,3,i46
s362,3,i8
s362,4,i13
s362,4,i99
s362,5,i1
s362,5,i112
s362,5,i20
s362,5,i54
s362,5,i96
s362,6,i16
s362,7,i3
s362,8,i1
s362,8,i2
s362,8,i43
s362,8,i57
s362,8,i88
s362,9,i11
s362,9,i3
s362,9,i61
s362,10,i35
s362,10,i4
s362,10,i5
s362,10,i55
s362,10,i93
s362,11,i1
s362,11,i108
s362,11,i25
s363,1,i2
s363,1,i84
s363,2,i18
s363,2,i2
s363,2,i3
s363,2,i70
s363,3,i2
s363,3,i7
s363,4,i34
s363,4,i4
s363,4,i76
s363,5,i17
s363,5,i43
s363,5,i85
s363,6,i2
s363,6,i4
s363,7,i5
s364,1,i2
s364,1,i4
s364,2,i14
s364,2,i24
s364,2,i7
s364,3,i14
s364,3,i2
s364,3,i33
s364,4,i27
s364,4,i8
s364,5,i11
s364,5,i4
s364,5,i9
s364,6,i2
s364,6,i54
s364,6,i6
s364,6,i9
s364,7,i1
s364,7,i2
s364,7,i57
s364,7,i6
s364,8,i2
s364,8,i4
s364,8,i90
s364,9,i2
s364,9,i3
s364,9,i46
s364,9,i5
s364,10,i3
s364,10,i31
s364,10,i58
s364,11,i40
s364,11,i61
s365,1,i15
s365,1,i4
s365,1,i6
s365,1,i7
s365,2,i1
s365,2,i2
s365,3,i1
s365,4,i2
s365,4,i37
s365,5,i100
s365,5,i2
s365,6,i51
s365,6,i7
s366,1,i17
s366,1,i73
s366,2,i1
s366,2,i47
s366,2,i5
s366,3,i8
s366,4,i32
s366,4,i64
s366,4,i8
s366,5,i1
s366,5,i10
s366,5,i16
s366,5,i2
s366,5,i3
s366,5,i5
s366,6,i27
s366,6,i3
s366,6,i4
s366,6,i44
s366,6,i73
s366,7,i22
s366,7,i4
s366,7,i5
s367,1,i1
s367,1,i2
s367,1,i57
s367,2,i4
s367,2,i7
s367,2,i8
s367,3,i1
s367,3,i54
s367,3,i9
s367,4,i1
s367,5,i2
s367,5,i21
s367,5,i22
s367,5,i47
s367,6,i29
s367,7,i1
s367,7,i18
s367,7,i75
s367,8,i37
s367,8,i42
s367,8,i44
s367,8,i6
s367,8,i9
s368,1,i1
s368,1,i2
s368,1,i5
s368,2,i16
s368,2,i3
s368,3,i18
s368,3,i2
s368,3,i9
s368,4,i19
s368,4,i30
s368,5,i11
s368,6,i10
s368,6,i11
s368,6,i2
s368,6,i3
s368,7,i14
s368,7,i77
s368,8,i13
s368,8,i3
s368,9,i14
s368,10,i11
s368,10,i18
s368,10,i2
s368,10,i3
s368,11,i1
s368,11,i2
s368,12,i2
s368,12,i3
s368,13,i32
s368,14,i2
s368,14,i6
s369,1,i36
s369,1,i42
s369,1,i5
s369,1,i95
s369,2,i1
s369,2,i13
s369,2,i46
s369,3,i1
s369,3,i82
s369,4,i69
s369,5,i25
s369,5,i49
s369,6,i1
s369,6,i102
s369,6,i35
s369,6,i88
s369,7,i16
s369,7,i21
s369,7,i3
s369,7,i35
s370,1,i36
s370,1,i7
s370,2,i16
s370,2,i24
s370,2,i47
s370,2,i6
s370,3,i2
s370,3,i30
s370,3,i5
s370,4,i3
s370,4,i31
s370,4,i6
s370,5,i1
s370,5,i10
s370,5,i26
s370,5,i32
s370,5,i33
s370,5,i5
s370,5,i71
s370,6,i10
s370,6,i34
s371,1,i1
s371,1,i2
s371,1,i47
s371,2,i13
s371,2,i18
s371,2,i19
s371,2,i22
s371,2,i3
s371,3,i20
s371,3,i25
s371,3,i3
s371,3,i4
s371,3,i5
s371,3,i6
s371,4,i101
s371,4,i24
s371,4,i7
s371,4,i8
s371,5,i1
s371,5,i11
s371,5,i4
s371,5,i9
s371,6,i17
s371,6,i3
s371,6,i41
s371,7,i1
s371,7,i21
s371,7,i23
s371,7,i4
s371,8,i2
s371,8,i5
s371,8,i64
s371,8,i75
s371,9,i104
s371,9,i8
s371,10,i1
s372,1,i56
s372,1,i75
s372,2,i17
s372,2,i3
s372,2,i31
s372,3,i118
s372,3,i18
s372,3,i4
s372,3,i69
s372,4,i1
s372,4,i91
s372,5,i1
s372,5,i3
s372,5,i87
s372,6,i22
s372,6,i30
s372,6,i47
s372,6,i73
s372,6,i8
s372,7,i1
s372,7,i107
s372,7,i31
s372,8,i1
s372,8,i19
s372,8,i32
s372,8,i33
s372,8,i4
s372,9,i10
s372,9,i14
s372,9,i20
s372,9,i34
s372,10,i29
s372,11,i1
s372,11,i28
s372,11,i9
s372,12,i3
s372,12,i79
s372,12,i9
s372,13,i1
s372,13,i107
s372,13,i5
s372,14,i8
s373,1,i5
s373,1,i52
s373,1,i7
s373,1,i96
s373,2,i10
s373,2,i12
s373,2,i24
s373,3,i1
s373,3,i2
s373,3,i3
s373,3,i48
s373,3,i69
s373,4,i1
s373,4,i10
s373,4,i14
s373,5,i4
s373,5,i5
s373,5,i52
s373,5,i7
s373,6,i1
s373,6,i3
s373,6,i5
s373,6,i61
s373,7,i13
s373,7,i2
s373,8,i2
s373,8,i3
s373,8,i41
s374,1,i43
s374,2,i39
s374,2,i93
s374,2,i99
s374,3,i108
s374,3,i2
s374,3,i3
s374,3,i50
s374,3,i51
s374,4,i17
s374,4,i3
s374,4,i49
s374,4,i52
s374,5,i31
s374,5,i38
s374,5,i5
s374,6,i33
s374,6,i6
s375,1,i1
s375,1,i11
s375,1,i24
s375,2,i7
s375,3,i11
s375,3,i12
s375,3,i5
s375,4,i2
s375,4,i6
s375,5,i1
s375,5,i11
s375,5,i53
s375,6,i11
s375,6,i112
s375,6,i36
s375,7,i1
s375,7,i3
s375,8,i3
s375,9,i2
s375,9,i74
s375,10,i1
s375,10,i9
s375,11,i18
s375,11,i58
s375,12,i12
s375,12,i62
s375,13,i1
s375,13,i2
s375,13,i33
s375,13,i5
s376,1,i13
s376,1,i41
s376,1,i56
s376,2,i15
s376,3,i12
s376,3,i4
s376,3,i9
s376,4,i1
s376,4,i12
s376,4,i43
s376,4,i94
s376,5,i1
s376,5,i2
s376,5,i22
s376,5,i3
s376,5,i5
s376,6,i10
s376,6,i26
s376,6,i3
s376,6,i79
s376,7,i1
s376,7,i21
s376,7,i4
s376,7,i5
s376,8,i16
s376,9,i1
s376,9,i3
s376,9,i63
s376,9,i84
s377,1,i2
s377,1,i4
s377,1,i84
s377,2,i25
s377,2,i65
s377,2,i96
s377,3,i10
s377,3,i19
s377,3,i21
s377,3,i75
s377,4,i15
s377,4,i37
s377,4,i5
s377,4,i6
s377,5,i2
s377,5,i66
s377,6,i11
s377,6,i17
s377,6,i30
s377,6,i44
s377,7,i60
s377,8,i27
s377,8,i85
s377,9,i11
s377,10,i4
s377,10,i5
s377,10,i88
s377,11,i118
s377,11,i47
s377,11,i9
s377,12,i1
s378,1,i1
s378,1,i3
s378,1,i45
s378,1,i67
s378,2,i1
s378,2,i6
s378,2,i60
s378,2,i63
s378,2,i98
s378,3,i10
s378,3,i63
s378,4,i19
s378,4,i5
s378,4,i9
s378,5,i3
s378,5,i53
s378,5,i62
s378,6,i1
s378,6,i17
s378,6,i44
s378,7,i48
s378,8,i1
s378,8,i8
s378,9,i1
s379,1,i103
s379,1,i16
s379,2,i1
s379,2,i28
s379,2,i5
s379,3,i20
s379,4,i55
s379,4,i61
s379,4,i69
s379,5,i2
s379,5,i4
s379,6,i3
s379,6,i38
s379,6,i6
s380,1,i10
s380,1,i2
s380,1,i3
s380,1,i46
s380,2,i15
s380,2,i19
s380,2,i20
s380,2,i21
s380,2,i23
s380,3,i1
s380,3,i22
s380,3,i55
s380,3,i6
s380,4,i110
s380,4,i65
s380,5,i26
s380,5,i31
s380,5,i4
s380,5,i6
s380,6,i13
s380,6,i2
s380,6,i3
s380,6,i60
s380,7,i1
s380,8,i102
s380,8,i24
s380,8,i30
s380,8,i64
s380,9,i11
s380,9,i13
s380,9,i17
s380,9,i69
s380,10,i2
s380,10,i3
s380,10,i57
s380,10,i6
s380,10,i9
s380,11,i1
s380,11,i37
s380,11,i9
s380,12,i103
s380,12,i5
s380,12,i6
s380,12,i80
s380,13,i110
s380,13,i4
s380,13,i9
s380,14,i2
s381,1,i13
s381,1,i3
s381,1,i70
s381,2,i4
s381,3,i11
s381,3,i16
s381,3,i21
s381,4,i20
s381,4,i91
s381,5,i9
s381,6,i17
s381,6,i20
s381,7,i15
s381,7,i48
s381,7,i96
s381,8,i1
s381,8,i37
s381,8,i63
s381,9,i107
s381,9,i11
s381,9,i13
s381,9,i2
s381,9,i79
s381,10,i53
s382,1,i2
s382,2,i14
s382,3,i10
s382,3,i104
s382,3,i3
s382,3,i44
s382,4,i1
s382,4,i12
s382,4,i3
s382,4,i4
s382,5,i23
s382,6,i30
s382,6,i97
s382,7,i1
s382,7,i107
s382,7,i2
s382,7,i31
s382,8,i108
s382,8,i32
s382,8,i33
s382,8,i67
s382,8,i90
s382,9,i24
s382,9,i34
s382,9,i81
s382,10,i11
s382,10,i2
s382,10,i4
s383,1,i19
s383,1,i7
s383,2,i13
s383,2,i28
s383,2,i65
s383,3,i1
s383,3,i2
s383,3,i27
s383,4,i1
s383,4,i19
s383,4,i2
s383,4,i41
s383,5,i1
s383,5,i2
s383,5,i20
s383,5,i72
s383,6,i1
s383,6,i2
s383,6,i54
s383,6,i65
s383,7,i1
s383,7,i2
s383,8,i1
s383,9,i1
s383,9,i7
s383,10,i2
s383,10,i22
s383,10,i35
s383,10,i94
s384,1,i103
s384,1,i2
s384,1,i20
s384,1,i80
s384,1,i9
s384,2,i1
s384,3,i1
s384,3,i3
s384,4,i1
s384,5,i1
s384,5,i11
s384,5,i45
s384,6,i1
s384,6,i12
s384,6,i19
s384,6,i43
s384,7,i1
s384,7,i2
s384,8,i37
s384,8,i4
s384,8,i73
s384,9,i120
s384,9,i2
s385,1,i11
s385,1,i5
s385,1,i63
s385,1,i8
s385,2,i46
s385,2,i61
s385,3,i2
s385,3,i7
s385,3,i8
s385,4,i2
s385,4,i86
s385,4,i9
s385,5,i2
s385,5,i41
s385,5,i46
s385,6,i21
s385,7,i12
s385,7,i2
s385,7,i25
s385,7,i55
s386,1,i12
s386,1,i90
s386,2,i1
s386,2,i108
s386,2,i39
s386,2,i99
s386,3,i1
s386,3,i21
s386,3,i6
s386,3,i7
s386,4,i5
s386,5,i2
s386,6,i118
s386,6,i36
s386,6,i41
s386,6,i56
s386,7,i12
s386,7,i76
s386,7,i9
s387,1,i11
s387,1,i120
s387,2,i15
s387,2,i4
s387,2,i5
s387,3,i1
s387,3,i111
s387,3,i30
s387,4,i1
s387,4,i19
s387,4,i25
s387,4,i31
s387,4,i7
s387,4,i8
s387,5,i32
s387,5,i33
s387,5,i8
s387,5,i9
s387,6,i105
s387,6,i34
s387,6,i8
s387,7,i112
s387,7,i52
s387,8,i15
s387,8,i2
s387,8,i4
s387,8,i98
s388,1,i1
s388,1,i2
s388,1,i38
s388,2,i34
s388,2,i43
s388,2,i6
s388,2,i72
s388,3,i1
s388,3,i18
s388,3,i47
s388,4,i3
s388,4,i38
s388,4,i4
s388,4,i8
s388,5,i15
s388,5,i24
s388,6,i1
s388,6,i55
s388,7,i21
s388,8,i7
s389,1,i2
s389,1,i34
s389,2,i17
s389,2,i25
s389,2,i43
s389,2,i8
s389,3,i1
s389,3,i17
s389,3,i66
s389,4,i1
s389,4,i13
s389,4,i3
s389,4,i4
s389,5,i1
s389,5,i3
s389,5,i33
s389,5,i64
s389,6,i1
s389,6,i5
s389,6,i77
s389,7,i2
s389,7,i35
s389,7,i5
s389,8,i1
s389,8,i2
s389,8,i27
s389,9,i1
s390,1,i10
s390,1,i20
s390,1,i7
s390,1,i9
s390,2,i21
s390,2,i37
s390,2,i71
s390,3,i1
s390,3,i39
s390,4,i39
s390,4,i57
s390,4,i77
s390,5,i1
s390,5,i2
s390,5,i34
s390,6,i15
s390,6,i22
s390,6,i3
s390,7,i2
s390,7,i4
s390,7,i5
s390,8,i1
s390,8,i6
s390,9,i2
s390,9,i3
s390,9,i4
s390,9,i5
s390,10,i2
s390,10,i9
s391,1,i117
s391,1,i25
s391,2,i18
s391,2,i6
s391,3,i110
s391,3,i26
s391,3,i52
s391,3,i96
s391,4,i4
s391,5,i1
s391,5,i12
s391,5,i2
s391,5,i9
s391,6,i1
s391,6,i3
s391,7,i1
s391,7,i11
s392,1,i1
s392,1,i113
s392,2,i1
s392,2,i84
s392,3,i1
s392,3,i10
s392,3,i42
s392,4,i108
s392,4,i40
s392,4,i5
s392,5,i111
s392,5,i80
s392,6,i5
s392,6,i68
s392,7,i1
s392,7,i3
s392,8,i14
s392,8,i26
s392,8,i43
s393,1,i4
s393,1,i6
s393,2,i13
s393,3,i2
s393,3,i33
s393,3,i5
s393,4,i1
s393,4,i11
s393,4,i2
s393,4,i31
s393,5,i36
s393,5,i6
s393,5,i8
s393,6,i4
s393,6,i69
s393,6,i91
s393,7,i15
s393,7,i17
s393,7,i77
s393,7,i9
s393,8,i12
s393,8,i30
s393,8,i62
s393,9,i1
s393,9,i7
s393,10,i57
s393,11,i1
s393,11,i109
s393,11,i118
s393,11,i5
s393,12,i5
s393,13,i18
s393,13,i2
s393,13,i6
s393,13,i99
s394,1,i108
s394,1,i20
s394,1,i6
s394,2,i1
s394,2,i28
s394,2,i31
s394,2,i55
s394,3,i1
s394,3,i18
s394,3,i2
s394,3,i49
s394,4,i3
s394,4,i32
s394,4,i53
s394,5,i16
s394,5,i40
s394,6,i117
s394,6,i17
s394,6,i67
s394,6,i72
s394,6,i8
s394,7,i117
s394,7,i2
s394,8,i29
s394,8,i4
s394,8,i5
s394,9,i1
s394,9,i3
s394,10,i5
s394,11,i1
s394,11,i14
s394,11,i98
s395,1,i115
s395,2,i120
s395,3,i103
s395,3,i18
s395,3,i22
s395,3,i23
s395,3,i57
s395,4,i96
s395,5,i14
s395,5,i3
s395,5,i45
s395,5,i58
s395,5,i60
s395,6,i1
s395,6,i44
s395,6,i46
s395,6,i78
s395,7,i47
s395,7,i96
s395,8,i39
s395,9,i27
s395,9,i60
s395,9,i66
s395,10,i1
s395,10,i26
s395,10,i90
s395,11,i16
s395,11,i3
s395,11,i37
s395,11,i90
s395,12,i1
s395,12,i12
s395,12,i16
s395,12,i2
s396,1,i1
s396,1,i98
s396,2,i50
s396,3,i1
s396,3,i2
s396,4,i1
s396,4,i13
s396,4,i2
s396,4,i3
s396,5,i1
s396,5,i76
s396,6,i55
s396,6,i82
s396,7,i32
s396,8,i108
s396,8,i12
s396,8,i2
s396,8,i52
s396,9,i31
s396,9,i4
s396,9,i55
s396,9,i75
s396,10,i2
s396,10,i61
s396,11,i53
s396,12,i18
s396,12,i31
s396,12,i4
s396,12,i55
s396,12,i67
s396,13,i1
s396,13,i25
s397,1,i1
s397,1,i8
s397,2,i1
s397,2,i61
s397,2,i8
s397,3,i1
s397,3,i2
s397,4,i2
s397,4,i67
s397,4,i80
s397,5,i25
s397,6,i4
s397,6,i69
s397,7,i1
s397,7,i5
s397,7,i9
s397,8,i58
s397,9,i1
s397,10,i12
s397,10,i18
s397,10,i57
s397,10,i7
s397,11,i3
s397,11,i54
s397,11,i8
s398,1,i1
s398,1,i5
s398,2,i76
s398,3,i14
s398,3,i2
s398,3,i48
s398,3,i9
s398,4,i1
s398,4,i12
s398,4,i18
s398,4,i50
s398,4,i51
s398,4,i69
s398,5,i2
s398,5,i52
s398,6,i1
s398,6,i3
s398,6,i5
s398,6,i85
s398,7,i14
s398,7,i4
s398,7,i6
s398,7,i7
s398,8,i47
s398,9,i1
s398,9,i2
s398,9,i4
s398,9,i42
s398,10,i11
s398,10,i49
s398,10,i6
s398,10,i9
s398,11,i1
s398,11,i11
s398,11,i14
s398,11,i7
s399,1,i3
s399,2,i111
s399,2,i16
s399,2,i50
s399,3,i14
s399,3,i60
s399,3,i65
s399,4,i2
s399,4,i32
s399,4,i7
s399,5,i11
s399,5,i2
s399,5,i34
s399,5,i8
s399,6,i10
s399,6,i11
s399,6,i119
s399,7,i2
s399,7,i33
s399,7,i70
s399,7,i98
s399,8,i18
s399,8,i3
s399,8,i89
s399,9,i1
s399,9,i6
s399,10,i23
s399,10,i40
s399,10,i64
s399,10,i8
s399,11,i54
s399,12,i1
s399,12,i22
s399,12,i3
s399,12,i6
s399,13,i16
s399,13,i4
s399,13,i6
s400,1,i1
s400,1,i2
s400,1,i84
s400,1,i9
s400,2,i1
s400,2,i10
s400,2,i2
s400,2,i3
s400,2,i4
s400,3,i1
s400,3,i12
s400,3,i4
s400,3,i5
s400,3,i9
s400,4,i10
s400,4,i14
s400,4,i3
s400,4,i30
s400,4,i37
s400,4,i6
s400,5,i3
s400,5,i31
s400,6,i2
s400,6,i3
s400,6,i32
s400,6,i33
s400,7,i11
s400,7,i2
s400,7,i3
s400,7,i34
s400,8,i1
s400,8,i12
s400,8,i13
s401,1,i1
s401,1,i4
s401,2,i1
s401,2,i18
s401,2,i4
s401,3,i1
s401,3,i2
s401,3,i9
s401,4,i3
s401,5,i2
s401,5,i82
s401,6,i1
s401,7,i14
s401,7,i2
s401,7,i8
s401,7,i9
s401,8,i73
s401,9,i90
s401,10,i78
s401,10,i8
s401,11,i79
s401,12,i2
s401,12,i4
s402,1,i3
s402,1,i57
s402,1,i7
s402,1,i88
s402,2,i19
s402,2,i51
s402,3,i1
s402,3,i88
s402,4,i43
s402,5,i2
s402,5,i4
s402,5,i6
s402,6,i1
s402,6,i23
s402,6,i42
s402,7,i117
s402,7,i13
s402,7,i17
s402,7,i36
s402,7,i81
s402,8,i60
s403,1,i1
s403,1,i11
s403,1,i39
s403,1,i62
s403,2,i11
s403,2,i2
s403,3,i111
s403,3,i21
s403,3,i4
s403,4,i1
s403,4,i14
s403,4,i40
s403,5,i14
s403,5,i59
s403,5,i9
s403,6,i1
s403,6,i67
s403,7,i19
s403,8,i2
s403,8,i22
s403,9,i50
s403,9,i77
s403,9,i98
s403,10,i4
s404,1,i3
s404,1,i6
s404,1,i82
s404,2,i103
s404,3,i1
s404,4,i1
s404,4,i109
s404,4,i50
s404,4,i51
s404,4,i6
s404,5,i116
s404,5,i4
s404,5,i52
s404,6,i3
s404,7,i2
s404,7,i3
s404,7,i35
s404,8,i4
s404,8,i75
s404,9,i2
s404,9,i22
s405,1,i53
s405,1,i63
s405,2,i2
s405,3,i45
s405,3,i51
s405,3,i8
s405,3,i85
s405,4,i1
s405,4,i100
s405,5,i1
s405,5,i11
s405,5,i21
s405,5,i8
s405,6,i84
s405,7,i19
s405,7,i27
s405,7,i83
s406,1,i10
s406,1,i2
s406,2,i13
s406,2,i20
s406,2,i21
s406,3,i1
s406,3,i100
s406,3,i12
s406,3,i22
s406,3,i68
s406,3,i9
s406,4,i1
s406,4,i3
s406,4,i36
s406,4,i84
s406,5,i1
s406,5,i3
s406,5,i57
s406,6,i1
s406,6,i2
s406,6,i5
s406,7,i34
s406,7,i6
s406,7,i70
s407,1,i15
s407,1,i3
s407,1,i65
s407,2,i1
s407,2,i23
s407,2,i27
s407,2,i4
s407,3,i1
s407,3,i2
s407,3,i70
s407,4,i26
s407,4,i32
s407,4,i36
s407,5,i22
s407,6,i5
s407,7,i1
s407,7,i13
s407,7,i20
s407,7,i7
s408,1,i1
s408,1,i25
s408,1,i6
s408,2,i104
s408,2,i4
s408,2,i77
s408,3,i16
s408,3,i42
s408,3,i50
s408,3,i51
s408,3,i62
s408,4,i12
s408,4,i36
s408,4,i38
s408,4,i52
s408,5,i1
s408,5,i14
s408,6,i10
s408,6,i30
s408,6,i50
s408,7,i20
s408,7,i21
s408,7,i27
s408,7,i71
s408,8,i1
s408,8,i2
s408,8,i21
s408,8,i22
s409,1,i116
s409,1,i46
s409,2,i2
s409,2,i28
s409,2,i47
s409,2,i76
s409,2,i98
s409,3,i3
s409,3,i4
s409,4,i22
s409,4,i52
s409,5,i10
s409,5,i2
s409,5,i63
s409,5,i8
s409,6,i21
s409,6,i62
s409,6,i80
s409,6,i89
s409,7,i1
s409,7,i2
s409,7,i28
s409,7,i3
s409,7,i64
s409,8,i1
s409,8,i30
s409,9,i3
s409,9,i31
s409,9,i47
s409,10,i2
s409,10,i32
s409,10,i33
s409,10,i5
s409,11,i100
s409,11,i34
s409,12,i35
s410,1,i8
s410,1,i90
s410,2,i12
s410,3,i3
s410,3,i8
s410,4,i1
s410,4,i20
s410,4,i3
s410,4,i4
s410,5,i10
s410,6,i32
s410,6,i70
s411,1,i1
s411,1,i28
s411,1,i4
s411,1,i53
s411,2,i38
s411,2,i5
s411,2,i8
s411,2,i96
s411,3,i1
s411,3,i11
s411,3,i44
s411,4,i12
s411,4,i16
s411,4,i70
s411,4,i89
s411,4,i9
s411,5,i110
s411,5,i23
s411,5,i53
s411,6,i12
s411,6,i57
s411,6,i76
s411,7,i15
s411,8,i64
s411,9,i2
s411,9,i35
s412,1,i4
s412,1,i48
s412,2,i14
s412,2,i51
s412,2,i54
s412,2,i8
s412,3,i2
s412,4,i44
s412,4,i47
s412,4,i7
s412,5,i4
s412,6,i15
s412,6,i42
s412,7,i112
s412,7,i6
s412,8,i26
s412,8,i43
s412,8,i5
s412,9,i8
s412,10,i23
s412,10,i51
s412,10,i64
s412,11,i16
s412,11,i4
s412,11,i5
s412,11,i9
s412,12,i102
s412,12,i11
s412,12,i4
s412,12,i42
s412,13,i1
s412,13,i3
s412,13,i41
s412,13,i45
s413,1,i12
s413,1,i3
s413,1,i33
s413,1,i9
s413,2,i8
s413,2,i91
s413,3,i7
s413,4,i15
s413,5,i12
s413,5,i96
s413,6,i1
s413,6,i20
s413,7,i29
s413,7,i35
s413,7,i6
s413,8,i1
s413,8,i110
s413,8,i45
s413,8,i7
s413,9,i3
s413,9,i82
s413,10,i1
s413,10,i13
s413,10,i22
s413,10,i3
s413,11,i1
s413,11,i8
s414,1,i2
s414,2,i24
s414,2,i28
s414,2,i50
s414,2,i86
s414,3,i14
s414,3,i5
s414,4,i8
s414,5,i15
s414,5,i2
s414,5,i33
s414,6,i1
s414,6,i115
s414,6,i55
s414,6,i66
s414,7,i66
s415,1,i28
s415,1,i35
s415,1,i50
s415,1,i51
s415,2,i17
s415,2,i48
s415,2,i52
s415,2,i8
s415,3,i8
s415,4,i10
s415,4,i47
s415,5,i105
s415,5,i20
s415,5,i21
s415,6,i12
s415,6,i22
s415,7,i15
s415,7,i48
s415,8,i13
s415,8,i19
s416,1,i16
s416,2,i2
s416,2,i21
s416,2,i24
s416,2,i3
s416,3,i1
s416,3,i109
s416,4,i116
s416,4,i23
s416,4,i4
s416,4,i5
s416,5,i1
s416,5,i11
s416,5,i118
s416,5,i23
s416,6,i119
s416,6,i16
s416,6,i2
s416,6,i7
s416,7,i3
s416,7,i43
s416,7,i87
s416,8,i35
s416,8,i58
s416,9,i12
s416,10,i1
s416,10,i12
s416,10,i27
s416,10,i70
s416,11,i30
s416,11,i32
s416,11,i6
s416,12,i1
s416,13,i21
s416,13,i40
s416,13,i68
s416,13,i77
s417,1,i2
s417,2,i1
s417,2,i23
s417,3,i5
s417,3,i9
s417,4,i2
s417,5,i15
s417,6,i11
s417,7,i23
s417,7,i73
s417,7,i9
s417,8,i5
s417,8,i63
s417,8,i66
s417,9,i11
s417,10,i100
s417,10,i2
s417,10,i28
s417,11,i1
s418,1,i1
s418,1,i12
s418,1,i2
s418,1,i70
s418,1,i8
s418,2,i1
s418,2,i3
s418,2,i65
s418,3,i118
s418,3,i9
s418,4,i3
s418,4,i4
s418,4,i56
s418,5,i28
s418,5,i6
s418,6,i1
s418,6,i44
s418,6,i82
s418,7,i30
s418,7,i5
s419,1,i3
s419,1,i96
s419,2,i2
s419,2,i3
s419,2,i86
s419,3,i1
s419,3,i24
s419,3,i61
s419,3,i91
s419,4,i1
s419,4,i4
s419,4,i48
s419,4,i7
s419,4,i88
s419,5,i1
s419,5,i36
s419,5,i6
s419,6,i36
s420,1,i108
s420,2,i18
s420,2,i65
s420,2,i74
s420,2,i82
s420,3,i120
s420,3,i3
s420,3,i7
s420,3,i96
s420,4,i104
s420,4,i120
s420,5,i7
s420,6,i1
s420,6,i4
s420,6,i5
s420,6,i7
s420,7,i1
s420,7,i2
s420,8,i1
s420,8,i104
s420,8,i19
s420,8,i2
s420,9,i1
s420,9,i11
s420,9,i21
s420,9,i80
s420,9,i93
s420,10,i22
s420,10,i23
s420,10,i24
s420,10,i79
s421,1,i3
s421,1,i45
s421,2,i12
s421,2,i14
s421,2,i18
s421,2,i24
s421,3,i1
s421,3,i2
s421,3,i3
s421,4,i1
s421,4,i58
s421,4,i81
s421,5,i1
s421,5,i110
s421,5,i23
s421,6,i1
s421,7,i29
s421,7,i30
s421,7,i4
s421,8,i1
s421,8,i2
s421,8,i25
s421,8,i31
s421,8,i44
s421,9,i32
s421,9,i33
s421,9,i68
s421,9,i73
s421,10,i2
s421,10,i3
s421,10,i34
s421,11,i12
s421,11,i24
s421,11,i5
s421,11,i66
s421,11,i83
s421,12,i2
s421,12,i28
s421,12,i63
s421,12,i7
s421,13,i1
s421,13,i4
s421,14,i1
s421,14,i2
s422,1,i25
s422,2,i1
s422,2,i62
s422,2,i95
s422,2,i96
s422,3,i29
s422,4,i1
s422,4,i16
s422,4,i30
s422,4,i76
s422,5,i11
s422,6,i95
s422,7,i111
s422,7,i2
s422,7,i47
s422,8,i1
s422,8,i3
s422,8,i67
s422,9,i106
s422,9,i38
s422,9,i4
s422,9,i5
s422,10,i1
s422,10,i30
s422,10,i5
s422,10,i8
s422,11,i108
s422,11,i14
s422,11,i2
s422,11,i9
s422,12,i106
s422,12,i2
s423,1,i15
s423,1,i2
s423,2,i2
s423,2,i5
s423,3,i11
s423,3,i18
s423,3,i4
s423,4,i1
s423,4,i16
s423,4,i45
s423,4,i72
s423,5,i115
s423,5,i78
s423,5,i90
s423,6,i1
s423,6,i46
s423,6,i9
s423,7,i111
s424,1,i13
s424,2,i22
s424,2,i6
s424,2,i71
s424,3,i1
s424,3,i108
s424,4,i15
s424,4,i17
s424,4,i42
s424,4,i6
s424,5,i5
s424,6,i4
s424,6,i55
s424,6,i8
s424,7,i13
s424,7,i90
s424,8,i1
s424,8,i21
s424,8,i4
s424,8,i80
s424,9,i17
s424,9,i5
s424,10,i23
s424,10,i52
s424,11,i1
s424,11,i17
s425,1,i15
s425,1,i42
s425,1,i48
s425,2,i1
s425,2,i109
s425,2,i2
s425,2,i33
s425,2,i4
s425,2,i43
s425,3,i2
s425,3,i3
s425,4,i1
s425,4,i4
s425,4,i5
s425,4,i83
s425,5,i40
s425,5,i72
s425,6,i1
s425,6,i114
s425,6,i2
s425,7,i14
s425,8,i47
s425,9,i1
s425,9,i13
s425,9,i23
s425,9,i39
s425,10,i1
s425,10,i33
s425,10,i36
s425,11,i17
s425,12,i1
s425,12,i2
s425,12,i72
s426,1,i18
s426,1,i19
s426,1,i6
s426,2,i1
s426,2,i2
s426,3,i1
s426,3,i118
s426,3,i32
s426,3,i55
s426,4,i12
s426,4,i23
s426,5,i13
s426,5,i4
s426,5,i7
s426,6,i71
s426,7,i45
s426,7,i81
s426,7,i89
s426,8,i1
s426,8,i25
s426,8,i8
s426,9,i20
s426,9,i9
s426,10,i120
s426,10,i2
s426,10,i3
s426,10,i8
s426,11,i110
s426,11,i2
s426,11,i7
s426,11,i90
s427,1,i1
s427,2,i1
s427,2,i15
s427,2,i85
s427,3,i8
s427,4,i1
s427,4,i16
s427,4,i62
s427,4,i7
s427,5,i1
s427,5,i17
s427,5,i4
s427,6,i22
s427,7,i56
s427,8,i2
s427,8,i24
s427,9,i2
s427,9,i97
s427,10,i20
s427,10,i35
s427,10,i7
s427,10,i70
s428,1,i25
s428,2,i2
s428,3,i10
s428,3,i88
s428,3,i94
s428,3,i99
s428,4,i112
s428,4,i20
s428,4,i21
s428,4,i22
s428,4,i5
s428,4,i58
s428,5,i18
s428,5,i22
s428,5,i3
s428,5,i35
s428,5,i91
s428,6,i39
s429,1,i72
s429,1,i8
s429,2,i13
s429,2,i14
s429,2,i2
s429,3,i1
s429,3,i3
s429,3,i58
s429,3,i7
s429,4,i5
s429,4,i9
s429,5,i11
s429,5,i27
s429,5,i46
s429,6,i1
s429,6,i10
s429,6,i2
s429,6,i55
s429,7,i1
s429,7,i20
s429,7,i21
s429,8,i1
s429,8,i22
s429,9,i9
s429,10,i1
s429,10,i10
s429,10,i6
s429,10,i9
s430,1,i1
s430,1,i19
s430,1,i4
s430,1,i7
s430,2,i1
s430,2,i58
s430,3,i11
s430,3,i20
s430,3,i21
s430,3,i5
s430,4,i10
s430,4,i39
s430,4,i43
s430,4,i5
s430,5,i18
s430,5,i2
s430,5,i5
s430,5,i78
s430,6,i11
s430,6,i18
s430,6,i31
s430,6,i34
s430,6,i4
s430,7,i49
s430,8,i1
s430,8,i4
s430,8,i55
s430,8,i67
s430,9,i19
s430,9,i23
s430,10,i13
s430,10,i2
s430,10,i3
s430,10,i68
s431,1,i120
s431,1,i3
s431,2,i1
s431,2,i73
s431,2,i90
s431,3,i59
s431,3,i94
s431,4,i29
s431,4,i4
s431,4,i7
s431,4,i70
s431,5,i25
s431,5,i37
s431,6,i1
s431,6,i20
s431,6,i29
s431,6,i3
s431,7,i1
s431,7,i34
s431,7,i47
s431,7,i9
s431,8,i15
s431,8,i4
s431,9,i1
s431,9,i13
s431,9,i22
s431,9,i24
s432,1,i5
s432,1,i60
s432,1,i71
s432,2,i1
s432,2,i8
s432,2,i87
s432,3,i1
s432,3,i18
s432,3,i19
s432,3,i24
s432,4,i1
s432,5,i114
s432,5,i2
s432,5,i3
s432,6,i1
s432,6,i117
s432,6,i2
s432,6,i40
s432,7,i3
s432,7,i40
s432,7,i9
s432,7,i96
s432,8,i102
s432,9,i1
s432,9,i19
s432,9,i41
s432,9,i56
s432,10,i3
s432,11,i14
s432,11,i2
s432,11,i24
s432,12,i1
s432,12,i27
s432,12,i61
s432,13,i14
s432,13,i2
s432,13,i28
s432,13,i41
s433,1,i9
s433,2,i65
s433,3,i1
s433,4,i30
s433,4,i56
s433,5,i10
s433,5,i41
s433,5,i54
s433,5,i77
s433,5,i98
s433,6,i20
s433,6,i21
s433,6,i22
s433,6,i28
s433,6,i3
s433,6,i4
s433,7,i112
s433,7,i22
s433,7,i36
s433,8,i37
s433,8,i44
s433,8,i65
s433,9,i4
s433,10,i1
s433,10,i4
s433,10,i43
s433,10,i58
s433,10,i79
s433,11,i2
s433,11,i9
s434,1,i1
s434,1,i18
s434,2,i30
s434,3,i19
s434,3,i24
s434,3,i6
s434,4,i11
s434,4,i36
s434,5,i2
s434,6,i5
s434,6,i61
s434,6,i96
s434,7,i38
s434,7,i6
s434,8,i1
s434,8,i14
s434,8,i15
s434,8,i2
s434,9,i11
s434,9,i28
s434,10,i5
s434,11,i1
s434,11,i16
s434,11,i41
s434,11,i7
s434,12,i20
s434,12,i5
s434,12,i7
s435,1,i45
s435,1,i5
s435,1,i8
s435,2,i19
s435,2,i2
s435,2,i25
s435,2,i54
s435,3,i108
s435,3,i69
s435,4,i1
s435,4,i2
s435,4,i65
s435,4,i76
s435,4,i8
s435,5,i1
s435,5,i8
s435,5,i9
s435,6,i33
s435,6,i41
s435,6,i8
s435,7,i16
s435,7,i31
s435,7,i5
s435,7,i8
s435,8,i117
s435,8,i12
s435,8,i2
s435,8,i6
s435,9,i1
s435,10,i15
s435,10,i57
s435,11,i33
s435,11,i6
s435,11,i9
s435,12,i1
s435,12,i2
s435,12,i3
s435,13,i49
s435,14,i1
s435,14,i55
s435,14,i63
s435,14,i94
s436,1,i1
s436,1,i50
s436,1,i60
s436,1,i64
s436,2,i11
s436,3,i2
s436,3,i3
s436,3,i5
s436,3,i77
s436,3,i95
s436,4,i1
s436,4,i35
s436,4,i41
s436,5,i1
s436,5,i24
s436,6,i3
s436,7,i21
s436,8,i61
s436,9,i4
s436,9,i73
s436,9,i75
s436,9,i81
s436,9,i89
s436,10,i1
s436,10,i18
s436,11,i16
s436,11,i5
s436,11,i87
s436,12,i35
s436,12,i45
s436,12,i7
s436,13,i20
s436,14,i20
s436,14,i32
s437,1,i2
s437,2,i2
s437,3,i2
s437,3,i69
s437,3,i74
s437,4,i6
s437,5,i4
s437,5,i6
s437,6,i12
s437,7,i1
s437,8,i11
s437,8,i12
s437,8,i16
s437,8,i24
s437,9,i29
s437,9,i82
s437,10,i118
s437,10,i34
s437,10,i39
s437,11,i5
s437,11,i65
s437,12,i20
s437,12,i28
s437,12,i35
s437,12,i4
s437,12,i56
s437,13,i2
s437,13,i28
s437,13,i80
s437,14,i2
s437,14,i39
s437,14,i46
s437,14,i9
s438,1,i50
s438,1,i51
s438,1,i67
s438,2,i22
s438,2,i52
s438,2,i7
s438,3,i7
s438,4,i12
s438,5,i50
s438,5,i61
s438,5,i78
s438,6,i18
s438,6,i64
s438,6,i9
s438,7,i11
s438,7,i29
s438,7,i3
s438,8,i11
s438,9,i112
s439,1,i17
s439,1,i4
s439,1,i5
s439,1,i55
s439,2,i10
s439,2,i30
s439,2,i32
s439,3,i1
s439,3,i114
s439,3,i20
s439,3,i21
s439,3,i31
s439,3,i36
s439,4,i1
s439,4,i14
s439,4,i22
s439,4,i32
s439,4,i33
s439,4,i5
s439,5,i34
s439,5,i66
s439,6,i1
s439,6,i13
s439,6,i15
s439,6,i21
s439,6,i6
s440,1,i10
s440,1,i18
s440,1,i2
s440,1,i3
s440,2,i34
s440,3,i1
s440,3,i3
s440,3,i8
s440,4,i26
s440,5,i18
s440,6,i2
s440,7,i1
s440,7,i48
s440,7,i52
s440,7,i67
s440,8,i28
s440,9,i1
s440,9,i106
s440,9,i11
s440,9,i47
s440,9,i8
s440,10,i3
s440,10,i51
s440,11,i23
s440,11,i8
s440,12,i15
s440,12,i84
s440,12,i92
s440,13,i1
s440,13,i11
s440,13,i23
s440,14,i9
s441,1,i119
s441,1,i2
s441,2,i1
s441,2,i13
s441,2,i3
s441,2,i56
s441,3,i1
s441,3,i5
s441,4,i10
s441,4,i6
s441,4,i84
s441,5,i15
s441,5,i25
s441,5,i32
s441,5,i43
s441,6,i113
s441,6,i4
s441,6,i5
s441,7,i109
s441,8,i100
s441,8,i29
s441,8,i79
s441,9,i111
s441,9,i95
s441,10,i2
s441,11,i1
s441,11,i26
s441,11,i8
s441,11,i94
s441,12,i43
s442,1,i17
s442,1,i2
s442,1,i27
s442,1,i74
s442,2,i15
s442,2,i4
s442,2,i6
s442,3,i1
s442,3,i3
s442,3,i47
s442,4,i1
s442,4,i101
s442,4,i3
s442,4,i5
s442,4,i58
s442,5,i14
s442,5,i46
s442,6,i6
s442,7,i11
s442,7,i23
s442,7,i7
s442,7,i8
s442,7,i88
s442,8,i3
s442,8,i30
s442,8,i9
s442,9,i2
s442,9,i38
s442,10,i19
s442,10,i30
s442,10,i90
s442,11,i3
s442,11,i5
s442,12,i1
s442,12,i43
s442,12,i6
s442,13,i1
s442,13,i12
s442,13,i3
s442,13,i54
s443,1,i6
s443,2,i17
s443,2,i29
s443,2,i90
s443,3,i9
s443,4,i1
s443,4,i10
s443,4,i2
s443,5,i20
s443,5,i21
s443,5,i50
s443,5,i51
s443,5,i8
s443,6,i1
s443,6,i22
s443,6,i52
s443,6,i80
s443,7,i31
s443,7,i79
s443,7,i8
s443,8,i13
s443,8,i2
s443,8,i59
s444,1,i108
s444,1,i2
s444,1,i49
s444,2,i107
s444,2,i20
s444,2,i44
s444,3,i19
s444,3,i2
s444,3,i37
s444,4,i1
s444,4,i116
s444,4,i44
s444,4,i9
s444,5,i2
s444,6,i4
s444,6,i58
s444,6,i67
s444,6,i87
s444,6,i90
s444,7,i2
s444,7,i36
s444,8,i1
s444,9,i109
s444,9,i13
s444,9,i18
s444,9,i80
s444,10,i1
s445,1,i27
s445,1,i4
s445,2,i25
s445,2,i3
s445,2,i4
s445,3,i1
s445,3,i5
s445,3,i8
s445,4,i2
s445,4,i57
s445,4,i58
s445,4,i7
s445,5,i1
s445,5,i10
s445,5,i21
s445,5,i45
s445,5,i7
s445,6,i20
s445,6,i21
s445,6,i27
s445,6,i46
s445,6,i6
s445,6,i80
s445,7,i22
s445,7,i34
s445,7,i58
s445,7,i7
s445,7,i76
s445,8,i1
s445,8,i2
s445,9,i1
s445,9,i2
s445,9,i3
s445,9,i55
s445,10,i4
s445,10,i5
s445,10,i51
s445,10,i63
s445,11,i18
s445,11,i3
s445,11,i91
s446,1,i1
s446,1,i91
s446,2,i7
s446,3,i1
s446,3,i2
s446,4,i12
s446,4,i16
s446,4,i3
s446,4,i34
s446,4,i61
s446,5,i1
s446,5,i3
s446,5,i5
s446,6,i1
s446,6,i15
s446,6,i16
s446,6,i9
s446,7,i1
s446,8,i1
s446,8,i106
s446,8,i3
s446,9,i1
s446,9,i10
s446,9,i17
s447,1,i18
s447,1,i24
s447,2,i26
s447,2,i5
s447,3,i8
s447,4,i2
s447,5,i3
s447,5,i57
s447,5,i97
s447,6,i2
s447,6,i37
s447,7,i103
s447,7,i2
s447,8,i111
s447,8,i35
s447,8,i6
s447,8,i74
s447,9,i2
s447,9,i4
s447,9,i88
s447,10,i1
s447,10,i5
s447,10,i9
s447,11,i2
s447,11,i22
s447,11,i5
s447,11,i70
s447,12,i2
s447,12,i3
s447,12,i43
s447,12,i80
s447,13,i1
s448,1,i1
s448,1,i31
s448,2,i1
s448,3,i3
s448,3,i68
s448,4,i2
s448,4,i20
s448,4,i3
s448,5,i109
s448,5,i2
s448,5,i7
s448,6,i22
s448,6,i3
s448,7,i2
s448,7,i3
s448,7,i33
s448,7,i6
s448,8,i1
s448,8,i10
s448,8,i24
s449,1,i4
s449,1,i44
s449,2,i27
s449,2,i3
s449,2,i45
s449,3,i20
s449,3,i4
s449,4,i12
s449,4,i2
s449,4,i3
s449,5,i6
s449,5,i7
s449,6,i4
s449,6,i6
s449,6,i67
s449,6,i7
s449,7,i104
s449,7,i27
s449,7,i3
s449,7,i7
s449,7,i88
s449,8,i4
s449,8,i5
s449,8,i51
s449,8,i7
s449,9,i2
s449,9,i50
s449,9,i76
s449,10,i10
s449,10,i3
s449,10,i5
s449,11,i1
s449,11,i18
s449,11,i27
s449,11,i48
s449,12,i2
s450,1,i1
s450,1,i11
s450,1,i12
s450,1,i2
s450,1,i90
s450,2,i100
s450,2,i18
s450,2,i3
s450,2,i44
s450,3,i44
s450,3,i5
s450,3,i9
s450,4,i41
s450,4,i9
s450,5,i12
s450,5,i4
s450,6,i9
s450,7,i14
s450,7,i32
s450,7,i81
s450,8,i1
s450,8,i35
s450,8,i7
s450,8,i8
s450,9,i12
s450,9,i57
s450,9,i62
s450,9,i7
s450,9,i9
s450,10,i97
s450,11,i1
s450,11,i103
s450,11,i58
s450,11,i84
s450,12,i1
s450,12,i112
s450,12,i20
s450,12,i41
s451,1,i20
s451,1,i4
s451,1,i5
s451,2,i36
s451,2,i8
s451,3,i11
s451,3,i2
s451,3,i22
s451,3,i59
s451,4,i1
s451,4,i20
s451,4,i8
s451,5,i118
s451,5,i28
s451,6,i1
s451,6,i19
s451,6,i39
s451,6,i9
s451,7,i9
s451,8,i1
s451,8,i3
s451,9,i1
s451,9,i49
s451,9,i6
s451,10,i19
s451,10,i4
s451,11,i2
s451,12,i3
s451,12,i88
s451,12,i9
s452,1,i4
s452,2,i1
s452,3,i1
s452,3,i118
s452,4,i1
s452,4,i4
s452,5,i30
s452,5,i49
s452,5,i5
s452,6,i1
s452,6,i31
s452,6,i80
s452,7,i106
s452,7,i17
s452,7,i32
s452,7,i33
s452,7,i68
s452,7,i8
s452,7,i91
s452,8,i102
s452,8,i3
s452,8,i34
s452,9,i4
s452,9,i81
s452,10,i119
s452,10,i18
s452,10,i79
s453,1,i1
s453,1,i64
s453,1,i89
s453,1,i92
s453,2,i5
s453,3,i53
s453,3,i75
s453,4,i21
s453,5,i119
s453,6,i1
s453,6,i108
s453,6,i15
s453,6,i31
s453,7,i4
s453,7,i65
s454,1,i13
s454,1,i2
s454,1,i35
s454,2,i108
s454,2,i12
s454,3,i1
s454,3,i2
s454,3,i7
s454,3,i70
s454,4,i1
s454,5,i1
s454,5,i114
s454,5,i20
s454,5,i24
s454,6,i1
s454,6,i2
s454,6,i28
s454,7,i1
s454,8,i1
s454,8,i22
s454,8,i3
s454,9,i8
s454,10,i120
s454,10,i2
s454,10,i6
s455,1,i2
s455,2,i1
s455,2,i21
s455,2,i37
s455,2,i39
s455,3,i15
s455,3,i6
s455,3,i87
s455,4,i1
s455,4,i113
s455,4,i14
s455,4,i2
s455,4,i22
s455,5,i3
s455,5,i7
s455,6,i10
s455,6,i30
s455,6,i4
s455,6,i5
s455,6,i6
s455,7,i14
s455,7,i7
s455,7,i78
s456,1,i47
s456,1,i7
s456,1,i8
s456,2,i12
s456,3,i4
s456,4,i1
s456,4,i115
s456,4,i3
s456,5,i10
s456,5,i15
s456,5,i4
s456,5,i52
s456,5,i71
s456,6,i20
s456,6,i21
s456,6,i27
s456,6,i75
s456,7,i115
s456,7,i22
s456,7,i23
s456,7,i32
s456,7,i9
s456,8,i13
s457,1,i6
s457,2,i2
s457,2,i7
s457,2,i8
s457,3,i17
s457,3,i4
s457,3,i9
s457,4,i16
s457,4,i6
s457,5,i1
s457,5,i4
s457,6,i11
s457,6,i3
s457,6,i56
s457,7,i37
s458,1,i2
s458,1,i22
s458,1,i28
s458,1,i92
s458,2,i53
s458,3,i27
s458,4,i1
s458,4,i102
s458,4,i18
s458,5,i1
s458,5,i91
s458,6,i1
s458,6,i4
s458,6,i72
s458,7,i24
s458,7,i5
s458,8,i15
s458,8,i52
s458,9,i18
s458,9,i4
s458,9,i55
s458,10,i18
s458,10,i2
s458,11,i1
s458,11,i3
s459,1,i32
s459,2,i31
s459,2,i61
s459,3,i3
s459,3,i39
s459,3,i88
s459,4,i5
s459,5,i103
s459,5,i52
s459,5,i87
s459,6,i1
s459,6,i36
s459,6,i46
s459,6,i81
s459,7,i63
s459,8,i1
s459,8,i19
s459,8,i5
s459,8,i80
s459,9,i1
s459,9,i6
s459,10,i11
s459,10,i4
s459,11,i1
s459,12,i19
s459,12,i9
s459,12,i91
s459,13,i2
s459,14,i15
s459,14,i40
s460,1,i14
s460,1,i4
s460,1,i49
s460,1,i5
s460,2,i16
s460,2,i56
s460,2,i58
s460,3,i43
s460,3,i5
s460,3,i83
s460,4,i48
s460,5,i37
s460,5,i39
s460,5,i5
s460,5,i6
s460,6,i11
s460,6,i23
s460,6,i5
s460,6,i6
s460,7,i50
s460,7,i51
s460,7,i7
s460,8,i1
s460,8,i4
s460,8,i52
s460,8,i7
s461,1,i6
s461,1,i67
s461,1,i93
s461,2,i16
s461,2,i3
s461,3,i23
s461,3,i8
s461,4,i10
s461,4,i4
s461,5,i1
s461,5,i20
s461,5,i21
s461,5,i23
s461,5,i62
s461,6,i17
s461,6,i22
s461,6,i48
s461,6,i6
s461,6,i84
s461,7,i7
s461,7,i82
s461,8,i8
s461,9,i1
s461,9,i108
s461,9,i45
s461,10,i14
s461,10,i5
s461,11,i1
s461,11,i2
s461,11,i9
s462,1,i13
s462,2,i1
s462,2,i37
s462,3,i10
s462,3,i2
s462,3,i7
s462,4,i1
s462,4,i36
s462,4,i43
s462,5,i1
s462,5,i11
s462,5,i119
s462,6,i3
s462,6,i4
s462,7,i2
s462,7,i3
s462,8,i12
s462,8,i4
s462,8,i48
s462,8,i51
s462,9,i10
s462,9,i4
s462,9,i42
s462,9,i51
s462,9,i64
s462,10,i2
s462,10,i24
s462,10,i86
s462,11,i109
s462,11,i2
s462,11,i9
s463,1,i1
s463,2,i18
s463,2,i60
s463,3,i1
s463,3,i18
s463,3,i2
s463,3,i39
s463,3,i8
s463,4,i32
s463,5,i1
s463,5,i12
s463,5,i26
s463,5,i9
s463,6,i2
s463,6,i33
s463,6,i6
s463,7,i1
s463,7,i2
s463,8,i28
s463,8,i3
s463,8,i7
s463,9,i4
s463,9,i5
s463,10,i1
s463,11,i11
s463,11,i6
s463,12,i2
s463,12,i36
s463,12,i74
s464,1,i108
s464,1,i3
s464,1,i46
s464,1,i7
s464,2,i1
s464,2,i2
s464,2,i30
s464,3,i1
s464,3,i114
s464,3,i6
s464,3,i81
s464,4,i1
s464,5,i58
s464,6,i10
s464,6,i36
s464,6,i8
s464,7,i7
s464,7,i74
s464,8,i10
s464,8,i2
s464,8,i3
s464,8,i4
s464,8,i97
s464,9,i13
s464,9,i20
s464,9,i21
s464,9,i63
s464,10,i12
s464,10,i22
s464,10,i8
s464,10,i93
s464,11,i15
s464,11,i2
s464,11,i21
s464,11,i4
s464,12,i1
s464,12,i37
s464,12,i62
s464,13,i103
s464,13,i5
s464,14,i1
s464,14,i16
s464,14,i5
s464,14,i6
s465,1,i2
s465,1,i36
s465,1,i43
s465,1,i98
s465,2,i4
s465,2,i75
s465,3,i1
s465,3,i10
s465,4,i2
s465,4,i52
s465,4,i83
s465,5,i11
s465,5,i114
s465,5,i34
s465,5,i69
s465,6,i4
s465,7,i11
s465,7,i40
s465,7,i7
s465,7,i75
s465,8,i1
s465,8,i36
s465,9,i1
s465,9,i11
s465,10,i2
s465,10,i49
s465,11,i35
s465,11,i91
s465,12,i39
s465,12,i5
s465,12,i8
s466,1,i2
s466,1,i26
s466,1,i31
s466,1,i67
s466,2,i1
s466,2,i115
s466,2,i2
s466,2,i77
s466,3,i60
s466,4,i14
s466,4,i4
s466,4,i8
s466,5,i2
s466,5,i45
s466,6,i15
s466,6,i32
s466,6,i7
s466,6,i99
s467,1,i27
s467,1,i35
s467,1,i40
s467,1,i7
s467,2,i10
s467,2,i23
s467,2,i4
s467,3,i1
s467,3,i114
s467,4,i1
s467,4,i19
s467,4,i4
s467,4,i63
s467,5,i1
s467,5,i19
s467,5,i47
s467,6,i61
s467,7,i1
s467,8,i12
s467,8,i52
s467,8,i8
s467,9,i101
s467,9,i17
s467,10,i4
s467,11,i4
s467,12,i6
s468,1,i2
s468,1,i63
s468,2,i4
s468,3,i14
s468,3,i2
s468,3,i5
s468,4,i1
s468,5,i11
s468,5,i13
s468,5,i7
s468,6,i1
s468,6,i105
s468,6,i11
s468,6,i24
s468,7,i8
s469,1,i1
s469,1,i10
s469,1,i15
s469,1,i36
s469,2,i1
s469,2,i12
s469,2,i20
s469,2,i63
s469,3,i2
s469,3,i31
s469,3,i73
s469,4,i111
s469,4,i6
s469,4,i72
s469,5,i28
s469,5,i3
s469,5,i6
s469,6,i10
s469,6,i2
s469,6,i7
s469,7,i115
s469,7,i20
s469,8,i4
s469,8,i8
s469,9,i12
s470,1,i1
s470,2,i13
s470,2,i9
s470,2,i92
s470,3,i59
s470,4,i2
s470,5,i2
s470,5,i45
s470,5,i61
s470,6,i22
s470,6,i3
s470,6,i5
s470,6,i58
s470,7,i15
s470,7,i2
s470,8,i1
s470,8,i107
s470,8,i9
s470,9,i1
s470,9,i97
s470,10,i1
s470,10,i11
s470,10,i40
s470,11,i100
s470,11,i54
s470,12,i1
s470,13,i1
s470,13,i2
s470,13,i41
s470,14,i1
s470,14,i10
s470,14,i2
s470,14,i51
s471,1,i2
s471,1,i32
s471,2,i6
s471,3,i1
s471,3,i114
s471,3,i25
s471,3,i92
s471,4,i12
s471,4,i21
s471,4,i32
s471,4,i94
s471,5,i24
s471,5,i48
s471,5,i6
s471,5,i8
s471,6,i16
s471,6,i3
s471,6,i38
s471,6,i4
s471,7,i2
s471,7,i61
s471,8,i115
s471,8,i7
s471,9,i25
s471,9,i51
s471,10,i1
s471,10,i4
s472,1,i1
s472,1,i12
s472,1,i3
s472,1,i35
s472,2,i1
s472,2,i21
s472,2,i36
s472,2,i53
s472,2,i98
s472,3,i1
s472,4,i1
s472,4,i8
s472,4,i9
s472,5,i31
s472,5,i66
s472,6,i2
s472,6,i5
s472,6,i71
s472,6,i89
s473,1,i1
s473,1,i20
s473,1,i23
s473,1,i81
s473,2,i59
s473,3,i114
s473,3,i4
s473,3,i63
s473,3,i8
s473,4,i10
s473,4,i118
s473,4,i75
s473,5,i20
s473,5,i21
s473,5,i35
s473,5,i59
s473,5,i7
s473,5,i8
s473,6,i17
s473,6,i22
s473,6,i5
s473,7,i1
s473,7,i115
s473,7,i14
s473,8,i34
s473,9,i1
s473,9,i5
s473,9,i8
s473,10,i19
s473,10,i22
s473,10,i5
s473,10,i53
s473,11,i102
s473,11,i14
s473,11,i61
s474,1,i38
s474,1,i66
s474,1,i7
s474,1,i86
s474,2,i1
s474,2,i40
s474,2,i58
s474,3,i16
s474,4,i1
s474,4,i10
s474,5,i1
s474,5,i16
s474,5,i69
s474,5,i7
s474,5,i8
s474,6,i101
s474,6,i17
s474,6,i6
s474,6,i9
s474,7,i1
s474,7,i26
s474,8,i50
s474,8,i51
s474,8,i90
s474,9,i1
s474,9,i49
s474,9,i52
s474,9,i8
s474,9,i9
s474,10,i15
s474,11,i114
s474,11,i32
s475,1,i74
s475,2,i1
s475,2,i62
s475,3,i112
s475,4,i24
s475,4,i32
s475,4,i43
s475,5,i18
s475,5,i23
s475,5,i25
s475,5,i4
s475,5,i93
s475,6,i44
s475,6,i9
s475,7,i12
s475,7,i9
s475,8,i46
s475,8,i58
s475,9,i12
s475,9,i15
s475,9,i30
s475,9,i72
s475,10,i17
s475,10,i30
s475,10,i31
s475,11,i10
s475,11,i16
s475,11,i31
s475,11,i32
s475,11,i33
s475,11,i91
s475,12,i34
s475,12,i41
s475,13,i11
s475,13,i8
s476,1,i10
s476,1,i20
s476,2,i1
s476,2,i18
s476,2,i20
s476,2,i21
s476,2,i28
s476,2,i59
s476,2,i8
s476,3,i11
s476,3,i22
s476,4,i19
s476,4,i5
s476,4,i57
s476,5,i13
s476,5,i2
s476,5,i23
s476,5,i5
s476,6,i1
s476,6,i65
s476,6,i86
s476,7,i5
s476,8,i1
s476,8,i10
s476,8,i80
s476,9,i13
s476,9,i20
s476,9,i21
s476,10,i100
s476,10,i22
s476,11,i1
s476,11,i111
s476,11,i16
s476,11,i6
s476,12,i1
s476,12,i7
s476,12,i74
s476,13,i22
s476,13,i4
s476,14,i11
s476,14,i19
s476,14,i3
s476,14,i6
s476,14,i79
s477,1,i27
s477,1,i41
s477,2,i28
s477,3,i13
s477,3,i45
s477,4,i8
s477,5,i2
s477,5,i23
s477,5,i3
s477,6,i2
s477,6,i27
s477,7,i1
s478,1,i52
s478,1,i58
s478,2,i2
s478,2,i20
s478,2,i36
s478,2,i7
s478,3,i118
s478,3,i35
s478,3,i5
s478,4,i57
s478,5,i22
s478,5,i30
s478,5,i8
s478,6,i13
s478,6,i17
s478,6,i3
s478,6,i39
s479,1,i1
s479,1,i3
s479,1,i5
s479,2,i110
s479,2,i30
s479,2,i81
s479,2,i9
s479,3,i31
s479,3,i7
s479,3,i74
s479,3,i8
s479,4,i19
s479,4,i30
s479,4,i69
s479,4,i9
s479,5,i1
s479,5,i2
s479,5,i26
s479,5,i3
s479,5,i63
s479,5,i69
s479,6,i1
s479,6,i15
s479,6,i3
s479,7,i1
s479,7,i12
s479,7,i14
s479,7,i16
s479,7,i4
s479,7,i5
s479,8,i2
s479,8,i77
s479,9,i28
s479,9,i30
s479,10,i1
s479,10,i119
s479,10,i34
s479,10,i40
s479,10,i72
s480,1,i1
s480,1,i114
s480,1,i2
s480,1,i60
s480,2,i19
s480,2,i35
s480,3,i22
s480,3,i4
s480,3,i66
s480,3,i85
s480,4,i1
s480,4,i108
s480,4,i31
s480,5,i1
s480,5,i19
s480,6,i1
s480,6,i2
s480,7,i10
s480,7,i5
s480,8,i1
s480,8,i104
s480,8,i20
s480,8,i21
s480,9,i2
s480,9,i22
s480,9,i78
s480,10,i33
s480,10,i34
s480,10,i49
s480,11,i1
s480,11,i25
s480,11,i5
s480,11,i63
s480,12,i1
s481,1,i10
s481,1,i59
s481,1,i78
s481,2,i35
s481,2,i56
s481,2,i6
s481,2,i84
s481,3,i2
s481,3,i3
s481,3,i38
s481,3,i6
s481,4,i4
s481,5,i55
s481,6,i21
s481,7,i10
s481,7,i12
s481,8,i20
s481,8,i21
s481,8,i46
s481,8,i6
s481,9,i12
s481,9,i22
s481,9,i36
s481,9,i9
s481,9,i90
s481,10,i10
s481,10,i9
s481,11,i1
s481,11,i31
s481,11,i66
s482,1,i2
s482,2,i15
s482,2,i16
s482,2,i51
s482,3,i1
s482,3,i20
s482,3,i25
s482,4,i23
s482,5,i53
s482,6,i10
s482,6,i100
s482,6,i13
s482,6,i6
s482,7,i17
s482,7,i39
s482,7,i60
s482,8,i36
s482,8,i87
s482,9,i1
s482,9,i32
s482,9,i47
s482,10,i16
s482,10,i51
s482,10,i62
s483,1,i1
s483,1,i2
s483,1,i4
s483,1,i68
s483,2,i7
s483,2,i8
s483,3,i18
s483,3,i52
s483,4,i12
s483,4,i3
s483,5,i1
s483,5,i2
s483,5,i24
s483,5,i7
s483,6,i44
s483,7,i15
s483,7,i81
s483,8,i3
s483,8,i7
s483,8,i77
s483,9,i78
s483,10,i21
s483,10,i31
s484,1,i1
s484,1,i2
s484,1,i21
s484,2,i11
s484,2,i23
s484,2,i51
s484,2,i6
s484,2,i8
s484,3,i15
s484,3,i24
s484,3,i65
s484,4,i41
s484,5,i2
s484,5,i22
s484,6,i52
s484,7,i10
s484,7,i13
s484,7,i49
s484,7,i6
s485,1,i10
s485,2,i3
s485,2,i7
s485,3,i1
s485,3,i2
s485,3,i28
s485,3,i57
s485,4,i18
s485,4,i19
s485,4,i3
s485,5,i2
s485,5,i27
s485,5,i76
s485,6,i11
s485,6,i3
s485,6,i50
s485,6,i8
s485,7,i34
s485,7,i4
s485,8,i1
s485,8,i38
s485,8,i4
s485,8,i53
s485,9,i1
s485,9,i30
s485,10,i1
s485,10,i10
s485,10,i31
s485,11,i1
s485,11,i3
s485,11,i32
s485,11,i33
s485,11,i5
s485,11,i7
s485,12,i1
s485,12,i3
s485,12,i34
s485,13,i18
s485,13,i3
s485,13,i7
s486,1,i19
s486,1,i3
s486,1,i65
s486,2,i28
s486,3,i23
s486,3,i42
s486,4,i10
s486,4,i2
s486,4,i28
s486,4,i6
s486,5,i3
s486,6,i106
s486,7,i1
s486,7,i19
s486,7,i29
s486,7,i3
s486,7,i74
s487,1,i2
s487,2,i1
s487,2,i51
s487,3,i1
s487,3,i2
s487,3,i4
s487,3,i5
s487,3,i55
s487,4,i2
s487,4,i3
s487,4,i6
s487,4,i60
s487,4,i8
s487,5,i1
s487,5,i10
s487,5,i30
s487,5,i4
s487,5,i42
s487,5,i5
s487,5,i9
s487,6,i3
s487,6,i31
s487,6,i43
s487,6,i45
s487,6,i6
s487,6,i67
s487,7,i1
s487,7,i10
s487,7,i3
s487,7,i32
s487,7,i33
s487,7,i90
s487,8,i11
s487,8,i2
s487,8,i34
s487,9,i1
s487,9,i41
s487,9,i44
s487,9,i61
s487,10,i104
s487,10,i31
s487,10,i5
s487,11,i1
s487,11,i2
s487,11,i40
s487,11,i9
s488,1,i1
s488,1,i15
s488,1,i2
s488,2,i1
s488,2,i3
s488,2,i4
s488,2,i90
s488,3,i111
s488,3,i7
s488,3,i8
s488,4,i18
s488,4,i3
s488,4,i51
s488,4,i91
s488,5,i4
s488,6,i3
s488,6,i8
s488,7,i101
s488,7,i2
s488,7,i20
s489,1,i1
s489,1,i13
s489,2,i1
s489,2,i4
s489,3,i1
s489,3,i21
s489,3,i34
s489,3,i43
s489,4,i15
s489,4,i2
s489,4,i4
s489,5,i17
s489,6,i13
s489,6,i29
s489,6,i32
s489,6,i67
s489,7,i12
s489,7,i4
s489,7,i63
s490,1,i1
s490,1,i2
s490,1,i4
s490,1,i73
s490,2,i115
s490,2,i42
s490,2,i53
s490,2,i6
s490,3,i118
s490,4,i10
s490,5,i117
s490,5,i3
s490,5,i8
s490,6,i2
s491,1,i1
s491,1,i44
s491,1,i45
s491,1,i59
s491,2,i1
s491,2,i14
s491,2,i3
s491,2,i87
s491,3,i16
s491,3,i34
s491,4,i8
s491,5,i1
s491,5,i36
s491,6,i14
s491,7,i1
s491,7,i35
s491,7,i54
s491,7,i6
s491,8,i1
s491,8,i9
s491,9,i12
s491,10,i1
s491,10,i4
s491,10,i67
s491,11,i3
s492,1,i15
s492,1,i3
s492,1,i6
s492,2,i33
s492,2,i88
s492,3,i2
s492,4,i2
s492,4,i23
s492,5,i1
s492,5,i57
s492,6,i43
s492,6,i5
s492,6,i76
s492,7,i63
s492,7,i73
s492,7,i82
s492,8,i60
s492,9,i1
s492,9,i8
s492,10,i1
s492,10,i22
s492,10,i3
s492,10,i6
s493,1,i3
s493,1,i5
s493,2,i15
s493,2,i22
s493,2,i42
s493,2,i50
s493,2,i7
s493,2,i8
s493,3,i21
s493,3,i35
s493,3,i5
s493,3,i77
s493,3,i9
s493,4,i1
s493,4,i114
s493,4,i87
s493,5,i11
s493,5,i36
s493,6,i5
s493,6,i98
s493,7,i1
s493,7,i3
s493,7,i75
s493,7,i8
s493,8,i11
s493,8,i94
s493,9,i1
s493,9,i30
s493,10,i2
s493,10,i37
s494,1,i1
s494,1,i58
s494,2,i2
s494,2,i3
s494,3,i1
s494,4,i2
s494,4,i4
s494,4,i47
s494,5,i1
s494,5,i114
s494,5,i2
s494,6,i23
s494,6,i45
s494,6,i57
s494,7,i1
s494,7,i36
s494,7,i9
s494,7,i95
s494,8,i112
s494,8,i30
s494,8,i4
s494,8,i9
s494,9,i1
s494,9,i14
s494,9,i2
s494,10,i82
s494,11,i27
s494,11,i5
s494,12,i33
s494,13,i1
s494,13,i8
s494,14,i1
s494,14,i7
s495,1,i1
s495,1,i103
s495,2,i10
s495,2,i120
s495,2,i31
s495,2,i38
s495,3,i20
s495,3,i3
s495,4,i1
s495,4,i20
s495,5,i1
s495,5,i24
s495,6,i5
s495,6,i51
s495,7,i4
s495,7,i7
s495,8,i2
s495,8,i4
s496,1,i101
s496,1,i4
s496,2,i96
s496,3,i10
s496,3,i14
s496,3,i24
s496,3,i41
s496,4,i2
s496,4,i3
s496,4,i58
s496,5,i18
s496,5,i6
s496,5,i98
s496,6,i6
s496,6,i63
s496,7,i19
s496,7,i2
s496,7,i46
s496,8,i24
s496,8,i76
s496,8,i89
s496,9,i3
s496,9,i50
s496,9,i51
s496,10,i23
s496,10,i3
s496,10,i30
s496,10,i4
s496,10,i52
s496,10,i65
s496,11,i1
s496,11,i11
s496,11,i31
s496,11,i56
s496,12,i1
s496,12,i32
s496,12,i33
s496,13,i100
s496,13,i18
s496,13,i34
s496,13,i4
s496,14,i114
s496,14,i24
s496,14,i43
s497,1,i1
s497,1,i11
s497,1,i36
s497,1,i68
s497,2,i1
s497,2,i10
s497,2,i21
s497,2,i4
s497,3,i4
s497,3,i55
s497,4,i1
s497,4,i62
s497,4,i8
s497,4,i9
s497,5,i29
s497,5,i41
s497,6,i30
s497,6,i34
s497,6,i7
s497,6,i98
s497,7,i2
s497,7,i35
s497,8,i10
s497,8,i24
s497,8,i27
s497,9,i77
s497,10,i28
s497,10,i5
s497,10,i85
s498,1,i1
s498,1,i2
s498,1,i44
s498,1,i6
s498,1,i61
s498,2,i10
s498,2,i3
s498,2,i54
s498,3,i103
s498,3,i4
s498,3,i5
s498,3,i55
s498,3,i82
s498,4,i112
s498,4,i5
s498,5,i17
s498,5,i74
s498,6,i44
s498,6,i46
s498,6,i5
s498,6,i75
s498,7,i26
s498,8,i15
s498,8,i4
s498,9,i2
s498,9,i32
s498,9,i70
s498,9,i73
s499,1,i10
s499,1,i20
s499,2,i106
s499,3,i1
s499,3,i4
s499,4,i2
s499,4,i30
s499,4,i37
s499,4,i73
s499,5,i1
s499,5,i3
s499,5,i31
s499,5,i46
s499,5,i5
s499,5,i98
s499,6,i26
s499,6,i3
s499,6,i32
s499,6,i33
s499,6,i4
s499,6,i5
s499,7,i17
s499,7,i3
s499,7,i34
s499,7,i39
s499,7,i44
s500,1,i1
s500,1,i38
s500,1,i43
s500,1,i77
s500,2,i11
s500,2,i5
s500,2,i72
s500,2,i78
s500,2,i9
s500,3,i8
s500,3,i97
s500,4,i15
s500,4,i35
s500,4,i83
s500,5,i14
s500,5,i4
s500,5,i49
s500,5,i58
s500,6,i29
s500,6,i33
s500,6,i97
s500,7,i2
s500,7,i6
