transaction_id,item
t1,i97
t1,i1
t1,i4
t1,i111
t1,i53
t1,i114
t1,i117
t1,i33
t1,i39
t1,i106
t1,i65
t1,i54
t1,i60
t1,i91
t1,i72
t1,i92
t1,i2
t1,i48
t1,i102
t1,i81
t2,i15
t2,i69
t2,i37
t3,i27
t4,i110
t4,i4
t5,i72
t5,i71
t5,i38
t5,i116
t5,i54
t6,i65
t7,i115
t7,i43
t8,i99
t8,i63
t8,i95
t9,i49
t9,i100
t9,i54
t10,i43
t11,i37
t11,i86
t12,i30
t13,i110
t13,i15
t13,i72
t13,i37
t13,i31
t14,i100
t14,i22
t14,i30
t15,i72
t15,i92
t16,i72
t17,i97
t17,i25
t17,i23
t17,i60
t17,i80
t17,i31
t17,i65
t18,i110
t18,i37
t19,i110
t19,i46
t19,i108
t19,i100
t19,i72
t19,i8
t19,i92
t19,i37
t19,i23
t19,i41
t20,i69
t20,i71
t20,i60
t20,i43
t20,i88
t21,i89
t21,i97
t21,i84
t21,i85
t21,i37
t21,i25
t21,i96
t22,i90
t22,i101
t23,i100
t23,i72
t23,i57
t23,i10
t23,i82
t23,i54
t24,i15
t24,i51
t24,i97
t24,i84
t24,i4
t24,i60
t24,i113
t24,i109
t25,i37
t26,i83
t26,i100
t26,i99
t26,i4
t26,i71
t26,i45
t27,i55
t27,i100
t27,i72
t27,i71
t27,i38
t27,i8
t27,i92
t27,i48
t27,i40
t28,i101
t29,i72
t29,i37
t29,i23
t29,i25
t29,i43
t30,i49
t30,i100
t30,i117
t30,i72
t31,i59
t31,i107
t31,i63
t31,i66
t32,i72
t32,i25
t32,i4
t32,i37
t33,i110
t33,i43
t33,i103
t34,i49
t34,i104
t34,i25
t35,i30
t36,i87
t36,i100
t36,i92
t36,i40
t37,i38
t37,i43
t38,i89
t38,i55
t38,i72
t39,i72
t39,i17
t39,i33
t40,i87
t40,i22
t40,i54
t41,i100
t42,i46
t42,i49
t42,i100
t42,i72
t42,i60
t42,i116
t42,i48
t42,i40
t43,i100
t44,i99
t44,i69
t44,i61
t44,i101
t45,i40
t46,i99
t46,i4
t46,i43
t46,i61
t46,i12
t46,i10
t46,i82
t46,i54
t47,i72
t47,i23
t47,i21
t47,i29
t48,i72
t48,i13
t49,i4
t49,i75
t50,i15
t50,i8
t50,i54
t51,i100
t51,i25
t51,i12
t51,i113
t51,i54
t52,i46
t52,i72
t52,i37
t53,i100
t53,i75
t54,i100
t54,i25
t55,i43
t55,i40
t55,i22
t56,i107
t56,i64
t57,i110
t57,i46
t57,i49
t57,i108
t57,i55
t57,i100
t57,i72
t57,i25
t57,i99
t57,i71
t57,i81
t58,i37
t58,i30
t59,i99
t59,i23
t59,i56
t59,i98
t59,i10
t59,i39
t59,i54
t60,i110
t60,i49
t60,i72
t60,i28
t60,i31
t60,i54
t61,i100
t62,i29
t63,i39
t64,i99
t64,i13
t64,i95
t64,i88
t64,i54
t65,i110
t65,i37
t66,i43
t67,i25
t67,i71
t68,i59
t68,i115
t68,i55
t68,i72
t68,i4
t68,i28
t68,i116
t69,i30
t70,i97
t70,i84
t71,i51
t71,i59
t71,i108
t71,i107
t71,i32
t72,i15
t72,i40
t72,i95
t73,i30
t74,i118
t75,i99
t75,i37
t76,i30
t77,i72
t77,i25
t77,i65
t78,i37
t78,i103
t79,i51
t79,i55
t79,i100
t79,i72
t79,i113
t80,i73
t81,i37
t81,i17
t81,i43
t82,i15
t82,i100
t82,i71
t82,i43
t82,i54
t83,i72
t83,i38
t83,i16
t83,i43
t84,i15
t84,i51
t84,i59
t84,i72
t84,i37
t84,i31
t85,i38
t86,i38
t86,i39
t87,i25
t87,i48
t88,i65
t89,i3
t89,i91
t90,i15
t90,i43
t90,i65
t90,i54
t91,i65
t92,i15
t92,i59
t92,i97
t92,i84
t92,i100
t92,i72
t92,i69
t92,i81
t92,i38
t92,i44
t92,i37
t92,i93
t93,i22
t93,i65
t94,i22
t95,i15
t95,i1
t95,i37
t95,i43
t95,i30
t95,i54
t96,i57
t96,i99
t96,i40
t96,i10
t97,i110
t97,i57
t97,i49
t97,i85
t97,i80
t97,i41
t97,i105
t97,i66
t98,i75
t98,i37
t98,i30
t99,i30
t100,i49
t100,i115
t100,i55
t100,i100
t100,i25
t100,i54
t101,i72
t101,i7
t101,i25
t102,i15
t102,i59
t102,i38
t102,i1
t102,i37
t102,i32
t102,i68
t102,i119
t103,i110
t103,i15
t103,i55
t103,i25
t103,i99
t103,i1
t103,i37
t103,i61
t103,i33
t104,i57
t104,i100
t104,i25
t104,i37
t105,i55
t105,i38
t105,i86
t105,i19
t105,i88
t106,i55
t106,i107
t106,i100
t106,i72
t106,i1
t106,i37
t107,i72
t107,i81
t107,i56
t107,i31
t108,i97
t108,i84
t108,i72
t108,i99
t108,i4
t108,i71
t108,i81
t108,i53
t108,i37
t108,i13
t109,i97
t109,i84
t109,i99
t109,i17
t109,i31
t109,i23
t109,i64
t109,i65
t110,i100
t110,i72
t110,i25
t110,i43
t110,i22
t110,i40
t110,i76
t110,i45
t111,i97
t111,i84
t111,i72
t111,i37
t112,i15
t112,i80
t112,i106
t112,i45
t113,i44
t113,i37
t113,i25
t113,i65
t114,i23
t114,i37
t114,i43
t114,i82
t115,i110
t115,i59
t115,i92
t115,i113
t115,i18
t116,i51
t116,i100
t116,i81
t116,i37
t116,i43
t116,i54
t117,i72
t117,i38
t118,i37
t118,i43
t119,i15
t119,i108
t119,i72
t119,i99
t119,i71
t119,i1
t119,i37
t119,i25
t119,i106
t120,i75
t121,i84
t122,i108
t122,i100
t122,i48
t123,i55
t123,i100
t123,i71
t124,i43
t125,i25
t125,i71
t126,i15
t126,i97
t126,i84
t126,i49
t126,i100
t126,i72
t126,i71
t126,i37
t126,i25
t126,i43
t126,i82
t126,i65
t127,i55
t127,i72
t127,i2
t127,i88
t128,i51
t128,i115
t128,i55
t128,i100
t128,i17
t128,i39
t129,i51
t130,i82
t131,i48
t132,i19
t132,i54
t133,i25
t134,i110
t134,i15
t134,i25
t134,i81
t134,i37
t134,i31
t134,i32
t135,i49
t135,i108
t135,i85
t135,i100
t135,i72
t135,i82
t135,i23
t135,i24
t135,i105
t135,i43
t135,i106
t135,i45
t136,i30
t137,i55
t138,i110
t138,i37
t138,i25
t138,i48
t138,i106
t139,i49
t139,i31
t139,i67
t140,i49
t140,i55
t140,i107
t140,i72
t140,i69
t140,i81
t140,i63
t140,i106
t141,i89
t141,i100
t141,i72
t141,i99
t141,i71
t141,i37
t141,i17
t141,i56
t141,i31
t141,i25
t141,i48
t142,i25
t142,i108
t142,i100
t142,i72
t142,i4
t142,i71
t142,i81
t142,i37
t142,i90
t142,i43
t142,i12
t143,i25
t143,i97
t143,i84
t143,i49
t143,i55
t143,i72
t143,i78
t143,i37
t144,i110
t144,i97
t144,i84
t144,i85
t144,i100
t144,i72
t144,i37
t144,i23
t144,i43
t145,i30
t146,i110
t146,i108
t146,i17
t147,i117
t147,i72
t147,i99
t147,i71
t147,i82
t147,i116
t147,i7
t147,i19
t147,i25
t147,i22
t148,i90
t149,i25
t149,i71
t150,i97
t150,i84
t150,i49
t150,i112
t151,i15
t151,i72
t151,i71
t151,i37
t151,i116
t151,i73
t152,i72
t152,i111
t152,i17
t152,i48
t152,i12
t153,i30
t154,i97
t154,i84
t154,i23
t154,i26
t155,i95
t156,i97
t156,i84
t156,i100
t156,i37
t156,i61
t156,i54
t157,i15
t158,i89
t158,i55
t158,i100
t158,i72
t158,i71
t158,i81
t158,i104
t158,i63
t158,i31
t159,i15
t159,i51
t159,i100
t159,i4
t159,i71
t159,i80
t159,i43
t160,i59
t160,i115
t160,i55
t160,i72
t160,i81
t161,i97
t161,i84
t161,i117
t161,i71
t161,i25
t162,i16
t162,i54
t163,i64
t164,i65
t165,i59
t165,i97
t165,i84
t165,i100
t165,i71
t166,i15
t166,i37
t167,i110
t167,i59
t167,i55
t167,i99
t167,i4
t167,i71
t167,i8
t167,i37
t167,i7
t167,i19
t167,i30
t167,i106
t167,i45
t168,i30
t169,i40
t170,i85
t170,i43
t170,i103
t170,i82
t170,i65
t171,i49
t171,i117
t171,i23
t171,i60
t171,i64
t172,i25
t172,i22
t173,i59
t173,i60
t173,i17
t173,i90
t173,i88
t174,i15
t174,i25
t174,i49
t174,i55
t174,i72
t174,i71
t174,i64
t174,i3
t175,i25
t175,i72
t175,i32
t175,i33
t175,i54
t176,i75
t177,i57
t177,i44
t177,i40
t178,i100
t178,i71
t178,i116
t178,i74
t179,i25
t179,i10
t180,i49
t180,i43
t180,i61
t181,i18
t182,i15
t182,i97
t182,i84
t182,i71
t182,i54
t182,i43
t182,i30
t182,i113
t183,i83
t183,i55
t184,i82
t184,i116
t184,i18
t185,i37
t185,i36
t185,i30
t186,i49
t186,i72
t187,i25
t188,i110
t188,i100
t188,i71
t188,i116
t188,i25
t189,i115
t189,i55
t189,i100
t189,i99
t189,i69
t189,i23
t189,i9
t189,i31
t189,i22
t189,i118
t189,i88
t190,i31
t190,i106
t191,i49
t191,i71
t191,i37
t191,i43
t191,i54
t192,i46
t192,i100
t192,i81
t192,i44
t192,i37
t192,i43
t192,i22
t192,i82
t192,i64
t193,i89
t193,i60
t193,i61
t194,i71
t194,i6
t194,i37
t194,i43
t194,i45
t195,i43
t195,i118
t196,i71
t197,i43
t198,i25
t199,i15
t199,i57
t199,i89
t200,i97
t200,i84
t200,i108
t200,i38
t200,i44
t200,i2
t200,i43
t200,i48
t200,i12
t201,i54
t202,i65
t203,i110
t203,i100
t203,i72
t203,i99
t203,i102
t203,i98
t203,i39
t203,i93
t204,i110
t204,i37
t205,i13
t205,i61
t206,i80
t207,i99
t207,i38
t207,i23
t207,i37
t207,i17
t207,i43
t207,i10
t207,i103
t208,i100
t208,i25
t208,i118
t209,i110
t209,i72
t209,i69
t210,i55
t210,i72
t210,i25
t210,i47
t210,i6
t210,i61
t211,i49
t211,i72
t211,i111
t211,i40
t212,i59
t212,i89
t212,i108
t213,i115
t213,i81
t213,i21
t213,i12
t213,i54
t214,i30
t215,i81
t215,i30
t215,i76
t216,i55
t216,i82
t216,i31
t216,i50
t216,i64
t217,i72
t217,i43
t218,i59
t219,i92
t220,i37
t220,i40
t221,i72
t221,i106
t222,i72
t223,i97
t223,i72
t223,i99
t223,i8
t224,i17
t224,i48
t225,i110
t225,i15
t225,i51
t225,i108
t225,i25
t225,i47
t225,i60
t225,i116
t226,i49
t226,i55
t226,i72
t226,i81
t226,i82
t227,i110
t227,i15
t227,i55
t227,i71
t227,i81
t227,i17
t227,i45
t228,i115
t228,i55
t228,i100
t228,i117
t228,i72
t228,i99
t228,i27
t228,i21
t228,i39
t228,i88
t229,i37
t229,i116
t229,i17
t229,i54
t229,i40
t230,i55
t230,i117
t230,i99
t230,i4
t230,i92
t230,i54
t231,i71
t232,i100
t232,i25
t233,i115
t233,i60
t234,i115
t234,i54
t235,i100
t235,i69
t235,i111
t235,i25
t236,i37
t236,i65
t237,i46
t237,i97
t237,i84
t237,i72
t237,i81
t237,i37
t237,i17
t237,i12
t237,i106
t238,i72
t238,i53
t238,i61
t238,i45
t239,i49
t239,i69
t239,i37
t239,i25
t240,i25
t241,i69
t241,i71
t242,i65
t243,i54
t244,i40
t244,i84
t245,i85
t245,i25
t245,i81
t245,i44
t245,i92
t245,i90
t245,i64
t245,i45
t245,i66
t246,i89
t246,i44
t246,i111
t246,i90
t246,i29
t246,i61
t246,i54
t247,i15
t247,i35
t247,i100
t247,i23
t247,i17
t247,i88
t247,i54
t248,i44
t248,i17
t248,i45
t249,i15
t249,i49
t249,i42
t249,i37
t250,i89
t251,i85
t251,i72
t251,i38
t251,i53
t252,i71
t252,i37
t252,i17
t252,i25
t252,i43
t252,i54
t253,i43
t254,i1
t255,i15
t255,i72
t255,i54
t256,i71
t256,i82
t257,i82
t257,i37
t257,i93
t257,i106
t258,i72
t259,i57
t259,i100
t259,i72
t259,i81
t260,i93
t260,i106
t260,i45
t261,i100
t261,i76
t262,i100
t262,i72
t262,i37
t262,i86
t263,i49
t263,i100
t264,i39
t265,i75
t266,i110
t266,i71
t267,i30
t268,i25
t269,i100
t269,i72
t269,i37
t269,i31
t269,i25
t269,i40
t270,i97
t270,i49
t270,i85
t270,i100
t270,i54
t271,i15
t271,i46
t271,i89
t271,i72
t271,i43
t271,i58
t271,i65
t272,i82
t272,i37
t272,i39
t272,i45
t273,i104
t273,i92
t273,i54
t273,i43
t273,i48
t273,i61
t274,i51
t274,i97
t274,i84
t274,i108
t274,i71
t274,i48
t274,i94
t275,i59
t275,i115
t275,i81
t275,i82
t275,i37
t276,i100
t276,i2
t277,i25
t277,i71
t277,i1
t277,i37
t277,i103
t277,i113
t278,i43
t278,i103
t279,i72
t280,i37
t281,i40
t282,i17
t283,i115
t283,i2
t283,i10
t283,i54
t284,i72
t284,i80
t284,i48
t285,i43
t285,i22
t286,i25
t286,i43
t287,i49
t287,i100
t287,i37
t288,i61
t289,i25
t289,i30
t290,i82
t291,i97
t291,i16
t291,i23
t291,i92
t292,i25
t292,i30
t292,i5
t293,i85
t293,i100
t293,i17
t293,i25
t293,i43
t293,i45
t294,i4
t294,i80
t294,i21
t294,i43
t295,i59
t295,i100
t295,i72
t295,i102
t295,i37
t295,i80
t295,i31
t295,i54
t295,i96
t295,i106
t295,i65
t296,i59
t296,i49
t296,i55
t296,i85
t296,i100
t296,i74
t296,i43
t297,i43
t298,i54
t298,i106
t299,i37
t299,i116
t299,i25
t300,i51
t300,i59
t300,i89
t300,i100
t300,i72
t300,i92
t300,i37
t300,i31
t300,i54
t301,i43
t301,i30
t301,i95
t301,i106
t301,i45
t301,i65
t302,i15
t302,i46
t302,i100
t302,i75
t302,i60
t303,i59
t303,i55
t303,i100
t303,i37
t303,i23
t304,i51
t304,i75
t304,i106
t304,i68
t305,i115
t305,i117
t305,i72
t305,i75
t305,i48
t305,i61
t305,i39
t306,i15
t306,i100
t306,i99
t306,i71
t306,i81
t306,i92
t306,i37
t306,i9
t307,i25
t307,i22
t307,i66
t308,i49
t308,i100
t308,i117
t308,i72
t308,i44
t308,i53
t308,i90
t308,i25
t309,i107
t309,i25
t310,i71
t310,i37
t311,i86
t312,i118
t313,i54
t314,i40
t314,i84
t315,i59
t315,i55
t316,i72
t316,i60
t316,i12
t317,i110
t317,i37
t317,i17
t317,i39
t318,i110
t318,i15
t318,i35
t318,i55
t318,i99
t318,i92
t318,i37
t318,i56
t318,i106
t318,i18
t319,i100
t319,i72
t319,i23
t320,i110
t320,i55
t320,i19
t320,i43
t320,i70
t321,i72
t321,i37
t321,i65
t322,i110
t322,i31
t322,i96
t323,i100
t323,i61
t324,i25
t324,i54
t325,i51
t325,i85
t325,i72
t325,i25
t325,i37
t325,i17
t325,i67
t325,i106
t326,i25
t327,i100
t327,i81
t327,i104
t327,i82
t328,i89
t328,i72
t328,i99
t328,i90
t328,i30
t329,i89
t329,i97
t329,i100
t330,i54
t331,i72
t331,i23
t331,i43
t331,i48
t332,i75
t333,i17
t333,i25
t334,i46
t334,i108
t334,i72
t334,i99
t334,i4
t334,i69
t334,i81
t335,i110
t335,i43
t336,i15
t336,i110
t336,i59
t336,i55
t336,i82
t336,i37
t336,i63
t336,i90
t336,i22
t336,i45
t337,i40
t338,i25
t338,i40
t338,i45
t339,i57
t339,i100
t339,i44
t339,i111
t339,i25
t339,i43
t340,i4
t340,i64
t341,i100
t341,i117
t341,i16
t341,i25
t342,i38
t342,i37
t342,i43
t343,i46
t343,i7
t343,i36
t344,i39
t345,i116
t345,i43
t345,i61
t345,i54
t346,i72
t346,i23
t346,i54
t347,i37
t347,i17
t347,i76
t348,i40
t349,i2
t349,i40
t350,i97
t350,i100
t350,i43
t351,i51
t351,i100
t351,i92
t351,i106
t352,i100
t352,i54
t353,i22
t353,i88
t354,i72
t354,i4
t354,i25
t355,i108
t355,i22
t355,i54
t356,i23
t356,i43
t356,i40
t357,i49
t357,i108
t357,i37
t357,i54
t357,i48
t357,i64
t358,i55
t358,i23
t358,i28
t358,i53
t358,i60
t358,i25
t358,i43
t358,i22
t358,i48
t358,i40
t359,i43
t359,i22
t360,i72
t360,i99
t361,i49
t361,i100
t361,i71
t361,i25
t361,i5
t362,i60
t362,i116
t363,i116
t363,i23
t363,i106
t364,i82
t365,i54
t365,i88
t365,i106
t365,i18
t366,i43
t367,i72
t368,i40
t369,i51
t369,i59
t369,i115
t369,i117
t369,i72
t369,i6
t369,i78
t369,i102
t370,i100
t370,i71
t371,i71
t371,i25
t371,i113
t372,i94
t373,i25
t373,i64
t374,i97
t374,i115
t374,i100
t374,i69
t374,i23
t374,i48
t374,i106
t375,i89
t375,i55
t375,i100
t375,i72
t375,i37
t376,i117
t376,i70
t377,i100
t377,i31
t378,i43
t379,i72
t379,i71
t379,i102
t379,i31
t379,i25
t379,i48
t379,i61
t380,i107
t380,i71
t381,i97
t381,i28
t381,i37
t381,i43
t382,i22
t383,i91
t384,i43
t385,i49
t385,i72
t385,i38
t385,i60
t385,i90
t385,i54
t386,i43
t386,i91
t387,i60
t387,i25
t387,i43
t387,i12
t388,i54
t388,i103
t388,i50
t389,i49
t389,i55
t389,i72
t389,i92
t389,i60
t389,i41
t389,i54
t389,i76
t389,i50
t390,i51
t390,i108
t390,i72
t390,i69
t391,i97
t391,i25
t391,i112
t392,i110
t393,i110
t393,i37
t394,i110
t394,i49
t394,i108
t394,i99
t394,i16
t394,i44
t394,i82
t394,i37
t394,i106
t394,i45
t394,i54
t395,i100
t396,i71
t396,i48
t396,i65
t397,i15
t397,i72
t397,i71
t397,i116
t397,i21
t397,i25
t397,i43
t398,i72
t399,i108
t399,i72
t399,i99
t399,i17
t399,i25
t400,i72
t401,i55
t401,i100
t402,i85
t402,i48
t403,i118
t404,i89
t404,i82
t405,i18
t406,i37
t406,i43
t406,i65
t407,i30
t408,i30
t409,i100
t409,i99
t409,i111
t409,i102
t409,i43
t409,i40
t409,i20
t409,i109
t410,i30
t411,i99
t411,i81
t411,i37
t411,i98
t411,i32
t412,i25
t412,i48
t412,i65
t413,i100
t413,i72
t413,i71
t413,i82
t413,i25
t413,i43
t414,i72
t415,i59
t415,i49
t415,i107
t415,i72
t415,i99
t415,i71
t415,i81
t415,i1
t416,i15
t416,i37
t417,i43
t418,i48
t418,i33
t419,i108
t419,i72
t419,i25
t419,i64
t420,i92
t420,i40
t420,i95
t420,i103
t420,i45
t420,i65
t421,i38
t422,i89
t422,i55
t422,i100
t422,i82
t422,i9
t422,i80
t422,i31
t422,i106
t423,i55
t423,i100
t423,i72
t423,i71
t423,i48
t423,i22
t424,i30
t425,i92
t425,i40
t426,i30
t427,i65
t428,i37
t429,i89
t429,i16
t429,i61
t430,i108
t430,i72
t430,i99
t430,i67
t431,i30
t432,i83
t432,i55
t432,i92
t432,i82
t432,i22
t433,i55
t433,i117
t433,i25
t433,i81
t433,i37
t434,i97
t434,i92
t434,i37
t434,i30
t434,i61
t435,i66
t435,i73
t436,i110
t436,i72
t436,i37
t436,i31
t436,i41
t436,i40
t437,i72
t437,i76
t438,i51
t438,i49
t438,i72
t438,i99
t438,i71
t438,i44
t439,i25
t439,i17
t440,i15
t440,i93
t440,i113
t441,i39
t442,i81
t442,i17
t442,i39
t443,i55
t443,i116
t444,i37
t444,i43
t445,i100
t445,i40
t445,i76
t446,i72
t446,i47
t446,i116
t446,i17
t446,i43
t447,i110
t447,i15
t447,i49
t447,i55
t447,i72
t447,i71
t447,i37
t447,i17
t447,i64
t448,i54
t448,i33
t449,i46
t449,i37
t449,i22
t450,i30
t451,i30
t452,i30
t453,i108
t453,i72
t453,i36
t454,i51
t454,i108
t454,i100
t454,i72
t454,i99
t454,i60
t454,i23
t454,i25
t454,i43
t455,i88
t456,i59
t456,i89
t456,i97
t456,i72
t456,i7
t456,i88
t457,i15
t457,i57
t457,i100
t457,i72
t457,i71
t457,i37
t457,i43
t457,i40
t457,i82
t457,i65
t458,i43
t459,i49
t459,i99
t459,i71
t459,i37
t459,i116
t459,i25
t459,i40
t459,i70
t460,i100
t461,i59
t461,i97
t461,i99
t461,i37
t461,i80
t461,i31
t461,i39
t461,i88
t461,i65
t462,i57
t462,i51
t462,i59
t462,i97
t462,i55
t462,i100
t462,i72
t462,i19
t463,i57
t463,i89
t463,i55
t463,i117
t463,i72
t463,i25
t463,i65
t464,i25
t464,i43
t464,i76
t464,i33
t464,i65
t465,i37
t466,i17
t466,i30
t467,i51
t467,i72
t467,i17
t467,i26
t468,i108
t468,i1
t468,i17
t468,i22
t468,i65
t469,i59
t469,i97
t469,i49
t469,i71
t469,i16
t469,i92
t469,i37
t469,i25
t470,i59
t470,i97
t470,i115
t470,i116
t470,i23
t470,i54
t470,i20
t471,i37
t471,i32
t472,i97
t472,i49
t472,i107
t472,i72
t472,i25
t472,i99
t472,i81
t472,i92
t472,i52
t472,i22
t473,i57
t473,i59
t473,i107
t473,i72
t473,i53
t473,i37
t473,i56
t473,i63
t473,i80
t473,i54
t473,i73
t474,i38
t474,i17
t474,i25
t475,i59
t475,i97
t475,i100
t475,i37
t476,i46
t476,i72
t476,i60
t476,i31
t477,i89
t477,i72
t477,i80
t477,i62
t477,i24
t477,i86
t477,i36
t477,i54
t477,i40
t477,i106
t477,i65
t478,i59
t478,i97
t478,i72
t478,i82
t478,i37
t478,i17
t478,i9
t478,i105
t478,i48
t479,i55
t479,i72
t479,i88
t480,i97
t480,i49
t480,i83
t480,i100
t480,i92
t480,i19
t480,i48
t480,i84
t480,i67
t480,i95
t480,i64
t480,i66
t481,i71
t481,i25
t482,i49
t482,i55
t482,i100
t482,i81
t482,i116
t482,i36
t482,i33
t483,i110
t483,i55
t483,i65
t484,i59
t484,i100
t484,i72
t484,i116
t484,i17
t484,i61
t484,i54
t485,i54
t486,i30
t487,i37
t487,i30
t488,i100
t488,i37
t488,i57
t488,i25
t488,i43
t488,i22
t488,i12
t488,i82
t488,i64
t489,i89
t489,i100
t489,i71
t489,i37
t489,i25
t490,i110
t490,i15
t490,i82
t490,i43
t490,i103
t490,i54
t491,i40
t492,i49
t492,i82
t492,i37
t492,i17
t493,i43
t494,i110
t494,i55
t494,i85
t494,i100
t494,i60
t494,i30
t495,i25
t495,i89
t495,i107
t495,i81
t495,i24
t495,i43
t495,i30
t495,i93
t495,i45
t495,i66
t496,i54
t496,i43
t497,i72
t498,i31
t499,i49
t499,i100
t500,i57
t500,i100
t501,i23
t501,i25
t501,i30
t502,i65
t503,i37
t503,i17
t503,i65
t504,i97
t504,i100
t504,i72
t504,i99
t504,i71
t504,i11
t504,i48
t504,i33
t505,i72
t505,i37
t505,i88
t506,i110
t506,i97
t506,i69
t506,i16
t506,i37
t506,i91
t506,i54
t507,i46
t507,i100
t507,i25
t507,i81
t507,i23
t507,i43
t508,i110
t508,i97
t508,i40
t508,i61
t509,i15
t509,i85
t509,i99
t509,i71
t509,i82
t509,i54
t510,i82
t511,i72
t511,i82
t511,i37
t511,i43
t512,i37
t512,i40
t512,i65
t513,i72
t513,i44
t513,i50
t514,i15
t514,i55
t514,i100
t514,i37
t514,i43
t515,i99
t515,i69
t515,i71
t515,i38
t516,i25
t517,i59
t518,i110
t518,i89
t518,i72
t518,i37
t518,i11
t519,i15
t519,i57
t519,i49
t519,i108
t519,i17
t519,i23
t519,i54
t519,i109
t519,i73
t520,i51
t520,i72
t520,i81
t520,i38
t521,i71
t521,i17
t521,i54
t522,i72
t522,i1
t522,i31
t522,i21
t522,i88
t522,i113
t522,i54
t523,i110
t523,i46
t523,i72
t523,i71
t523,i37
t523,i17
t523,i14
t523,i23
t523,i43
t523,i48
t523,i45
t524,i59
t524,i72
t524,i116
t524,i118
t524,i65
t525,i108
t525,i100
t525,i69
t525,i23
t525,i37
t526,i15
t526,i72
t526,i37
t526,i54
t526,i82
t527,i17
t527,i54
t528,i25
t528,i59
t528,i118
t529,i55
t529,i100
t529,i72
t529,i1
t529,i92
t529,i78
t529,i53
t529,i82
t530,i72
t530,i111
t530,i37
t531,i88
t532,i37
t532,i36
t533,i68
t534,i71
t534,i13
t534,i79
t534,i94
t534,i3
t535,i49
t535,i99
t535,i1
t535,i37
t535,i43
t536,i49
t537,i99
t537,i16
t537,i96
t538,i59
t538,i115
t538,i85
t538,i37
t539,i72
t539,i116
t539,i90
t539,i31
t539,i25
t539,i45
t539,i65
t540,i51
t540,i16
t540,i25
t540,i43
t540,i30
t541,i100
t541,i99
t541,i71
t541,i27
t541,i31
t541,i3
t541,i106
t542,i37
t542,i43
t542,i48
t542,i30
t542,i22
t542,i33
t542,i54
t543,i110
t543,i108
t543,i72
t543,i37
t543,i9
t544,i71
t544,i106
t544,i65
t544,i54
t545,i72
t545,i99
t545,i1
t545,i21
t545,i54
t546,i25
t546,i64
t547,i110
t547,i59
t547,i25
t548,i37
t548,i43
t548,i54
t549,i72
t549,i17
t549,i25
t549,i106
t550,i37
t551,i25
t551,i85
t551,i100
t551,i72
t551,i116
t551,i22
t551,i76
t552,i49
t552,i85
t552,i72
t552,i25
t552,i113
t553,i15
t553,i110
t553,i100
t553,i71
t553,i116
t553,i80
t553,i106
t553,i54
t554,i15
t554,i100
t554,i72
t554,i99
t554,i44
t554,i43
t554,i64
t554,i65
t555,i16
t555,i53
t555,i48
t555,i65
t556,i37
t556,i65
t557,i30
t558,i71
t558,i39
t559,i81
t559,i39
t560,i37
t560,i30
t561,i37
t562,i38
t562,i37
t563,i37
t564,i37
t564,i54
t565,i40
t566,i97
t566,i99
t566,i71
t566,i1
t566,i37
t566,i80
t566,i25
t567,i25
t567,i43
t568,i17
t569,i82
t569,i37
t569,i17
t569,i54
t569,i109
t570,i59
t570,i108
t570,i55
t570,i37
t570,i31
t571,i28
t571,i37
t571,i25
t571,i65
t572,i49
t572,i28
t572,i37
t572,i43
t573,i117
t573,i30
t573,i109
t574,i72
t574,i71
t574,i40
t574,i22
t574,i61
t574,i45
t575,i57
t575,i59
t575,i100
t575,i72
t575,i25
t575,i82
t575,i37
t576,i85
t576,i72
t576,i40
t576,i95
t576,i88
t576,i113
t577,i110
t577,i83
t577,i100
t577,i69
t577,i16
t578,i59
t578,i37
t578,i40
t579,i59
t580,i15
t580,i40
t580,i95
t581,i25
t581,i85
t581,i107
t581,i106
t582,i30
t583,i15
t583,i55
t583,i100
t583,i72
t583,i40
t583,i70
t584,i49
t584,i72
t584,i99
t584,i71
t584,i81
t585,i110
t585,i37
t585,i43
t585,i3
t585,i65
t585,i119
t586,i15
t586,i49
t586,i56
t587,i59
t587,i49
t587,i55
t587,i71
t588,i49
t588,i17
t588,i63
t588,i67
t589,i71
t590,i110
t590,i37
t590,i7
t591,i40
t592,i83
t592,i43
t593,i38
t593,i37
t594,i99
t594,i40
t594,i73
t595,i75
t595,i23
t595,i119
t596,i15
t596,i37
t596,i43
t596,i30
t596,i54
t597,i100
t598,i4
t598,i38
t598,i25
t599,i30
t600,i54
t601,i115
t601,i100
t601,i72
t601,i81
t602,i51
t602,i49
t602,i37
t602,i56
t602,i40
t602,i65
t603,i51
t603,i59
t603,i72
t603,i82
t603,i25
t603,i40
t603,i106
t604,i25
t604,i100
t604,i117
t604,i42
t604,i92
t604,i48
t605,i14
t605,i80
t606,i37
t606,i43
t606,i39
t607,i72
t608,i51
t608,i55
t608,i72
t608,i81
t609,i37
t609,i65
t610,i83
t610,i100
t610,i98
t610,i86
t610,i113
t611,i110
t611,i97
t611,i81
t611,i23
t611,i37
t611,i41
t611,i70
t611,i45
t612,i87
t612,i55
t612,i117
t612,i71
t612,i104
t612,i92
t612,i75
t612,i43
t612,i40
t613,i85
t613,i100
t613,i63
t614,i49
t614,i72
t614,i37
t615,i100
t615,i23
t615,i105
t615,i82
t615,i50
t616,i46
t616,i110
t616,i59
t616,i100
t616,i72
t616,i73
t617,i100
t617,i72
t617,i31
t617,i40
t618,i99
t619,i15
t619,i59
t619,i100
t620,i30
t620,i95
t620,i103
t621,i46
t621,i25
t621,i97
t621,i115
t621,i85
t621,i72
t621,i99
t621,i71
t621,i92
t622,i117
t622,i72
t622,i4
t622,i71
t622,i16
t622,i31
t622,i25
t622,i33
t623,i57
t623,i37
t623,i43
t623,i39
t624,i72
t624,i4
t625,i30
t626,i25
t626,i16
t626,i37
t626,i54
t626,i33
t626,i68
t627,i37
t627,i76
t627,i65
t628,i2
t628,i25
t629,i55
t629,i100
t629,i43
t629,i54
t630,i17
t631,i110
t631,i89
t631,i72
t631,i82
t631,i37
t631,i116
t631,i31
t631,i25
t631,i119
t632,i25
t632,i83
t632,i72
t632,i81
t632,i6
t633,i53
t633,i56
t634,i97
t634,i49
t634,i83
t634,i71
t634,i37
t634,i31
t634,i25
t634,i43
t635,i55
t635,i72
t635,i71
t635,i37
t636,i40
t637,i110
t637,i30
t638,i55
t638,i72
t638,i25
t638,i54
t639,i115
t639,i100
t639,i81
t639,i16
t639,i25
t639,i43
t639,i106
t639,i65
t640,i89
t641,i49
t641,i72
t641,i37
t641,i56
t641,i31
t641,i48
t641,i33
t641,i65
t642,i110
t642,i51
t642,i38
t642,i111
t642,i12
t643,i110
t643,i15
t643,i78
t643,i31
t643,i39
t644,i43
t644,i65
t645,i75
t646,i59
t646,i72
t646,i92
t646,i116
t646,i17
t646,i54
t647,i72
t647,i17
t647,i25
t647,i65
t647,i18
t648,i51
t648,i72
t648,i25
t648,i99
t648,i71
t648,i81
t648,i63
t648,i23
t649,i72
t649,i103
t650,i40
t651,i51
t651,i83
t651,i16
t651,i116
t651,i31
t652,i55
t652,i73
t653,i30
t654,i55
t654,i4
t654,i71
t654,i23
t654,i90
t655,i49
t655,i99
t655,i37
t655,i65
t656,i59
t656,i55
t656,i100
t656,i72
t656,i25
t656,i8
t656,i44
t656,i82
t656,i90
t656,i54
t656,i109
t657,i97
t657,i83
t657,i72
t657,i37
t657,i17
t657,i80
t657,i31
t657,i109
t657,i65
t658,i57
t658,i59
t658,i49
t658,i108
t658,i100
t658,i81
t658,i8
t658,i111
t658,i31
t658,i54
t658,i48
t658,i73
t659,i23
t659,i28
t659,i37
t660,i97
t660,i107
t660,i72
t660,i25
t660,i40
t660,i73
t661,i39
t662,i57
t662,i100
t662,i72
t662,i38
t662,i37
t662,i31
t662,i82
t662,i45
t662,i65
t663,i97
t663,i49
t663,i108
t664,i110
t664,i59
t664,i49
t664,i55
t664,i117
t664,i72
t664,i92
t665,i97
t665,i72
t666,i110
t666,i55
t666,i100
t666,i99
t666,i40
t666,i118
t667,i97
t667,i85
t667,i72
t667,i99
t667,i71
t667,i37
t667,i90
t667,i7
t667,i29
t667,i30
t668,i15
t668,i82
t669,i65
t670,i72
t670,i71
t671,i71
t672,i25
t673,i115
t673,i72
t673,i81
t673,i82
t674,i117
t674,i72
t674,i37
t674,i17
t675,i110
t675,i43
t676,i97
t676,i100
t676,i117
t676,i72
t676,i25
t676,i81
t676,i63
t676,i23
t676,i54
t676,i43
t676,i94
t676,i113
t677,i72
t677,i71
t677,i92
t677,i54
t677,i30
t677,i45
t678,i100
t678,i81
t679,i59
t679,i100
t680,i100
t680,i72
t680,i99
t680,i92
t680,i82
t680,i23
t680,i74
t680,i65
t681,i49
t681,i115
t681,i55
t681,i72
t681,i25
t681,i71
t681,i81
t681,i1
t681,i44
t681,i118
t681,i45
t682,i54
t683,i15
t683,i51
t683,i100
t683,i78
t683,i37
t683,i56
t683,i25
t683,i106
t683,i65
t684,i57
t684,i55
t684,i81
t684,i38
t684,i23
t684,i12
t684,i113
t685,i115
t685,i72
t685,i81
t685,i31
t685,i48
t685,i54
t686,i111
t686,i22
t687,i81
t688,i59
t688,i55
t688,i40
t688,i82
t688,i54
t689,i59
t689,i49
t689,i55
t689,i107
t689,i100
t689,i72
t689,i71
t689,i44
t689,i37
t689,i116
t689,i25
t689,i40
t689,i61
t689,i54
t690,i117
t690,i19
t691,i23
t692,i110
t692,i15
t692,i59
t692,i55
t692,i117
t692,i72
t692,i4
t692,i71
t692,i1
t692,i75
t692,i37
t692,i43
t693,i115
t693,i92
t693,i2
t693,i74
t694,i25
t694,i43
t694,i103
t694,i45
t695,i15
t695,i25
t695,i97
t695,i115
t695,i55
t695,i99
t695,i38
t695,i3
t696,i72
t696,i16
t696,i82
t696,i43
t696,i48
t696,i113
t696,i65
t697,i75
t697,i37
t698,i110
t698,i97
t698,i49
t698,i37
t699,i15
t699,i37
t699,i118
t700,i15
t700,i46
t700,i97
t700,i49
t700,i115
t700,i117
t700,i72
t700,i81
t700,i1
t700,i17
t700,i23
t700,i41
t701,i59
t701,i55
t701,i72
t701,i23
t702,i48
t703,i23
t703,i106
t704,i115
t704,i81
t705,i71
t705,i38
t705,i54
t706,i51
t706,i59
t707,i40
t707,i54
t708,i99
t708,i69
t708,i71
t708,i1
t708,i54
t709,i59
t709,i86
t709,i30
t710,i51
t710,i115
t710,i81
t710,i38
t710,i63
t710,i80
t710,i43
t710,i82
t710,i65
t711,i60
t712,i83
t712,i72
t712,i47
t712,i37
t712,i60
t712,i48
t713,i11
t713,i119
t714,i55
t714,i85
t714,i71
t714,i37
t714,i54
t714,i25
t714,i113
t715,i25
t715,i89
t715,i16
t715,i43
t715,i30
t715,i65
t716,i25
t716,i100
t716,i13
t717,i30
t718,i100
t718,i72
t718,i111
t718,i37
t718,i116
t718,i45
t719,i25
t719,i51
t719,i72
t719,i92
t719,i116
t719,i14
t719,i40
t719,i76
t719,i65
t720,i100
t720,i22
t721,i49
t721,i72
t722,i72
t722,i10
t722,i65
t723,i59
t723,i89
t723,i115
t723,i17
t723,i106
t724,i15
t724,i83
t724,i37
t724,i43
t724,i61
t725,i72
t725,i37
t725,i82
t726,i37
t726,i43
t727,i97
t727,i49
t727,i108
t727,i100
t728,i72
t728,i1
t728,i82
t728,i25
t728,i43
t728,i54
t729,i17
t729,i43
t729,i40
t730,i49
t730,i100
t730,i72
t730,i71
t730,i8
t730,i44
t730,i28
t730,i27
t730,i92
t731,i1
t731,i17
t731,i65
t732,i43
t733,i61
t734,i72
t734,i99
t734,i23
t734,i63
t734,i54
t734,i25
t734,i22
t734,i65
t735,i55
t735,i81
t736,i43
t736,i30
t736,i54
t737,i99
t737,i9
t737,i31
t737,i25
t737,i30
t737,i22
t737,i93
t738,i25
t738,i43
t738,i48
t738,i40
t738,i45
t739,i117
t739,i73
t740,i49
t740,i55
t740,i92
t740,i75
t740,i25
t740,i66
t741,i46
t741,i59
t741,i83
t741,i71
t741,i81
t741,i82
t741,i60
t741,i17
t741,i25
t742,i51
t742,i97
t742,i16
t742,i116
t742,i43
t742,i40
t742,i30
t742,i33
t743,i38
t743,i37
t743,i43
t743,i22
t743,i10
t744,i15
t744,i37
t744,i43
t745,i15
t745,i97
t745,i72
t745,i71
t745,i37
t745,i25
t745,i43
t745,i45
t746,i55
t746,i72
t746,i25
t746,i71
t746,i23
t746,i78
t746,i54
t747,i72
t747,i23
t748,i110
t748,i55
t748,i100
t748,i71
t748,i37
t748,i17
t749,i43
t749,i54
t750,i43
t750,i40
t751,i110
t751,i101
t752,i115
t752,i72
t752,i81
t752,i19
t752,i88
t752,i65
t753,i30
t754,i110
t754,i51
t754,i60
t754,i52
t754,i43
t755,i110
t755,i89
t755,i72
t755,i25
t755,i99
t755,i63
t755,i90
t755,i80
t755,i23
t755,i7
t756,i110
t756,i37
t757,i65
t758,i78
t758,i65
t759,i49
t759,i65
t760,i59
t760,i83
t760,i115
t760,i72
t760,i71
t760,i37
t760,i65
t760,i73
t761,i118
t761,i73
t762,i94
t762,i93
t763,i97
t763,i45
t763,i54
t764,i85
t764,i107
t764,i40
t765,i72
t765,i17
t765,i88
t765,i109
t766,i18
t767,i89
t768,i100
t768,i72
t768,i60
t768,i103
t769,i72
t769,i37
t769,i54
t770,i51
t770,i49
t770,i83
t770,i44
t770,i43
t770,i45
t770,i54
t771,i49
t771,i83
t771,i115
t771,i100
t771,i72
t771,i25
t771,i4
t771,i71
t771,i81
t771,i75
t771,i17
t772,i25
t772,i51
t772,i97
t772,i100
t772,i81
t772,i60
t772,i103
t772,i73
t773,i100
t773,i103
t774,i15
t774,i25
t774,i76
t775,i72
t775,i81
t775,i41
t776,i37
t776,i54
t777,i106
t778,i75
t778,i65
t779,i99
t779,i81
t779,i82
t779,i63
t779,i22
t779,i65
t780,i72
t780,i111
t780,i65
t781,i85
t781,i72
t781,i4
t781,i82
t781,i37
t781,i60
t781,i54
t781,i25
t782,i87
t782,i15
t782,i1
t782,i60
t782,i48
t783,i13
t783,i29
t783,i33
t784,i49
t784,i55
t784,i100
t784,i82
t784,i60
t784,i116
t784,i52
t784,i43
t784,i48
t784,i67
t785,i100
t785,i72
t785,i71
t786,i82
t787,i75
t788,i49
t788,i80
t788,i21
t789,i110
t789,i97
t789,i72
t789,i71
t789,i1
t789,i104
t789,i17
t789,i48
t790,i25
t790,i90
t790,i36
t790,i58
t790,i119
t791,i100
t791,i69
t791,i78
t791,i61
t792,i49
t792,i17
t792,i30
t792,i82
t793,i16
t793,i13
t793,i43
t793,i118
t793,i54
t794,i59
t795,i99
t795,i71
t795,i28
t795,i23
t795,i52
t796,i97
t796,i100
t796,i72
t796,i4
t796,i71
t796,i92
t796,i48
t796,i40
t796,i61
t797,i71
t797,i116
t797,i40
t797,i22
t798,i40
t798,i84
t798,i76
t799,i83
t800,i51
t800,i100
t800,i43
t801,i15
t801,i97
t801,i115
t801,i100
t801,i72
t801,i71
t801,i81
t801,i23
t801,i92
t801,i82
t801,i17
t802,i110
t802,i25
t802,i51
t802,i49
t802,i55
t802,i100
t802,i71
t802,i16
t802,i6
t802,i116
t803,i110
t803,i85
t803,i25
t803,i47
t803,i37
t803,i54
t803,i40
t804,i108
t804,i55
t804,i4
t804,i71
t804,i82
t804,i54
t805,i110
t805,i72
t805,i54
t805,i88
t806,i72
t806,i65
t807,i82
t807,i106
t807,i18
t808,i117
t808,i4
t808,i6
t808,i80
t808,i43
t808,i12
t808,i82
t808,i119
t808,i54
t809,i97
t809,i100
t809,i72
t809,i99
t809,i71
t809,i81
t809,i23
t809,i17
t809,i14
t809,i80
t810,i23
t810,i31
t810,i105
t811,i15
t811,i99
t811,i111
t811,i82
t811,i10
t811,i70
t811,i88
t811,i3
t811,i68
t811,i73
t811,i54
t812,i97
t812,i85
t813,i100
t813,i81
t813,i9
t814,i75
t815,i51
t815,i59
t815,i75
t815,i37
t815,i65
t816,i51
t816,i49
t816,i100
t816,i71
t816,i56
t816,i63
t816,i31
t816,i50
t817,i85
t817,i82
t817,i43
t817,i106
t818,i49
t818,i108
t818,i83
t818,i55
t818,i107
t818,i71
t818,i41
t818,i70
t818,i73
t818,i54
t819,i81
t819,i23
t819,i25
t819,i30
t819,i54
t820,i115
t820,i55
t820,i100
t820,i25
t820,i44
t820,i82
t820,i37
t820,i48
t820,i94
t820,i106
t821,i37
t821,i33
t822,i75
t822,i33
t823,i54
t823,i48
t823,i113
t824,i72
t824,i25
t824,i90
t824,i22
t825,i72
t826,i97
t826,i115
t826,i69
t826,i71
t827,i59
t827,i83
t827,i55
t827,i85
t827,i100
t827,i34
t827,i8
t827,i1
t827,i44
t827,i82
t827,i37
t828,i51
t828,i97
t828,i83
t828,i55
t828,i72
t828,i73
t829,i72
t829,i90
t830,i82
t831,i72
t831,i60
t832,i15
t832,i55
t832,i82
t832,i93
t833,i83
t833,i98
t833,i43
t833,i12
t834,i116
t835,i55
t835,i100
t835,i23
t835,i90
t835,i80
t835,i31
t835,i61
t835,i73
t836,i16
t836,i25
t837,i85
t838,i59
t838,i25
t838,i22
t838,i118
t838,i54
t839,i51
t839,i72
t839,i37
t839,i40
t840,i30
t840,i118
t840,i64
t840,i54
t841,i71
t841,i31
t842,i71
t842,i81
t842,i63
t842,i31
t842,i23
t842,i41
t842,i21
t842,i43
t842,i48
t842,i82
t842,i106
t842,i45
t842,i65
t843,i108
t843,i99
t843,i4
t843,i71
t843,i118
t843,i39
t843,i65
t843,i54
t844,i57
t844,i25
t844,i55
t844,i72
t844,i80
t845,i54
t845,i22
t845,i40
t846,i25
t847,i40
t847,i84
t848,i15
t848,i72
t848,i81
t848,i90
t848,i2
t848,i48
t849,i54
t850,i51
t850,i107
t850,i100
t850,i71
t850,i82
t850,i39
t850,i113
t851,i110
t851,i100
t851,i104
t851,i103
t852,i75
t853,i55
t853,i100
t853,i28
t853,i31
t853,i30
t854,i15
t854,i49
t854,i83
t854,i100
t854,i47
t854,i111
t854,i82
t854,i60
t854,i61
t854,i65
t855,i55
t856,i52
t857,i49
t857,i72
t857,i60
t857,i116
t857,i22
t857,i40
t858,i83
t858,i71
t858,i16
t858,i8
t858,i37
t858,i48
t858,i64
t858,i96
t858,i65
t858,i54
t859,i72
t859,i17
t860,i110
t860,i72
t860,i71
t860,i82
t860,i116
t860,i31
t860,i48
t860,i30
t860,i54
t861,i4
t861,i25
t861,i43
t862,i54
t863,i25
t863,i37
t863,i13
t864,i51
t864,i75
t864,i43
t864,i10
t865,i72
t865,i37
t865,i9
t865,i98
t865,i40
t866,i116
t867,i78
t867,i30
t867,i76
t868,i43
t868,i22
t869,i72
t869,i92
t870,i81
t871,i110
t871,i108
t871,i55
t871,i99
t871,i71
t871,i16
t871,i60
t871,i17
t871,i74
t871,i12
t871,i93
t872,i83
t872,i100
t872,i72
t872,i25
t872,i77
t872,i65
t873,i15
t873,i83
t873,i25
t873,i99
t873,i71
t873,i81
t873,i38
t873,i16
t873,i1
t873,i47
t873,i37
t873,i17
t873,i82
t874,i97
t874,i60
t874,i84
t874,i39
t874,i54
t875,i46
t875,i25
t875,i71
t875,i44
t875,i75
t875,i82
t875,i22
t875,i48
t876,i103
t877,i59
t878,i59
t878,i49
t878,i108
t878,i83
t878,i55
t878,i47
t878,i37
t878,i60
t878,i17
t878,i90
t878,i21
t878,i43
t878,i22
t879,i100
t879,i72
t879,i71
t879,i104
t879,i21
t879,i40
t879,i33
t880,i110
t880,i15
t880,i46
t880,i100
t880,i82
t880,i37
t880,i17
t880,i33
t880,i39
t880,i50
t881,i36
t882,i15
t882,i100
t882,i72
t882,i1
t882,i60
t882,i41
t882,i19
t882,i67
t883,i25
t883,i43
t883,i48
t883,i33
t883,i103
t883,i64
t884,i104
t885,i25
t885,i43
t886,i25
t886,i43
t886,i103
t887,i110
t887,i49
t887,i4
t887,i17
t887,i63
t887,i31
t887,i23
t887,i26
t887,i67
t888,i81
t888,i38
t888,i95
t889,i110
t889,i97
t890,i25
t890,i100
t890,i22
t890,i118
t891,i97
t891,i72
t891,i25
t891,i4
t891,i16
t891,i119
t891,i54
t892,i75
t892,i54
t892,i12
t893,i118
t894,i110
t894,i107
t894,i71
t894,i16
t894,i6
t894,i92
t894,i31
t894,i25
t894,i43
t894,i61
t894,i70
t894,i88
t894,i73
t895,i51
t896,i16
t896,i14
t896,i12
t896,i82
t897,i16
t897,i82
t897,i116
t897,i54
t897,i43
t897,i30
t897,i95
t897,i65
t898,i97
t898,i25
t898,i16
t898,i31
t898,i40
t899,i15
t899,i89
t899,i49
t899,i85
t899,i100
t899,i25
t899,i71
t899,i60
t899,i116
t899,i31
t899,i21
t900,i110
t900,i55
t900,i100
t900,i82
t900,i37
t900,i17
t900,i24
t900,i86
t900,i25
t901,i97
t901,i71
t901,i16
t901,i23
t901,i93
t901,i68
t901,i54
t902,i46
t902,i72
t902,i47
t902,i60
t902,i56
t902,i25
t902,i43
t902,i48
t902,i101
t902,i103
t902,i54
t903,i25
t903,i30
t904,i101
t904,i64
t905,i49
t905,i108
t905,i100
t905,i23
t905,i43
t905,i40
t906,i110
t906,i15
t906,i16
t906,i111
t906,i53
t906,i82
t906,i37
t906,i17
t906,i7
t906,i54
t907,i89
t907,i97
t907,i117
t907,i37
t907,i14
t907,i118
t908,i43
t908,i64
t909,i15
t909,i55
t909,i37
t909,i25
t909,i22
t909,i119
t910,i76
t911,i16
t911,i74
t912,i116
t913,i56
t914,i72
t914,i43
t914,i22
t914,i54
t915,i21
t915,i93
t915,i54
t916,i97
t916,i100
t916,i25
t916,i43
t916,i40
t916,i30
t916,i12
t916,i82
t916,i70
t917,i57
t917,i100
t917,i117
t917,i23
t917,i31
t917,i25
t917,i61
t918,i37
t919,i55
t919,i81
t919,i13
t919,i48
t919,i61
t920,i49
t920,i100
t920,i72
t920,i99
t920,i81
t920,i40
t921,i116
t921,i80
t921,i23
t921,i43
t921,i40
t922,i54
t923,i83
t923,i116
t923,i40
t923,i22
t924,i46
t924,i49
t924,i23
t924,i47
t924,i60
t924,i64
t925,i55
t926,i75
t926,i22
t926,i30
t926,i45
t926,i54
t927,i49
t927,i100
t927,i25
t927,i40
t927,i45
t928,i87
t928,i100
t928,i43
t928,i48
t929,i4
t930,i94
t931,i100
t931,i71
t931,i80
t931,i96
t932,i22
t933,i100
t934,i22
t935,i4
t935,i71
t935,i16
t935,i43
t935,i30
t936,i110
t936,i49
t936,i23
t936,i37
t936,i48
t936,i20
t936,i65
t937,i15
t937,i97
t937,i108
t937,i71
t937,i38
t937,i1
t937,i23
t937,i25
t937,i43
t937,i10
t938,i15
t938,i71
t938,i17
t938,i31
t938,i43
t938,i40
t938,i119
t939,i108
t939,i100
t939,i25
t939,i71
t939,i81
t939,i116
t939,i17
t939,i48
t939,i88
t940,i46
t940,i89
t940,i85
t940,i100
t940,i47
t940,i92
t940,i82
t940,i37
t940,i60
t940,i54
t941,i71
t941,i65
t942,i97
t942,i83
t942,i99
t942,i25
t942,i12
t943,i100
t943,i23
t944,i51
t944,i111
t944,i78
t944,i54
t945,i46
t945,i83
t945,i28
t945,i75
t945,i102
t945,i60
t945,i80
t946,i17
t947,i97
t947,i25
t947,i76
t947,i18
t948,i18
t949,i4
t949,i60
t950,i97
t950,i49
t950,i108
t950,i33
t951,i43
t952,i103
t953,i55
t953,i1
t953,i43
t953,i40
t954,i51
t954,i100
t955,i110
t955,i72
t955,i16
t955,i48
t956,i49
t956,i100
t956,i43
t956,i64
t956,i54
t957,i15
t957,i57
t957,i100
t957,i116
t957,i36
t957,i25
t957,i30
t957,i95
t957,i54
t958,i51
t958,i49
t958,i100
t958,i4
t958,i71
t958,i9
t958,i63
t958,i90
t958,i54
t958,i25
t958,i43
t958,i48
t958,i30
t958,i61
t959,i15
t959,i97
t959,i108
t959,i6
t959,i116
t959,i54
t960,i83
t960,i82
t961,i83
t961,i17
t961,i61
t961,i54
t962,i100
t962,i71
t962,i47
t962,i62
t962,i25
t962,i5
t963,i73
t964,i25
t964,i73
t965,i16
t965,i43
t965,i93
t965,i45
t966,i25
t966,i43
t966,i103
t966,i118
t966,i64
t967,i37
t967,i36
t967,i30
t968,i118
t969,i59
t969,i100
t969,i69
t969,i71
t969,i81
t969,i23
t969,i60
t969,i48
t969,i40
t969,i82
t970,i49
t970,i90
t970,i25
t971,i59
t971,i55
t971,i100
t971,i25
t971,i71
t971,i37
t971,i63
t972,i37
t972,i22
t973,i115
t973,i55
t973,i81
t973,i9
t973,i40
t974,i15
t974,i89
t974,i72
t974,i37
t974,i80
t974,i19
t974,i58
t974,i106
t975,i25
t975,i51
t975,i59
t975,i72
t975,i99
t975,i81
t976,i15
t976,i97
t976,i72
t976,i23
t976,i47
t976,i92
t976,i37
t976,i17
t976,i48
t976,i103
t977,i54
t978,i30
t979,i43
t979,i30
t980,i71
t980,i16
t980,i37
t981,i37
t981,i76
t981,i65
t982,i37
t982,i54
t983,i72
t983,i116
t984,i97
t984,i49
t984,i83
t984,i72
t984,i116
t984,i17
t985,i116
t985,i82
t986,i49
t986,i100
t986,i81
t986,i16
t986,i92
t986,i80
t986,i31
t986,i48
t986,i20
t987,i54
t988,i46
t988,i37
t988,i40
t988,i103
t989,i100
t989,i99
t989,i71
t989,i19
t989,i25
t990,i15
t990,i72
t990,i99
t990,i69
t990,i81
t991,i51
t991,i72
t991,i31
t991,i43
t991,i30
t991,i65
t992,i97
t992,i71
t992,i81
t992,i43
t993,i49
t993,i72
t993,i82
t993,i17
t993,i106
t994,i100
t994,i71
t994,i23
t995,i51
t995,i72
t995,i23
t995,i43
t995,i33
t995,i82
t996,i55
t996,i72
t996,i71
t996,i37
t996,i73
t997,i97
t997,i10
t997,i54
t998,i48
t999,i59
t999,i49
t999,i72
t999,i75
t999,i21
t1000,i110
t1000,i108
t1000,i100
t1000,i71
t1000,i28
t1000,i37
t1000,i60
t1000,i17
t1000,i54
t1000,i43
t1000,i12
t1000,i106
t1001,i59
t1001,i89
t1001,i100
t1001,i37
t1001,i116
t1001,i25
t1001,i43
t1001,i40
t1001,i30
t1002,i54
t1003,i51
t1003,i55
t1003,i100
t1003,i23
t1003,i41
t1003,i21
t1003,i61
t1003,i12
t1003,i54
t1004,i42
t1004,i25
t1004,i22
t1004,i40
t1005,i25
t1005,i40
t1005,i76
t1005,i65
t1006,i15
t1006,i57
t1006,i25
t1006,i82
t1006,i21
t1007,i40
t1007,i73
t1008,i25
t1008,i51
t1008,i83
t1008,i100
t1008,i82
t1008,i37
t1008,i17
t1008,i43
t1008,i39
t1009,i87
t1009,i100
t1009,i72
t1009,i81
t1009,i31
t1009,i21
t1009,i43
t1009,i61
t1010,i55
t1010,i72
t1010,i71
t1010,i102
t1011,i82
t1011,i70
t1011,i54
t1012,i82
t1012,i39
t1012,i70
t1012,i54
t1013,i25
t1013,i43
t1014,i66
t1015,i100
t1015,i37
t1015,i25
t1015,i48
t1015,i30
t1015,i54
t1016,i72
t1017,i15
t1017,i57
t1017,i51
t1017,i72
t1017,i25
t1017,i81
t1017,i92
t1017,i53
t1017,i60
t1017,i116
t1017,i17
t1017,i54
t1018,i15
t1018,i6
t1018,i37
t1018,i30
t1018,i54
t1019,i49
t1019,i1
t1019,i82
t1019,i98
t1020,i110
t1020,i59
t1020,i49
t1020,i108
t1020,i25
t1020,i71
t1020,i29
t1020,i33
t1020,i65
t1021,i102
t1021,i73
t1022,i110
t1022,i15
t1022,i117
t1022,i43
t1023,i110
t1023,i100
t1023,i98
t1024,i25
t1024,i49
t1024,i108
t1024,i55
t1024,i107
t1024,i100
t1024,i4
t1024,i71
t1024,i81
t1024,i38
t1024,i116
t1024,i21
t1024,i54
t1025,i49
t1025,i108
t1025,i100
t1025,i72
t1025,i45
t1025,i113
t1025,i119
t1026,i40
t1027,i97
t1027,i83
t1027,i37
t1027,i17
t1027,i54
t1027,i43
t1028,i25
t1028,i115
t1028,i6
t1028,i92
t1028,i61
t1028,i65
t1029,i51
t1030,i37
t1031,i25
t1032,i15
t1032,i49
t1032,i72
t1032,i71
t1032,i47
t1032,i17
t1032,i31
t1032,i86
t1032,i54
t1032,i101
t1032,i68
t1033,i102
t1033,i25
t1033,i43
t1034,i49
t1034,i4
t1034,i114
t1034,i48
t1035,i40
t1036,i40
t1037,i37
t1037,i116
t1038,i97
t1038,i49
t1038,i72
t1038,i54
t1039,i71
t1039,i58
t1040,i43
t1040,i58
t1041,i30
t1042,i15
t1042,i100
t1042,i72
t1043,i51
t1043,i55
t1043,i72
t1043,i99
t1043,i81
t1043,i37
t1043,i60
t1043,i52
t1043,i43
t1043,i3
t1044,i86
t1045,i110
t1045,i15
t1045,i49
t1045,i72
t1045,i71
t1045,i17
t1045,i23
t1045,i25
t1045,i43
t1045,i48
t1046,i80
t1046,i96
t1046,i65
t1047,i25
t1047,i89
t1047,i100
t1047,i37
t1047,i54
t1048,i59
t1048,i82
t1048,i37
t1048,i63
t1048,i64
t1049,i4
t1049,i16
t1049,i25
t1049,i43
t1049,i30
t1049,i103
t1049,i58
t1049,i54
t1050,i51
t1050,i97
t1050,i100
t1050,i82
t1050,i31
t1050,i30
t1051,i99
t1051,i81
t1051,i63
t1051,i41
t1051,i65
t1052,i25
t1052,i76
t1053,i81
t1054,i81
t1054,i38
t1054,i48
t1054,i82
t1055,i82
t1056,i72
t1056,i92
t1056,i118
t1057,i51
t1057,i59
t1057,i72
t1057,i99
t1057,i37
t1057,i17
t1058,i37
t1058,i12
t1059,i97
t1059,i100
t1059,i72
t1059,i71
t1059,i44
t1059,i104
t1059,i37
t1059,i63
t1059,i21
t1060,i97
t1060,i71
t1060,i116
t1060,i90
t1061,i43
t1061,i82
t1061,i118
t1061,i65
t1061,i54
t1062,i23
t1062,i37
t1063,i43
t1064,i78
t1065,i15
t1065,i57
t1065,i25
t1065,i55
t1065,i100
t1065,i72
t1065,i13
t1065,i61
t1066,i59
t1066,i115
t1066,i100
t1066,i60
t1066,i54
t1067,i46
t1067,i72
t1067,i44
t1067,i111
t1067,i37
t1067,i90
t1067,i24
t1067,i41
t1067,i52
t1067,i40
t1067,i91
t1068,i107
t1068,i100
t1068,i72
t1068,i25
t1068,i60
t1068,i31
t1068,i22
t1068,i106
t1068,i54
t1069,i83
t1069,i55
t1070,i49
t1070,i108
t1070,i72
t1070,i103
t1070,i82
t1071,i110
t1071,i57
t1071,i49
t1071,i115
t1071,i100
t1071,i72
t1071,i81
t1071,i82
t1071,i31
t1071,i62
t1071,i22
t1071,i30
t1071,i61
t1072,i85
t1072,i100
t1072,i37
t1072,i13
t1072,i82
t1072,i39
t1072,i54
t1073,i97
t1073,i100
t1073,i8
t1073,i37
t1073,i17
t1073,i30
t1073,i65
t1074,i89
t1074,i17
t1074,i43
t1074,i30
t1074,i88
t1074,i58
t1074,i106
t1074,i54
t1075,i15
t1075,i51
t1076,i55
t1076,i100
t1076,i71
t1077,i80
t1077,i93
t1077,i65
t1078,i30
t1079,i65
t1080,i108
t1080,i55
t1080,i100
t1080,i72
t1080,i103
t1080,i20
t1081,i54
t1082,i76
t1082,i118
t1083,i85
t1083,i14
t1083,i2
t1083,i39
t1084,i110
t1084,i115
t1084,i100
t1084,i72
t1084,i8
t1084,i82
t1084,i37
t1084,i116
t1084,i17
t1084,i54
t1085,i57
t1085,i59
t1085,i49
t1085,i108
t1085,i115
t1085,i100
t1085,i72
t1085,i60
t1085,i116
t1085,i23
t1085,i88
t1086,i72
t1086,i36
t1086,i43
t1086,i40
t1086,i106
t1086,i109
t1087,i4
t1087,i113
t1088,i89
t1088,i41
t1088,i114
t1089,i103
t1089,i45
t1089,i113
t1090,i25
t1090,i48
t1090,i40
t1091,i38
t1091,i17
t1091,i33
t1091,i50
t1092,i72
t1092,i71
t1092,i111
t1092,i23
t1092,i54
t1092,i25
t1092,i48
t1092,i40
t1092,i61
t1093,i97
t1093,i108
t1093,i83
t1093,i100
t1093,i4
t1093,i69
t1093,i71
t1093,i82
t1093,i63
t1093,i80
t1093,i23
t1093,i62
t1093,i88
t1093,i93
t1094,i49
t1094,i72
t1094,i44
t1094,i37
t1094,i21
t1094,i25
t1094,i93
t1095,i21
t1095,i43
t1096,i72
t1096,i38
t1096,i17
t1096,i43
t1097,i43
t1097,i48
t1098,i15
t1098,i71
t1098,i61
t1099,i55
t1099,i72
t1099,i25
t1099,i71
t1099,i81
t1099,i8
t1099,i23
t1099,i82
t1099,i116
t1099,i79
t1099,i22
t1099,i48
t1099,i45
t1099,i73
t1100,i115
t1100,i100
t1100,i69
t1100,i71
t1100,i43
t1100,i65
t1101,i100
t1102,i15
t1102,i108
t1102,i55
t1102,i40
t1103,i38
t1103,i25
t1103,i22
t1104,i25
t1104,i55
t1104,i9
t1104,i14
t1104,i54
t1105,i72
t1105,i71
t1105,i82
t1106,i15
t1106,i44
t1106,i37
t1106,i52
t1106,i29
t1107,i72
t1107,i116
t1108,i55
t1108,i85
t1108,i72
t1108,i25
t1108,i113
t1109,i97
t1109,i102
t1110,i75
t1110,i61
t1110,i12
t1111,i55
t1111,i48
t1111,i33
t1111,i73
t1112,i46
t1112,i49
t1112,i83
t1112,i85
t1112,i100
t1112,i71
t1112,i81
t1112,i8
t1112,i1
t1112,i92
t1112,i60
t1112,i17
t1112,i56
t1112,i80
t1112,i21
t1112,i25
t1112,i48
t1112,i88
t1112,i68
t1113,i54
t1114,i97
t1114,i111
t1114,i30
t1114,i76
t1114,i61
t1115,i73
t1116,i100
t1116,i82
t1117,i72
t1117,i60
t1117,i17
t1118,i98
t1118,i80
t1118,i7
t1118,i82
t1119,i25
t1119,i100
t1119,i72
t1119,i82
t1119,i17
t1119,i30
t1120,i25
t1120,i71
t1120,i29
t1121,i46
t1121,i4
t1121,i111
t1121,i53
t1121,i60
t1121,i114
t1121,i43
t1121,i33
t1121,i39
t1121,i106
t1121,i65
t1121,i54
t1121,i80
t1121,i72
t1121,i92
t1121,i2
t1121,i48
t1121,i102
t1121,i21
t1122,i72
t1122,i69
t1122,i43
t1122,i103
t1122,i54
t1123,i97
t1123,i22
t1123,i84
t1123,i66
t1124,i30
t1125,i110
t1125,i117
t1125,i116
t1125,i31
t1125,i12
t1126,i25
t1126,i49
t1126,i64
t1126,i54
t1127,i110
t1127,i40
t1128,i40
t1129,i100
t1129,i23
t1129,i54
t1129,i113
t1130,i102
t1131,i25
t1131,i72
t1132,i30
t1133,i71
t1133,i82
t1134,i111
t1134,i2
t1134,i43
t1135,i25
t1135,i12
t1135,i82
t1136,i71
t1136,i17
t1136,i56
t1136,i43
t1136,i54
t1137,i97
t1137,i72
t1137,i8
t1137,i30
t1138,i57
t1138,i71
t1139,i55
t1139,i25
t1139,i92
t1139,i61
t1140,i110
t1140,i15
t1140,i72
t1140,i25
t1140,i4
t1140,i17
t1140,i48
t1141,i71
t1141,i23
t1141,i74
t1142,i55
t1142,i100
t1142,i60
t1142,i94
t1143,i71
t1143,i37
t1143,i17
t1143,i43
t1144,i80
t1145,i97
t1145,i108
t1145,i83
t1145,i115
t1145,i8
t1145,i37
t1145,i80
t1145,i54
t1146,i59
t1146,i55
t1146,i72
t1146,i69
t1146,i71
t1146,i38
t1146,i23
t1146,i114
t1146,i43
t1146,i82
t1147,i4
t1147,i22
t1148,i99
t1148,i79
t1148,i54
t1149,i25
t1150,i15
t1150,i82
t1150,i54
t1150,i43
t1151,i107
t1152,i29
t1152,i43
t1152,i48
t1152,i40
t1153,i117
t1153,i72
t1153,i17
t1153,i25
t1153,i43
t1153,i22
t1153,i103
t1153,i39
t1153,i106
t1153,i73
t1153,i54
t1154,i110
t1154,i51
t1154,i39
t1155,i87
t1155,i59
t1155,i49
t1155,i28
t1155,i37
t1155,i12
t1155,i82
t1155,i118
t1155,i54
t1156,i80
t1157,i99
t1158,i107
t1158,i73
t1159,i72
t1159,i23
t1160,i15
t1160,i12
t1161,i43
t1162,i72
t1162,i25
t1162,i43
t1162,i30
t1163,i23
t1164,i23
t1164,i113
t1165,i100
t1165,i22
t1165,i33
t1165,i82
t1165,i64
t1165,i54
t1166,i81
t1167,i71
t1168,i51
t1168,i59
t1168,i100
t1168,i71
t1168,i54
t1169,i72
t1169,i43
t1170,i30
t1171,i57
t1171,i89
t1171,i32
t1171,i54
t1172,i43
t1173,i40
t1174,i72
t1174,i71
t1175,i25
t1175,i72
t1176,i108
t1177,i51
t1177,i16
t1177,i37
t1177,i31
t1178,i80
t1179,i72
t1179,i54
t1180,i108
t1180,i55
t1180,i72
t1180,i37
t1180,i17
t1180,i54
t1180,i82
t1181,i55
t1181,i54
t1181,i88
t1182,i46
t1182,i72
t1182,i99
t1182,i4
t1183,i75
t1183,i43
t1183,i40
t1183,i50
t1184,i15
t1184,i72
t1184,i116
t1184,i43
t1185,i88
t1186,i80
t1186,i91
t1186,i66
t1187,i49
t1187,i108
t1187,i83
t1187,i75
t1187,i102
t1187,i37
t1187,i17
t1187,i43
t1187,i22
t1187,i61
t1187,i33
t1187,i103
t1187,i39
t1187,i45
t1187,i18
t1188,i18
t1189,i16
t1189,i54
t1190,i57
t1190,i40
t1190,i54
t1191,i35
t1191,i49
t1191,i108
t1191,i83
t1191,i72
t1191,i99
t1191,i81
t1191,i92
t1191,i41
t1192,i59
t1192,i55
t1192,i100
t1192,i43
t1192,i40
t1192,i106
t1193,i51
t1193,i116
t1193,i25
t1193,i48
t1194,i69
t1194,i54
t1195,i116
t1195,i118
t1195,i54
t1196,i107
t1196,i99
t1196,i9
t1196,i14
t1196,i30
t1196,i65
t1197,i65
t1198,i17
t1198,i23
t1198,i40
t1198,i33
t1198,i54
t1199,i38
t1199,i43
t1199,i82
t1200,i16
t1201,i23
t1201,i90
t1201,i79
t1201,i114
t1201,i54
t1201,i43
t1201,i82
t1202,i37
t1202,i84
t1202,i76
t1203,i37
t1204,i37
t1204,i25
t1205,i15
t1205,i72
t1205,i116
t1205,i17
t1206,i44
t1206,i37
t1206,i43
t1206,i54
t1207,i30
t1208,i30
t1209,i97
t1209,i49
t1209,i115
t1209,i71
t1209,i23
t1209,i116
t1209,i57
t1210,i71
t1211,i71
t1211,i38
t1211,i37
t1211,i48
t1211,i73
t1212,i61
t1213,i49
t1213,i92
t1214,i97
t1214,i100
t1214,i72
t1214,i25
t1214,i92
t1214,i37
t1214,i116
t1214,i48
t1214,i3
t1215,i37
t1216,i81
t1216,i61
t1217,i97
t1217,i72
t1217,i69
t1217,i81
t1218,i69
t1219,i100
t1219,i72
t1219,i24
t1219,i25
t1219,i40
t1220,i30
t1221,i43
t1221,i48
t1222,i49
t1222,i72
t1223,i54
t1223,i43
t1223,i40
t1223,i95
t1224,i46
t1224,i100
t1224,i72
t1224,i92
t1225,i81
t1226,i97
t1226,i49
t1226,i72
t1226,i37
t1226,i25
t1226,i33
t1226,i65
t1227,i4
t1227,i48
t1227,i65
t1228,i72
t1228,i37
t1229,i30
t1230,i37
t1230,i43
t1231,i57
t1231,i100
t1231,i37
t1231,i48
t1231,i66
t1232,i15
t1232,i37
t1233,i100
t1233,i80
t1233,i31
t1233,i113
t1234,i49
t1234,i100
t1234,i12
t1234,i45
t1235,i97
t1235,i54
t1236,i49
t1236,i55
t1236,i72
t1236,i71
t1236,i81
t1236,i82
t1236,i37
t1236,i31
t1236,i25
t1237,i32
t1238,i15
t1238,i42
t1238,i37
t1238,i54
t1239,i59
t1239,i100
t1239,i31
t1239,i109
t1240,i30
t1240,i61
t1240,i54
t1241,i30
t1242,i37
t1242,i43
t1242,i12
t1242,i54
t1243,i72
t1243,i38
t1243,i25
t1243,i65
t1244,i55
t1244,i116
t1244,i73
t1245,i71
t1246,i85
t1246,i54
t1247,i89
t1247,i97
t1247,i49
t1247,i37
t1247,i90
t1247,i54
t1248,i45
t1248,i113
t1249,i25
t1249,i100
t1249,i72
t1249,i99
t1249,i16
t1249,i37
t1249,i65
t1250,i57
t1250,i72
t1250,i102
t1250,i31
t1250,i43
t1250,i88
t1251,i37
t1252,i25
t1252,i71
t1252,i37
t1252,i79
t1252,i43
t1253,i37
t1254,i100
t1254,i37
t1255,i110
t1255,i72
t1256,i65
t1257,i85
t1257,i25
t1257,i9
t1257,i80
t1257,i45
t1257,i65
t1258,i72
t1258,i99
t1258,i75
t1258,i86
t1258,i36
t1258,i65
t1259,i71
t1259,i92
t1259,i114
t1259,i25
t1259,i65
t1260,i81
t1260,i119
t1261,i92
t1261,i116
t1262,i97
t1262,i72
t1262,i82
t1262,i29
t1262,i22
t1262,i88
t1263,i85
t1263,i71
t1263,i80
t1264,i15
t1264,i69
t1264,i37
t1264,i43
t1265,i100
t1265,i25
t1265,i17
t1265,i45
t1265,i113
t1266,i110
t1266,i116
t1266,i23
t1267,i82
t1267,i37
t1267,i22
t1268,i37
t1268,i36
t1268,i43
t1269,i40
t1270,i12
t1271,i42
t1271,i54
t1271,i45
t1272,i30
t1273,i57
t1273,i85
t1273,i100
t1273,i103
t1273,i113
t1274,i72
t1274,i92
t1274,i48
t1274,i33
t1275,i35
t1275,i59
t1275,i108
t1275,i117
t1275,i72
t1275,i17
t1275,i31
t1276,i110
t1276,i55
t1276,i37
t1276,i14
t1276,i23
t1276,i7
t1276,i21
t1276,i45
t1277,i25
t1277,i72
t1277,i37
t1277,i63
t1277,i13
t1277,i14
t1277,i23
t1278,i110
t1278,i46
t1278,i97
t1278,i100
t1279,i108
t1279,i71
t1279,i1
t1280,i55
t1280,i100
t1280,i72
t1280,i37
t1280,i25
t1280,i113
t1280,i65
t1281,i108
t1281,i100
t1282,i51
t1282,i89
t1282,i100
t1282,i72
t1282,i81
t1282,i111
t1282,i41
t1282,i54
t1283,i100
t1283,i81
t1283,i42
t1283,i13
t1284,i17
t1284,i33
t1284,i54
t1285,i15
t1285,i108
t1285,i81
t1285,i88
t1285,i96
t1286,i47
t1286,i76
t1286,i65
t1287,i45
t1288,i57
t1288,i72
t1288,i81
t1288,i80
t1288,i19
t1288,i33
t1288,i45
t1289,i17
t1290,i15
t1290,i55
t1290,i100
t1290,i72
t1290,i4
t1290,i43
t1290,i12
t1290,i54
t1291,i108
t1291,i55
t1291,i72
t1291,i75
t1291,i40
t1291,i88
t1292,i92
t1293,i97
t1293,i49
t1293,i54
t1294,i100
t1294,i71
t1294,i81
t1294,i43
t1294,i40
t1294,i61
t1295,i110
t1295,i53
t1295,i22
t1295,i103
t1295,i54
t1296,i15
t1297,i59
t1297,i100
t1297,i71
t1297,i38
t1297,i37
t1297,i63
t1297,i31
t1297,i21
t1297,i25
t1297,i48
t1298,i89
t1298,i100
t1298,i81
t1298,i17
t1298,i45
t1299,i71
t1299,i31
t1299,i23
t1299,i25
t1299,i40
t1299,i76
t1299,i33
t1300,i38
t1301,i72
t1302,i37
t1303,i49
t1303,i25
t1303,i103
t1304,i72
t1304,i71
t1304,i81
t1304,i8
t1304,i64
t1305,i43
t1306,i110
t1306,i71
t1306,i38
t1306,i116
t1306,i118
t1306,i64
t1307,i15
t1307,i34
t1307,i23
t1307,i30
t1308,i45
t1309,i71
t1310,i107
t1310,i80
t1310,i29
t1311,i15
t1311,i16
t1312,i71
t1312,i82
t1313,i51
t1313,i100
t1314,i99
t1314,i7
t1314,i30
t1315,i110
t1315,i15
t1315,i115
t1315,i72
t1315,i71
t1315,i116
t1315,i17
t1315,i31
t1315,i48
t1315,i12
t1315,i45
t1315,i60
t1316,i110
t1316,i111
t1316,i56
t1316,i54
t1317,i99
t1317,i47
t1317,i37
t1317,i17
t1317,i19
t1317,i48
t1318,i35
t1318,i15
t1318,i17
t1318,i48
t1318,i109
t1319,i51
t1319,i36
t1319,i21
t1320,i39
t1321,i75
t1322,i39
t1323,i71
t1323,i54
t1324,i92
t1324,i54
t1325,i37
t1325,i30
t1325,i54
t1326,i17
t1326,i43
t1327,i51
t1327,i59
t1327,i97
t1327,i55
t1327,i100
t1327,i72
t1327,i37
t1327,i63
t1327,i90
t1327,i80
t1327,i12
t1327,i70
t1327,i91
t1328,i99
t1328,i25
t1328,i18
t1329,i59
t1329,i97
t1329,i55
t1329,i25
t1329,i71
t1329,i81
t1329,i111
t1329,i90
t1329,i80
t1329,i48
t1329,i12
t1329,i113
t1330,i71
t1330,i25
t1330,i5
t1331,i25
t1331,i100
t1331,i72
t1331,i99
t1331,i75
t1331,i37
t1331,i23
t1331,i43
t1331,i45
t1331,i73
t1332,i88
t1333,i108
t1333,i114
t1333,i54
t1333,i45
t1333,i113
t1334,i54
t1334,i82
t1335,i49
t1335,i115
t1335,i71
t1335,i43
t1335,i76
t1336,i26
t1336,i58
t1337,i51
t1337,i85
t1337,i100
t1337,i40
t1338,i45
t1338,i113
t1339,i100
t1339,i37
t1339,i36
t1340,i71
t1340,i16
t1340,i82
t1340,i37
t1341,i110
t1341,i51
t1341,i108
t1342,i118
t1343,i15
t1343,i60
t1343,i40
t1344,i80
t1345,i49
t1345,i108
t1345,i43
t1345,i40
t1345,i101
t1346,i97
t1346,i100
t1346,i72
t1347,i45
t1348,i72
t1348,i37
t1349,i54
t1350,i49
t1350,i65
t1351,i30
t1352,i40
t1353,i30
t1353,i112
t1354,i67
t1355,i37
t1355,i31
t1355,i65
t1356,i17
t1357,i72
t1357,i4
t1358,i83
t1358,i55
t1358,i100
t1358,i9
t1358,i90
t1358,i80
t1358,i31
t1358,i54
t1358,i25
t1358,i88
t1359,i72
t1360,i71
t1360,i37
t1361,i55
t1361,i100
t1361,i72
t1361,i71
t1361,i37
t1361,i103
t1361,i109
t1362,i17
t1363,i30
t1364,i15
t1365,i49
t1365,i100
t1365,i71
t1365,i28
t1365,i43
t1366,i110
t1366,i97
t1366,i49
t1366,i72
t1366,i25
t1366,i81
t1366,i60
t1367,i37
t1368,i110
t1368,i108
t1368,i100
t1368,i72
t1369,i15
t1369,i100
t1369,i65
t1369,i54
t1370,i72
t1370,i37
t1371,i72
t1371,i30
t1372,i72
t1372,i92
t1373,i46
t1373,i108
t1373,i107
t1373,i100
t1373,i25
t1373,i37
t1373,i60
t1373,i80
t1373,i36
t1373,i43
t1374,i72
t1374,i71
t1374,i60
t1374,i65
t1375,i59
t1375,i97
t1375,i108
t1375,i71
t1375,i37
t1375,i63
t1375,i31
t1375,i24
t1375,i25
t1376,i82
t1376,i37
t1376,i43
t1377,i43
t1377,i12
t1378,i72
t1378,i71
t1378,i38
t1378,i7
t1378,i25
t1378,i65
t1379,i46
t1379,i108
t1379,i72
t1379,i37
t1379,i60
t1379,i65
t1380,i99
t1380,i71
t1380,i6
t1380,i116
t1380,i31
t1380,i23
t1380,i62
t1380,i93
t1380,i66
t1381,i25
t1382,i69
t1382,i54
t1383,i51
t1383,i100
t1384,i51
t1384,i85
t1384,i54
t1385,i110
t1385,i100
t1385,i72
t1385,i80
t1385,i74
t1385,i39
t1386,i23
t1386,i43
t1387,i49
t1387,i115
t1387,i55
t1387,i100
t1387,i71
t1387,i37
t1387,i54
t1388,i37
t1389,i97
t1389,i100
t1389,i72
t1389,i31
t1389,i40
t1389,i65
t1390,i110
t1390,i15
t1390,i55
t1390,i71
t1390,i6
t1390,i37
t1390,i116
t1390,i9
t1390,i31
t1390,i54
t1391,i81
t1392,i110
t1392,i108
t1392,i37
t1392,i25
t1393,i15
t1393,i97
t1393,i84
t1393,i49
t1393,i72
t1393,i25
t1393,i39
t1393,i88
t1393,i65
t1394,i15
t1394,i37
t1394,i43
t1394,i39
t1395,i1
t1395,i37
t1395,i31
t1395,i43
t1395,i54
t1396,i64
t1397,i49
t1397,i115
t1397,i19
t1397,i2
t1397,i43
t1398,i108
t1398,i72
t1398,i69
t1398,i23
t1398,i82
t1398,i37
t1398,i116
t1399,i97
t1399,i49
t1399,i83
t1399,i4
t1399,i23
t1399,i37
t1399,i25
t1399,i48
t1400,i89
t1400,i108
t1400,i100
t1400,i25
t1400,i23
t1400,i6
t1400,i82
t1400,i17
t1400,i90
t1400,i31
t1400,i36
t1400,i54
t1400,i105
t1400,i109
t1401,i100
t1401,i72
t1401,i99
t1401,i28
t1401,i27
t1401,i37
t1401,i116
t1401,i86
t1401,i54
t1402,i46
t1402,i59
t1402,i100
t1402,i65
t1403,i46
t1403,i37
t1404,i25
t1404,i40
t1404,i84
t1404,i60
t1405,i45
t1406,i59
t1406,i55
t1406,i31
t1406,i25
t1406,i43
t1407,i110
t1407,i89
t1408,i57
t1408,i97
t1408,i100
t1408,i30
t1409,i72
t1409,i99
t1409,i6
t1409,i17
t1409,i63
t1409,i36
t1409,i12
t1410,i15
t1410,i100
t1410,i37
t1410,i43
t1411,i15
t1411,i100
t1412,i37
t1412,i43
t1413,i55
t1413,i60
t1413,i23
t1413,i84
t1414,i15
t1414,i55
t1414,i72
t1414,i25
t1414,i22
t1415,i15
t1415,i55
t1415,i100
t1415,i72
t1415,i99
t1415,i71
t1415,i44
t1415,i60
t1416,i57
t1416,i51
t1416,i85
t1416,i82
t1416,i60
t1416,i63
t1416,i13
t1416,i40
t1417,i15
t1417,i72
t1417,i71
t1417,i17
t1417,i25
t1417,i43
t1417,i40
t1417,i30
t1417,i5
t1417,i119
t1418,i97
t1418,i84
t1419,i82
t1419,i64
t1420,i54
t1421,i15
t1421,i49
t1421,i108
t1421,i100
t1421,i72
t1421,i99
t1421,i4
t1421,i71
t1421,i81
t1421,i23
t1421,i116
t1421,i88
t1422,i59
t1422,i97
t1422,i49
t1422,i108
t1422,i4
t1422,i23
t1422,i37
t1422,i82
t1423,i115
t1423,i100
t1423,i69
t1423,i71
t1423,i1
t1423,i37
t1423,i43
t1424,i111
t1424,i80
t1424,i25
t1424,i40
t1424,i119
t1425,i59
t1425,i107
t1425,i72
t1426,i15
t1426,i57
t1426,i55
t1426,i100
t1426,i72
t1426,i69
t1426,i71
t1426,i17
t1426,i12
t1427,i37
t1428,i110
t1428,i37
t1428,i48
t1429,i15
t1429,i51
t1429,i72
t1429,i71
t1429,i37
t1429,i116
t1429,i45
t1429,i54
t1430,i108
t1430,i72
t1430,i81
t1430,i41
t1431,i83
t1431,i72
t1431,i41
t1431,i109
t1431,i18
t1432,i50
t1433,i54
t1434,i43
t1434,i22
t1435,i40
t1435,i84
t1435,i76
t1436,i25
t1436,i3
t1437,i48
t1438,i57
t1438,i39
t1439,i108
t1439,i25
t1439,i99
t1439,i82
t1440,i100
t1440,i82
t1441,i110
t1441,i60
t1441,i17
t1441,i29
t1441,i43
t1441,i54
t1442,i33
t1443,i49
t1443,i72
t1443,i1
t1443,i6
t1443,i37
t1443,i7
t1444,i72
t1444,i60
t1444,i61
t1445,i30
t1446,i30
t1447,i100
t1447,i81
t1447,i17
t1447,i76
t1448,i43
t1449,i37
t1449,i43
t1449,i39
t1449,i64
t1449,i65
t1450,i37
t1451,i4
t1451,i53
t1452,i30
t1453,i25
t1453,i82
t1453,i90
t1453,i48
t1453,i65
t1454,i72
t1454,i25
t1454,i71
t1454,i92
t1454,i82
t1454,i23
t1455,i30
t1456,i54
t1457,i43
t1457,i33
t1458,i59
t1458,i100
t1458,i82
t1458,i17
t1459,i28
t1459,i17
t1460,i97
t1460,i49
t1460,i100
t1460,i73
t1461,i30
t1462,i37
t1462,i43
t1463,i108
t1463,i9
t1463,i73
t1464,i108
t1465,i82
t1466,i15
t1466,i72
t1466,i37
t1466,i30
t1467,i108
t1467,i72
t1468,i100
t1468,i37
t1469,i4
t1469,i1
t1469,i44
t1469,i60
t1469,i116
t1470,i110
t1471,i97
t1471,i100
t1471,i25
t1471,i64
t1472,i97
t1472,i16
t1472,i45
t1473,i108
t1473,i99
t1473,i43
t1473,i40
t1473,i58
t1473,i106
t1474,i49
t1474,i55
t1474,i72
t1474,i99
t1474,i71
t1474,i92
t1474,i82
t1475,i110
t1475,i100
t1475,i72
t1475,i71
t1475,i42
t1475,i23
t1475,i37
t1475,i17
t1476,i30
t1477,i51
t1477,i97
t1477,i43
t1477,i30
t1477,i82
t1477,i106
t1478,i37
t1478,i65
t1479,i30
t1480,i97
t1480,i49
t1480,i108
t1480,i100
t1481,i83
t1481,i72
t1481,i22
t1481,i113
t1481,i65
t1482,i49
t1483,i78
t1483,i106
t1483,i54
t1484,i49
t1484,i17
t1484,i43
t1485,i38
t1485,i17
t1486,i15
t1486,i108
t1486,i72
t1486,i11
t1487,i72
t1488,i15
t1488,i104
t1488,i22
t1488,i40
t1489,i51
t1489,i60
t1489,i17
t1489,i54
t1490,i72
t1490,i37
t1490,i65
t1491,i15
t1491,i72
t1491,i4
t1491,i32
t1491,i40
t1492,i17
t1492,i43
t1493,i43
t1494,i49
t1494,i83
t1494,i72
t1494,i36
t1494,i25
t1494,i48
t1495,i72
t1495,i25
t1495,i45
t1496,i30
t1497,i108
t1497,i72
t1498,i71
t1498,i118
t1498,i70
t1499,i81
t1499,i41
t1500,i87
t1500,i49
t1500,i25
t1500,i101
t1500,i54
t1501,i15
t1501,i6
t1501,i22
t1501,i64
t1502,i100
t1502,i23
t1502,i37
t1503,i65
t1504,i22
t1505,i15
t1505,i57
t1505,i108
t1505,i100
t1505,i71
t1505,i37
t1505,i116
t1505,i25
t1505,i43
t1505,i48
t1505,i65
t1506,i22
t1507,i71
t1507,i16
t1507,i43
t1507,i76
t1507,i12
t1508,i59
t1508,i78
t1508,i37
t1508,i31
t1509,i100
t1510,i18
t1511,i49
t1512,i15
t1512,i57
t1512,i49
t1512,i43
t1512,i106
t1513,i110
t1513,i97
t1513,i37
t1513,i63
t1513,i33
t1514,i49
t1514,i108
t1514,i55
t1514,i72
t1514,i71
t1514,i37
t1514,i114
t1514,i21
t1514,i2
t1514,i106
t1514,i54
t1515,i97
t1515,i16
t1515,i98
t1515,i25
t1515,i106
t1516,i51
t1516,i25
t1516,i40
t1517,i43
t1517,i68
t1518,i72
t1519,i25
t1519,i37
t1519,i65
t1520,i92
t1520,i23
t1520,i54
t1521,i49
t1521,i71
t1521,i47
t1521,i37
t1521,i25
t1521,i43
t1521,i22
t1521,i91
t1522,i55
t1522,i72
t1522,i82
t1523,i89
t1524,i49
t1524,i45
t1525,i72
t1526,i72
t1526,i4
t1526,i37
t1526,i17
t1526,i65
t1527,i89
t1527,i97
t1527,i25
t1527,i92
t1527,i90
t1527,i114
t1527,i54
t1528,i110
t1528,i15
t1528,i99
t1528,i81
t1528,i92
t1528,i79
t1528,i33
t1528,i64
t1529,i43
t1529,i30
t1530,i81
t1530,i90
t1530,i101
t1531,i97
t1531,i55
t1531,i100
t1531,i13
t1531,i25
t1531,i103
t1532,i108
t1532,i54
t1533,i55
t1533,i69
t1533,i92
t1533,i17
t1533,i93
t1533,i106
t1533,i45
t1534,i108
t1534,i55
t1534,i98
t1534,i48
t1534,i73
t1535,i85
t1535,i100
t1535,i72
t1535,i24
t1535,i40
t1535,i73
t1536,i49
t1536,i83
t1536,i80
t1536,i52
t1536,i105
t1536,i48
t1537,i100
t1537,i116
t1537,i43
t1537,i30
t1537,i54
t1538,i97
t1538,i37
t1538,i25
t1538,i76
t1538,i65
t1539,i30
t1539,i54
t1540,i55
t1540,i100
t1540,i72
t1540,i99
t1540,i23
t1540,i82
t1540,i22
t1540,i45
t1541,i49
t1541,i108
t1541,i72
t1541,i99
t1541,i71
t1541,i111
t1542,i69
t1543,i55
t1544,i51
t1544,i72
t1544,i31
t1545,i108
t1545,i71
t1545,i75
t1545,i43
t1546,i30
t1546,i65
t1547,i49
t1547,i72
t1547,i25
t1547,i116
t1548,i51
t1548,i108
t1548,i100
t1548,i72
t1548,i71
t1548,i78
t1548,i63
t1548,i23
t1548,i41
t1548,i33
t1548,i103
t1549,i108
t1549,i45
t1550,i37
t1551,i57
t1551,i15
t1551,i72
t1551,i25
t1551,i16
t1551,i92
t1551,i19
t1551,i21
t1551,i91
t1552,i43
t1553,i55
t1554,i55
t1554,i76
t1555,i15
t1555,i25
t1555,i17
t1555,i30
t1555,i54
t1556,i25
t1556,i22
t1557,i26
t1557,i76
t1557,i93
t1558,i59
t1558,i97
t1558,i108
t1558,i55
t1558,i100
t1558,i81
t1558,i31
t1558,i52
t1558,i21
t1558,i54
t1559,i46
t1559,i51
t1559,i69
t1559,i114
t1559,i54
t1560,i37
t1560,i48
t1561,i49
t1561,i37
t1562,i15
t1562,i49
t1562,i72
t1562,i99
t1562,i69
t1562,i81
t1562,i37
t1562,i58
t1562,i68
t1563,i49
t1563,i72
t1563,i23
t1563,i92
t1563,i37
t1563,i82
t1563,i64
t1563,i73
t1564,i43
t1565,i72
t1565,i17
t1565,i60
t1566,i108
t1567,i72
t1568,i55
t1568,i100
t1568,i81
t1568,i30
t1568,i84
t1568,i54
t1569,i37
t1569,i57
t1570,i25
t1570,i81
t1570,i82
t1570,i37
t1571,i49
t1571,i1
t1571,i37
t1571,i45
t1571,i73
t1572,i15
t1572,i25
t1572,i59
t1572,i55
t1572,i100
t1572,i99
t1572,i71
t1572,i23
t1572,i75
t1572,i65
t1573,i43
t1574,i37
t1574,i25
t1574,i43
t1575,i49
t1575,i108
t1575,i55
t1575,i100
t1575,i4
t1575,i81
t1575,i1
t1575,i17
t1575,i54
t1576,i49
t1576,i55
t1576,i100
t1576,i117
t1576,i119
t1577,i16
t1577,i17
t1577,i54
t1577,i76
t1577,i73
t1578,i55
t1578,i100
t1578,i82
t1578,i23
t1578,i74
t1578,i25
t1578,i43
t1578,i40
t1578,i76
t1578,i12
t1578,i118
t1579,i108
t1579,i4
t1579,i37
t1579,i17
t1579,i39
t1580,i72
t1580,i116
t1580,i65
t1581,i4
t1581,i98
t1582,i100
t1582,i111
t1582,i90
t1582,i36
t1582,i54
t1583,i51
t1583,i89
t1583,i71
t1583,i23
t1583,i28
t1583,i92
t1583,i90
t1583,i74
t1583,i43
t1583,i12
t1583,i39
t1583,i70
t1584,i110
t1584,i82
t1585,i72
t1585,i71
t1585,i1
t1585,i6
t1585,i37
t1585,i90
t1585,i118
t1586,i110
t1586,i51
t1586,i97
t1586,i108
t1586,i100
t1586,i81
t1586,i16
t1586,i102
t1586,i61
t1586,i65
t1587,i81
t1587,i43
t1588,i99
t1589,i100
t1589,i72
t1589,i102
t1589,i37
t1589,i90
t1589,i74
t1589,i43
t1589,i48
t1589,i40
t1589,i10
t1589,i70
t1590,i46
t1590,i25
t1590,i43
t1591,i72
t1591,i99
t1591,i37
t1591,i17
t1591,i90
t1591,i31
t1592,i72
t1592,i25
t1592,i81
t1592,i42
t1592,i8
t1592,i44
t1592,i47
t1592,i92
t1592,i88
t1593,i43
t1594,i31
t1595,i108
t1596,i100
t1596,i117
t1596,i53
t1596,i37
t1596,i43
t1597,i72
t1597,i31
t1597,i73
t1598,i51
t1598,i49
t1598,i72
t1598,i37
t1598,i31
t1599,i99
t1599,i71
t1599,i92
t1600,i30
t1601,i45
t1602,i103
t1603,i75
t1604,i25
t1605,i35
t1605,i51
t1605,i97
t1605,i49
t1605,i55
t1605,i100
t1605,i72
t1605,i99
t1605,i4
t1605,i71
t1605,i92
t1605,i116
t1605,i56
t1605,i80
t1605,i29
t1605,i48
t1606,i97
t1606,i49
t1606,i55
t1606,i107
t1606,i100
t1606,i72
t1606,i71
t1606,i25
t1606,i40
t1607,i25
t1607,i97
t1607,i71
t1607,i81
t1607,i28
t1607,i31
t1607,i58
t1608,i97
t1608,i72
t1608,i1
t1608,i37
t1608,i17
t1608,i9
t1608,i54
t1608,i25
t1608,i43
t1608,i40
t1608,i30
t1608,i67
t1608,i12
t1608,i82
t1609,i25
t1609,i95
t1609,i39
t1610,i108
t1610,i115
t1610,i55
t1610,i100
t1610,i72
t1610,i81
t1611,i72
t1611,i99
t1611,i71
t1611,i92
t1611,i31
t1611,i62
t1611,i21
t1611,i36
t1611,i43
t1611,i66
t1612,i89
t1612,i72
t1612,i99
t1612,i4
t1613,i110
t1613,i89
t1613,i55
t1613,i100
t1613,i72
t1613,i71
t1613,i44
t1613,i21
t1613,i33
t1613,i118
t1613,i64
t1613,i106
t1614,i46
t1614,i59
t1614,i49
t1614,i108
t1614,i100
t1614,i72
t1614,i4
t1614,i71
t1614,i81
t1614,i8
t1614,i102
t1614,i37
t1614,i43
t1614,i33
t1614,i82
t1615,i97
t1615,i108
t1615,i100
t1615,i52
t1616,i15
t1616,i100
t1616,i4
t1616,i82
t1616,i17
t1616,i45
t1617,i71
t1618,i25
t1619,i38
t1619,i37
t1619,i33
t1619,i54
t1620,i85
t1620,i25
t1620,i43
t1620,i30
t1620,i103
t1620,i5
t1620,i45
t1620,i66
t1621,i40
t1622,i25
t1622,i17
t1622,i56
t1622,i22
t1622,i88
t1623,i55
t1623,i25
t1623,i73
t1624,i15
t1624,i46
t1624,i57
t1624,i51
t1624,i49
t1624,i108
t1624,i83
t1624,i100
t1624,i72
t1624,i25
t1624,i81
t1624,i111
t1624,i78
t1624,i75
t1624,i82
t1624,i17
t1624,i43
t1624,i88
t1625,i46
t1625,i72
t1625,i28
t1625,i37
t1625,i12
t1625,i65
t1626,i43
t1626,i30
t1627,i25
t1627,i49
t1627,i72
t1627,i17
t1627,i43
t1627,i33
t1627,i12
t1627,i82
t1628,i15
t1628,i108
t1628,i72
t1628,i37
t1628,i63
t1628,i80
t1628,i43
t1629,i100
t1629,i43
t1630,i72
t1630,i40
t1631,i55
t1632,i25
t1632,i100
t1632,i72
t1633,i49
t1633,i108
t1633,i72
t1633,i99
t1633,i71
t1633,i92
t1633,i111
t1633,i60
t1633,i74
t1633,i22
t1633,i40
t1633,i106
t1634,i51
t1634,i55
t1634,i116
t1634,i43
t1634,i40
t1635,i49
t1635,i108
t1635,i55
t1635,i72
t1635,i71
t1635,i38
t1635,i82
t1635,i60
t1635,i114
t1635,i43
t1636,i25
t1636,i45
t1637,i100
t1637,i99
t1637,i17
t1637,i86
t1637,i61
t1637,i10
t1637,i103
t1637,i45
t1638,i81
t1638,i91
t1639,i72
t1639,i81
t1640,i55
t1640,i100
t1640,i72
t1640,i25
t1640,i40
t1641,i15
t1641,i115
t1641,i72
t1641,i71
t1641,i82
t1642,i92
t1643,i59
t1643,i72
t1643,i25
t1643,i37
t1643,i21
t1643,i40
t1644,i55
t1644,i72
t1644,i71
t1645,i37
t1645,i116
t1645,i25
t1646,i30
t1646,i118
t1647,i114
t1647,i54
t1647,i82
t1647,i70
t1648,i59
t1648,i73
t1649,i92
t1649,i111
t1650,i25
t1650,i118
t1651,i82
t1652,i75
t1652,i23
t1652,i45
t1652,i113
t1653,i75
t1653,i9
t1653,i86
t1653,i54
t1653,i109
t1654,i25
t1654,i81
t1654,i116
t1654,i17
t1654,i52
t1654,i48
t1654,i33
t1655,i15
t1656,i46
t1656,i49
t1656,i104
t1656,i33
t1656,i106
t1656,i65
t1657,i97
t1657,i108
t1657,i100
t1657,i72
t1657,i25
t1657,i23
t1657,i82
t1657,i14
t1657,i48
t1657,i58
t1657,i45
t1658,i76
t1659,i25
t1659,i31
t1660,i72
t1660,i25
t1660,i48
t1661,i44
t1661,i65
t1662,i106
t1663,i24
t1663,i43
t1663,i54
t1664,i17
t1664,i43
t1665,i85
t1665,i37
t1666,i75
t1666,i43
t1666,i48
t1667,i107
t1668,i97
t1668,i108
t1668,i99
t1668,i29
t1668,i54
t1669,i60
t1669,i43
t1669,i40
t1670,i108
t1670,i55
t1670,i23
t1670,i54
t1670,i40
t1671,i22
t1671,i10
t1672,i75
t1672,i43
t1672,i40
t1672,i61
t1673,i73
t1674,i59
t1674,i49
t1674,i92
t1674,i19
t1674,i25
t1674,i43
t1675,i30
t1676,i21
t1676,i82
t1676,i118
t1677,i81
t1678,i54
t1679,i115
t1679,i100
t1679,i71
t1680,i72
t1680,i73
t1681,i55
t1681,i82
t1682,i51
t1682,i108
t1682,i100
t1682,i72
t1682,i71
t1682,i62
t1682,i19
t1682,i43
t1682,i88
t1683,i15
t1683,i51
t1683,i97
t1683,i115
t1683,i81
t1683,i43
t1683,i48
t1683,i88
t1684,i25
t1684,i60
t1685,i75
t1685,i25
t1686,i115
t1686,i55
t1686,i72
t1686,i4
t1686,i71
t1686,i81
t1686,i23
t1686,i56
t1686,i48
t1687,i40
t1687,i54
t1688,i51
t1688,i115
t1688,i72
t1688,i4
t1688,i81
t1688,i48
t1688,i64
t1689,i75
t1689,i43
t1689,i118
t1690,i99
t1690,i71
t1690,i12
t1691,i15
t1691,i4
t1691,i43
t1692,i37
t1692,i14
t1692,i40
t1693,i100
t1693,i82
t1693,i43
t1694,i100
t1694,i17
t1695,i55
t1695,i52
t1695,i43
t1695,i54
t1696,i100
t1696,i72
t1696,i25
t1696,i71
t1696,i23
t1696,i14
t1696,i2
t1696,i48
t1696,i66
t1697,i17
t1697,i61
t1698,i100
t1698,i116
t1698,i43
t1699,i100
t1699,i92
t1699,i17
t1699,i39
t1700,i97
t1700,i49
t1700,i72
t1700,i82
t1700,i17
t1700,i25
t1700,i61
t1701,i60
t1702,i97
t1702,i115
t1702,i85
t1702,i100
t1702,i42
t1702,i8
t1702,i80
t1702,i19
t1702,i54
t1702,i25
t1702,i43
t1702,i40
t1702,i93
t1702,i5
t1702,i66
t1703,i72
t1704,i82
t1704,i73
t1705,i97
t1705,i100
t1705,i111
t1705,i90
t1705,i30
t1705,i61
t1706,i100
t1706,i71
t1706,i48
t1706,i54
t1707,i55
t1707,i111
t1707,i60
t1707,i106
t1708,i15
t1708,i25
t1708,i108
t1708,i115
t1708,i100
t1708,i4
t1708,i71
t1708,i92
t1708,i111
t1708,i116
t1708,i56
t1708,i62
t1708,i32
t1708,i43
t1708,i30
t1708,i101
t1709,i108
t1709,i14
t1709,i25
t1709,i54
t1710,i49
t1710,i115
t1710,i71
t1710,i82
t1710,i116
t1710,i43
t1710,i64
t1711,i51
t1711,i100
t1711,i81
t1712,i72
t1712,i71
t1712,i23
t1712,i80
t1712,i19
t1712,i21
t1712,i22
t1712,i33
t1712,i82
t1712,i39
t1712,i113
t1713,i7
t1713,i43
t1713,i48
t1714,i97
t1714,i60
t1714,i62
t1714,i48
t1714,i40
t1714,i61
t1714,i101
t1714,i54
t1715,i72
t1715,i31
t1715,i25
t1716,i55
t1716,i99
t1716,i4
t1716,i81
t1716,i17
t1716,i26
t1716,i54
t1716,i43
t1716,i48
t1716,i65
t1717,i97
t1717,i49
t1717,i100
t1718,i16
t1719,i43
t1720,i49
t1720,i40
t1721,i54
t1722,i40
t1723,i59
t1723,i83
t1723,i48
t1724,i108
t1724,i23
t1725,i55
t1725,i85
t1725,i100
t1725,i71
t1725,i111
t1725,i14
t1725,i52
t1725,i43
t1725,i61
t1725,i45
t1726,i25
t1726,i59
t1726,i97
t1726,i72
t1726,i23
t1726,i82
t1726,i37
t1726,i30
t1726,i45
t1726,i54
t1727,i25
t1728,i63
t1729,i108
t1729,i82
t1730,i72
t1730,i17
t1730,i48
t1730,i30
t1730,i118
t1731,i110
t1731,i72
t1731,i25
t1731,i118
t1731,i64
t1732,i30
t1733,i72
t1733,i23
t1733,i80
t1733,i25
t1733,i48
t1733,i73
t1734,i30
t1735,i69
t1735,i118
t1736,i31
t1737,i72
t1738,i30
t1738,i84
t1739,i61
t1740,i55
t1740,i85
t1740,i81
t1740,i16
t1740,i53
t1740,i31
t1741,i15
t1741,i97
t1741,i100
t1741,i4
t1741,i71
t1741,i81
t1741,i44
t1741,i27
t1741,i60
t1741,i56
t1741,i21
t1741,i25
t1741,i70
t1741,i58
t1741,i119
t1742,i116
t1743,i100
t1743,i4
t1743,i12
t1744,i46
t1744,i100
t1744,i72
t1744,i92
t1745,i82
t1745,i21
t1745,i25
t1746,i15
t1746,i108
t1746,i85
t1746,i32
t1746,i21
t1746,i40
t1746,i65
t1747,i55
t1747,i71
t1747,i48
t1748,i100
t1748,i71
t1749,i97
t1749,i72
t1749,i39
t1749,i93
t1749,i66
t1750,i51
t1750,i102
t1750,i43
t1751,i100
t1751,i72
t1751,i71
t1751,i32
t1752,i25
t1752,i51
t1752,i59
t1752,i115
t1752,i1
t1752,i79
t1752,i54
t1753,i108
t1753,i31
t1754,i115
t1754,i103
t1754,i70
t1754,i65
t1755,i72
t1755,i39
t1756,i25
t1756,i30
t1756,i54
t1757,i51
t1757,i85
t1757,i17
t1757,i11
t1757,i25
t1758,i72
t1758,i43
t1759,i51
t1759,i49
t1759,i115
t1759,i72
t1759,i71
t1759,i60
t1759,i80
t1760,i21
t1760,i82
t1761,i87
t1761,i97
t1761,i71
t1761,i17
t1761,i43
t1761,i12
t1761,i54
t1762,i116
t1762,i31
t1762,i33
t1762,i119
t1763,i115
t1763,i4
t1763,i81
t1763,i25
t1763,i43
t1763,i48
t1763,i22
t1764,i46
t1764,i72
t1764,i82
t1764,i17
t1764,i80
t1764,i41
t1764,i103
t1764,i50
t1765,i17
t1765,i30
t1765,i54
t1766,i15
t1766,i17
t1767,i72
t1767,i71
t1767,i28
t1767,i56
t1767,i41
t1767,i43
t1767,i10
t1767,i82
t1767,i39
t1768,i40
t1769,i72
t1769,i116
t1770,i15
t1770,i55
t1770,i60
t1770,i9
t1770,i56
t1770,i43
t1770,i45
t1771,i43
t1771,i82
t1771,i50
t1772,i46
t1772,i72
t1772,i4
t1772,i47
t1772,i25
t1772,i43
t1772,i48
t1772,i82
t1773,i40
t1773,i30
t1774,i15
t1774,i25
t1774,i100
t1774,i72
t1774,i71
t1774,i23
t1774,i116
t1774,i43
t1775,i15
t1775,i55
t1775,i100
t1775,i4
t1775,i71
t1775,i81
t1775,i1
t1775,i82
t1775,i60
t1775,i17
t1775,i25
t1775,i48
t1775,i101
t1776,i15
t1776,i37
t1776,i22
t1777,i51
t1778,i55
t1778,i71
t1778,i38
t1778,i82
t1778,i60
t1778,i21
t1779,i97
t1779,i72
t1779,i41
t1779,i54
t1780,i100
t1781,i72
t1781,i43
t1782,i71
t1782,i75
t1782,i60
t1782,i114
t1782,i54
t1783,i16
t1783,i6
t1783,i37
t1783,i19
t1783,i43
t1783,i106
t1783,i54
t1784,i97
t1784,i49
t1784,i108
t1784,i100
t1784,i37
t1784,i22
t1784,i48
t1785,i97
t1785,i108
t1785,i72
t1785,i25
t1786,i72
t1786,i69
t1786,i81
t1786,i75
t1786,i116
t1786,i118
t1786,i64
t1786,i93
t1787,i30
t1788,i37
t1788,i23
t1788,i114
t1788,i103
t1788,i65
t1789,i15
t1789,i37
t1789,i43
t1790,i78
t1790,i40
t1791,i100
t1791,i72
t1791,i41
t1791,i54
t1791,i119
t1792,i37
t1792,i43
t1793,i49
t1793,i100
t1793,i72
t1793,i92
t1793,i17
t1793,i10
t1794,i69
t1794,i44
t1795,i17
t1795,i43
t1796,i28
t1796,i48
t1797,i37
t1797,i114
t1797,i36
t1797,i103
t1797,i65
t1798,i110
t1798,i85
t1798,i64
t1798,i88
t1799,i110
t1799,i108
t1799,i65
t1800,i42
t1800,i17
t1800,i54
t1800,i43
t1800,i76
t1800,i61
t1800,i33
t1800,i12
t1801,i37
t1801,i30
t1802,i110
t1802,i72
t1802,i116
t1802,i10
t1802,i39
t1802,i54
t1803,i37
t1803,i40
t1804,i37
t1804,i60
t1804,i93
t1804,i54
t1805,i100
t1805,i72
t1805,i43
t1805,i82
t1806,i54
t1807,i108
t1807,i100
t1807,i72
t1807,i71
t1807,i38
t1807,i102
t1807,i37
t1807,i48
t1808,i97
t1808,i108
t1809,i63
t1809,i25
t1809,i82
t1809,i118
t1810,i110
t1810,i37
t1811,i43
t1812,i43
t1813,i55
t1814,i51
t1814,i72
t1814,i37
t1814,i41
t1814,i118
t1814,i68
t1814,i65
t1815,i92
t1815,i37
t1815,i17
t1816,i49
t1816,i100
t1816,i72
t1816,i111
t1817,i97
t1817,i72
t1817,i81
t1817,i37
t1817,i17
t1818,i110
t1818,i59
t1818,i100
t1818,i37
t1819,i100
t1819,i72
t1819,i37
t1819,i14
t1819,i31
t1819,i43
t1819,i12
t1820,i114
t1820,i21
t1820,i60
t1821,i110
t1821,i15
t1821,i100
t1821,i82
t1821,i62
t1821,i36
t1821,i43
t1821,i33
t1821,i54
t1822,i51
t1822,i59
t1822,i100
t1822,i44
t1822,i23
t1822,i37
t1822,i116
t1822,i45
t1823,i15
t1823,i46
t1823,i87
t1823,i111
t1823,i61
t1823,i33
t1823,i12
t1823,i54
t1824,i108
t1824,i43
t1825,i40
t1825,i30
t1826,i38
t1827,i35
t1827,i72
t1827,i71
t1828,i110
t1828,i85
t1828,i8
t1828,i60
t1828,i17
t1828,i13
t1828,i82
t1828,i65
t1828,i54
t1829,i115
t1829,i85
t1829,i81
t1829,i116
t1829,i90
t1829,i84
t1829,i113
t1830,i99
t1830,i43
t1831,i15
t1831,i72
t1831,i40
t1832,i85
t1832,i72
t1832,i99
t1832,i71
t1832,i44
t1832,i82
t1832,i25
t1832,i3
t1833,i43
t1834,i43
t1834,i40
t1835,i25
t1835,i97
t1835,i71
t1835,i16
t1835,i8
t1835,i37
t1835,i31
t1835,i7
t1835,i54
t1835,i20
t1835,i109
t1836,i23
t1837,i25
t1837,i48
t1838,i82
t1839,i23
t1839,i60
t1839,i114
t1839,i21
t1839,i54
t1839,i39
t1840,i72
t1840,i43
t1840,i30
t1840,i95
t1840,i65
t1841,i72
t1841,i82
t1841,i37
t1841,i116
t1841,i118
t1841,i54
t1842,i48
t1843,i85
t1843,i28
t1844,i49
t1844,i100
t1844,i71
t1844,i6
t1844,i7
t1844,i65
t1845,i49
t1845,i83
t1845,i100
t1845,i40
t1845,i101
t1846,i17
t1847,i89
t1847,i56
t1847,i86
t1848,i110
t1849,i49
t1849,i100
t1849,i72
t1849,i99
t1849,i53
t1849,i37
t1849,i31
t1849,i79
t1850,i25
t1851,i37
t1851,i22
t1852,i49
t1852,i100
t1853,i51
t1853,i59
t1853,i55
t1853,i72
t1853,i90
t1853,i31
t1853,i79
t1853,i25
t1854,i72
t1855,i89
t1855,i37
t1856,i110
t1856,i102
t1857,i15
t1857,i59
t1857,i97
t1857,i114
t1857,i54
t1858,i100
t1858,i40
t1859,i46
t1859,i85
t1859,i100
t1859,i116
t1859,i31
t1860,i40
t1861,i108
t1861,i43
t1861,i10
t1861,i118
t1862,i90
t1862,i14
t1862,i43
t1862,i48
t1862,i94
t1862,i45
t1863,i108
t1863,i99
t1863,i53
t1863,i114
t1864,i51
t1864,i4
t1864,i43
t1864,i54
t1865,i110
t1865,i15
t1865,i100
t1865,i44
t1865,i37
t1866,i37
t1866,i67
t1867,i15
t1867,i57
t1867,i100
t1867,i99
t1867,i1
t1867,i82
t1867,i37
t1867,i17
t1867,i21
t1867,i25
t1867,i43
t1867,i65
t1867,i54
t1868,i49
t1868,i23
t1868,i82
t1869,i25
t1869,i89
t1869,i100
t1870,i72
t1870,i71
t1871,i46
t1872,i43
t1873,i25
t1873,i89
t1873,i100
t1874,i30
t1875,i108
t1875,i17
t1876,i49
t1876,i108
t1876,i72
t1876,i23
t1876,i53
t1876,i37
t1876,i25
t1876,i12
t1876,i45
t1876,i113
t1877,i82
t1877,i37
t1878,i57
t1878,i51
t1878,i49
t1878,i72
t1878,i99
t1878,i37
t1878,i21
t1878,i25
t1878,i43
t1879,i97
t1879,i5
t1880,i15
t1880,i97
t1880,i108
t1880,i55
t1880,i107
t1880,i100
t1880,i99
t1880,i71
t1880,i8
t1880,i21
t1880,i54
t1881,i37
t1881,i105
t1882,i37
t1882,i65
t1883,i57
t1883,i49
t1883,i38
t1883,i114
t1883,i54
t1884,i55
t1884,i107
t1884,i92
t1884,i25
t1884,i54
t1885,i49
t1885,i98
t1885,i25
t1886,i97
t1886,i49
t1886,i108
t1886,i115
t1886,i25
t1886,i43
t1886,i76
t1887,i72
t1887,i38
t1887,i111
t1887,i53
t1888,i31
t1888,i45
t1889,i89
t1889,i72
t1889,i75
t1889,i82
t1889,i60
t1889,i17
t1889,i31
t1889,i114
t1889,i43
t1889,i48
t1889,i76
t1889,i61
t1889,i101
t1889,i54
t1890,i4
t1890,i37
t1890,i25
t1890,i39
t1891,i59
t1891,i81
t1891,i45
t1892,i100
t1892,i38
t1892,i82
t1892,i116
t1892,i17
t1892,i43
t1892,i65
t1893,i49
t1893,i100
t1893,i72
t1893,i7
t1893,i25
t1894,i25
t1894,i59
t1894,i97
t1894,i49
t1894,i108
t1894,i55
t1894,i100
t1894,i72
t1894,i37
t1895,i116
t1895,i48
t1895,i65
t1895,i54
t1896,i15
t1896,i89
t1896,i72
t1896,i17
t1896,i54
t1897,i89
t1897,i72
t1897,i99
t1897,i37
t1897,i86
t1897,i106
t1897,i45
t1898,i51
t1898,i55
t1898,i85
t1898,i100
t1898,i71
t1898,i82
t1899,i15
t1899,i97
t1899,i49
t1899,i108
t1899,i63
t1899,i41
t1900,i43
t1901,i114
t1901,i43
t1901,i12
t1902,i17
t1902,i74
t1903,i100
t1903,i72
t1903,i17
t1903,i63
t1903,i31
t1903,i36
t1903,i33
t1903,i82
t1904,i55
t1904,i72
t1904,i71
t1904,i79
t1904,i25
t1904,i43
t1904,i40
t1904,i118
t1904,i106
t1905,i81
t1905,i17
t1905,i36
t1905,i43
t1905,i12
t1905,i93
t1905,i45
t1906,i72
t1906,i44
t1906,i54
t1907,i72
t1907,i81
t1907,i104
t1907,i82
t1907,i29
t1907,i43
t1907,i103
t1908,i100
t1908,i81
t1909,i51
t1909,i55
t1909,i1
t1909,i92
t1909,i102
t1909,i7
t1909,i25
t1909,i48
t1909,i45
t1909,i54
t1910,i108
t1910,i85
t1910,i72
t1911,i40
t1912,i100
t1913,i72
t1913,i99
t1913,i71
t1913,i81
t1913,i52
t1913,i43
t1913,i54
t1914,i17
t1914,i43
t1915,i15
t1915,i116
t1915,i57
t1915,i36
t1916,i15
t1916,i35
t1916,i104
t1916,i43
t1917,i61
t1918,i4
t1919,i51
t1919,i89
t1919,i107
t1919,i71
t1919,i44
t1919,i116
t1919,i114
t1919,i43
t1920,i110
t1920,i15
t1920,i49
t1920,i72
t1920,i78
t1920,i22
t1920,i103
t1920,i65
t1921,i25
t1922,i100
t1922,i60
t1922,i31
t1922,i30
t1922,i67
t1923,i35
t1923,i37
t1923,i43
t1924,i110
t1924,i15
t1924,i44
t1924,i43
t1924,i54
t1925,i72
t1925,i99
t1925,i69
t1925,i38
t1925,i33
t1925,i12
t1925,i96
t1926,i110
t1926,i25
t1926,i116
t1926,i80
t1927,i55
t1927,i25
t1927,i40
t1928,i43
t1929,i25
t1929,i71
t1929,i81
t1930,i21
t1930,i25
t1930,i22
t1930,i54
t1931,i103
t1932,i115
t1932,i55
t1932,i72
t1932,i81
t1932,i54
t1933,i100
t1934,i71
t1934,i37
t1935,i49
t1935,i100
t1935,i72
t1935,i48
t1935,i33
t1935,i54
t1936,i72
t1937,i99
t1937,i30
t1937,i12
t1937,i64
t1938,i72
t1938,i25
t1938,i44
t1938,i22
t1939,i25
t1940,i43
t1940,i82
t1940,i118
t1941,i15
t1941,i46
t1941,i97
t1941,i100
t1941,i25
t1941,i44
t1941,i27
t1941,i82
t1941,i37
t1941,i116
t1941,i31
t1941,i43
t1941,i64
t1942,i80
t1942,i48
t1943,i89
t1943,i72
t1943,i81
t1944,i85
t1944,i71
t1944,i92
t1945,i51
t1945,i21
t1946,i108
t1946,i71
t1946,i1
t1946,i92
t1946,i82
t1946,i19
t1946,i91
t1946,i45
t1947,i51
t1947,i59
t1947,i55
t1947,i99
t1947,i1
t1947,i43
t1947,i30
t1948,i97
t1948,i108
t1949,i71
t1949,i17
t1950,i110
t1950,i100
t1950,i71
t1950,i38
t1950,i44
t1950,i37
t1950,i36
t1950,i43
t1950,i30
t1950,i54
t1951,i110
t1951,i46
t1951,i108
t1951,i82
t1952,i116
t1953,i55
t1953,i107
t1953,i100
t1953,i71
t1953,i61
t1953,i12
t1953,i54
t1954,i93
t1954,i45
t1955,i71
t1955,i54
t1956,i15
t1956,i108
t1956,i100
t1956,i71
t1956,i7
t1956,i48
t1956,i54
t1957,i26
t1957,i118
t1958,i116
t1958,i17
t1958,i90
t1959,i97
t1959,i49
t1959,i72
t1959,i69
t1959,i38
t1959,i43
t1959,i54
t1960,i23
t1960,i75
t1960,i60
t1960,i118
t1961,i38
t1961,i8
t1961,i37
t1961,i23
t1961,i22
t1961,i64
t1962,i99
t1962,i81
t1962,i64
t1962,i119
t1962,i54
t1963,i75
t1963,i50
t1964,i44
t1964,i43
t1965,i88
t1965,i106
t1966,i25
t1966,i43
t1966,i40
t1966,i96
t1967,i43
t1967,i39
t1968,i108
t1968,i100
t1968,i81
t1968,i80
t1969,i72
t1969,i69
t1969,i71
t1970,i12
t1971,i15
t1971,i100
t1971,i4
t1971,i52
t1972,i38
t1972,i37
t1973,i75
t1973,i53
t1973,i61
t1974,i25
t1974,i1
t1974,i22
t1974,i48
t1975,i38
t1975,i12
t1976,i110
t1976,i49
t1976,i4
t1976,i37
t1976,i116
t1976,i70
t1976,i119
t1977,i88
t1978,i15
t1978,i97
t1978,i108
t1978,i72
t1978,i99
t1978,i82
t1978,i31
t1978,i65
t1979,i25
t1979,i100
t1979,i72
t1979,i23
t1979,i106
t1980,i71
t1980,i40
t1980,i95
t1980,i103
t1981,i72
t1981,i71
t1981,i80
t1981,i25
t1981,i40
t1981,i61
t1981,i118
t1982,i71
t1982,i25
t1983,i81
t1984,i72
t1984,i71
t1984,i44
t1984,i37
t1984,i25
t1985,i72
t1985,i60
t1986,i97
t1986,i63
t1986,i90
t1986,i31
t1986,i23
t1986,i41
t1986,i43
t1987,i51
t1987,i100
t1987,i72
t1987,i36
t1987,i54
t1987,i39
t1987,i64
t1988,i38
t1989,i16
t1989,i106
t1989,i66
t1989,i65
t1990,i59
t1990,i72
t1990,i92
t1990,i114
t1990,i64
t1990,i93
t1990,i96
t1990,i18
t1991,i100
t1992,i72
t1992,i71
t1992,i37
t1992,i25
t1993,i110
t1993,i97
t1993,i49
t1993,i100
t1993,i72
t1993,i109
t1994,i71
t1994,i37
t1994,i17
t1994,i43
t1995,i30
t1996,i30
t1997,i100
t1997,i71
t1997,i81
t1997,i65
t1998,i110
t1998,i15
t1998,i100
t1998,i116
t1998,i63
t1998,i25
t1998,i64
t1999,i30
t2000,i51
t2000,i107
t2000,i100
t2000,i47
t2000,i10
t2001,i82
t2001,i39
t2002,i97
t2002,i49
t2002,i48
t2003,i28
t2003,i37
t2003,i116
t2003,i43
t2004,i72
t2004,i38
t2004,i25
t2004,i10
t2004,i65
t2005,i72
t2005,i17
t2006,i72
t2006,i17
t2007,i106
t2008,i59
t2008,i97
t2008,i55
t2008,i72
t2008,i37
t2008,i17
t2008,i54
t2008,i70
t2009,i57
t2009,i59
t2009,i55
t2009,i25
t2009,i63
t2009,i48
t2009,i22
t2009,i45
t2010,i59
t2010,i100
t2010,i72
t2010,i37
t2011,i108
t2011,i72
t2011,i71
t2012,i100
t2012,i37
t2013,i89
t2013,i71
t2013,i37
t2013,i26
t2013,i93
t2013,i113
t2014,i37
t2014,i118
t2015,i74
t2016,i30
t2017,i51
t2017,i37
t2017,i43
t2018,i51
t2018,i38
t2018,i63
t2018,i31
t2018,i40
t2019,i49
t2019,i115
t2019,i55
t2019,i72
t2019,i71
t2019,i23
t2019,i37
t2019,i25
t2019,i43
t2020,i72
t2020,i21
t2020,i25
t2020,i45
t2021,i38
t2021,i47
t2022,i108
t2022,i37
t2022,i23
t2022,i26
t2022,i65
t2023,i108
t2023,i55
t2023,i100
t2023,i72
t2023,i71
t2024,i110
t2024,i15
t2024,i57
t2024,i108
t2024,i71
t2024,i37
t2024,i25
t2024,i43
t2024,i65
t2025,i15
t2025,i108
t2025,i25
t2026,i33
t2027,i25
t2028,i59
t2028,i55
t2028,i100
t2028,i81
t2029,i82
t2029,i93
t2029,i106
t2030,i80
t2030,i31
t2030,i25
t2030,i76
t2030,i12
t2031,i57
t2031,i49
t2031,i108
t2031,i100
t2031,i25
t2031,i17
t2032,i47
t2032,i37
t2032,i43
t2033,i15
t2033,i51
t2033,i28
t2033,i92
t2033,i17
t2034,i97
t2034,i99
t2035,i92
t2036,i15
t2036,i37
t2036,i54
t2037,i17
t2037,i109
t2038,i51
t2038,i89
t2039,i115
t2039,i100
t2039,i72
t2039,i81
t2040,i72
t2040,i71
t2040,i81
t2040,i23
t2041,i46
t2041,i37
t2042,i117
t2042,i47
t2042,i92
t2042,i25
t2042,i48
t2042,i64
t2043,i117
t2044,i37
t2044,i30
t2045,i72
t2045,i69
t2045,i82
t2046,i72
t2047,i15
t2047,i51
t2047,i115
t2047,i100
t2047,i72
t2047,i37
t2047,i116
t2047,i9
t2047,i31
t2047,i114
t2047,i58
t2048,i60
t2048,i63
t2048,i80
t2048,i23
t2048,i54
t2048,i25
t2048,i61
t2049,i37
t2049,i25
t2050,i25
t2051,i100
t2051,i43
t2051,i40
t2051,i54
t2052,i110
t2052,i37
t2052,i45
t2053,i110
t2053,i37
t2053,i13
t2053,i30
t2053,i65
t2054,i110
t2054,i25
t2054,i37
t2054,i56
t2054,i22
t2054,i54
t2055,i37
t2055,i17
t2055,i43
t2056,i15
t2056,i54
t2056,i25
t2057,i116
t2057,i25
t2057,i40
t2058,i16
t2058,i31
t2058,i25
t2058,i43
t2059,i108
t2059,i71
t2060,i72
t2060,i54
t2061,i47
t2062,i89
t2062,i55
t2062,i100
t2062,i72
t2062,i37
t2062,i98
t2062,i31
t2062,i119
t2063,i59
t2063,i55
t2063,i107
t2063,i99
t2063,i37
t2063,i40
t2064,i72
t2064,i116
t2064,i40
t2065,i89
t2065,i97
t2065,i100
t2065,i72
t2065,i99
t2065,i71
t2065,i22
t2066,i90
t2066,i48
t2067,i49
t2067,i25
t2067,i116
t2068,i72
t2068,i25
t2069,i15
t2070,i37
t2070,i43
t2070,i39
t2071,i1
t2071,i37
t2071,i30
t2072,i37
t2072,i48
t2072,i33
t2072,i65
t2073,i15
t2074,i17
t2074,i48
t2075,i37
t2075,i43
t2076,i51
t2076,i59
t2076,i72
t2076,i42
t2076,i82
t2076,i48
t2076,i94
t2076,i61
t2076,i12
t2077,i100
t2077,i16
t2077,i37
t2077,i17
t2077,i25
t2077,i43
t2078,i82
t2078,i43
t2079,i46
t2079,i59
t2079,i97
t2079,i49
t2079,i23
t2079,i25
t2079,i65
t2080,i43
t2080,i30
t2081,i118
t2082,i51
t2083,i100
t2084,i85
t2084,i72
t2084,i25
t2084,i78
t2085,i49
t2085,i37
t2085,i25
t2086,i108
t2086,i72
t2086,i99
t2086,i81
t2086,i13
t2087,i15
t2087,i89
t2087,i49
t2087,i23
t2087,i48
t2088,i37
t2089,i89
t2089,i55
t2089,i100
t2089,i9
t2090,i97
t2090,i49
t2090,i108
t2090,i17
t2090,i54
t2090,i82
t2091,i72
t2091,i71
t2091,i102
t2091,i116
t2091,i45
t2092,i55
t2092,i100
t2093,i103
t2094,i7
t2095,i15
t2095,i51
t2095,i43
t2096,i111
t2096,i78
t2096,i82
t2097,i15
t2097,i97
t2097,i100
t2097,i71
t2097,i44
t2097,i17
t2097,i52
t2097,i43
t2098,i28
t2098,i37
t2099,i15
t2099,i37
t2099,i43
t2100,i107
t2100,i72
t2101,i49
t2101,i100
t2102,i110
t2102,i57
t2102,i89
t2102,i97
t2102,i72
t2102,i23
t2102,i82
t2102,i17
t2102,i113
t2103,i82
t2103,i31
t2103,i25
t2104,i15
t2104,i100
t2105,i97
t2105,i49
t2105,i100
t2105,i72
t2105,i71
t2105,i104
t2106,i108
t2106,i55
t2106,i69
t2106,i92
t2106,i37
t2106,i22
t2106,i48
t2106,i65
t2106,i73
t2107,i85
t2107,i71
t2107,i63
t2107,i23
t2107,i25
t2107,i48
t2107,i76
t2108,i110
t2108,i82
t2108,i37
t2109,i54
t2110,i40
t2111,i110
t2111,i55
t2111,i85
t2111,i42
t2111,i6
t2111,i92
t2111,i86
t2112,i72
t2112,i28
t2113,i43
t2113,i106
t2113,i45
t2114,i59
t2114,i107
t2114,i100
t2114,i72
t2114,i4
t2114,i71
t2114,i81
t2114,i6
t2114,i82
t2114,i116
t2114,i114
t2114,i21
t2114,i43
t2114,i48
t2115,i25
t2115,i82
t2116,i15
t2117,i75
t2118,i49
t2118,i21
t2118,i25
t2118,i43
t2118,i40
t2118,i22
t2118,i106
t2119,i72
t2119,i92
t2120,i71
t2120,i17
t2120,i30
t2120,i76
t2121,i107
t2121,i22
t2121,i54
t2122,i72
t2122,i105
t2122,i40
t2122,i45
t2122,i66
t2123,i57
t2123,i99
t2123,i60
t2124,i110
t2124,i108
t2124,i100
t2124,i72
t2124,i25
t2124,i71
t2124,i48
t2124,i54
t2125,i97
t2125,i72
t2125,i71
t2125,i58
t2125,i106
t2126,i30
t2126,i64
t2127,i25
t2127,i43
t2127,i30
t2127,i95
t2127,i65
t2128,i71
t2128,i12
t2129,i59
t2129,i71
t2129,i28
t2129,i31
t2129,i61
t2130,i81
t2130,i64
t2131,i108
t2131,i55
t2131,i72
t2131,i81
t2131,i47
t2131,i60
t2131,i63
t2131,i48
t2131,i45
t2132,i110
t2132,i72
t2132,i37
t2132,i17
t2132,i43
t2132,i118
t2133,i43
t2134,i108
t2134,i71
t2134,i25
t2134,i30
t2134,i103
t2134,i45
t2135,i97
t2135,i49
t2135,i81
t2135,i37
t2135,i64
t2135,i65
t2136,i72
t2137,i15
t2137,i81
t2137,i60
t2137,i41
t2138,i43
t2139,i55
t2139,i84
t2139,i54
t2140,i100
t2140,i23
t2140,i60
t2140,i79
t2140,i54
t2140,i25
t2140,i43
t2140,i48
t2140,i30
t2140,i76
t2140,i66
t2141,i25
t2141,i80
t2141,i66
t2142,i15
t2142,i108
t2142,i44
t2142,i37
t2142,i43
t2143,i25
t2144,i72
t2144,i116
t2144,i82
t2144,i68
t2144,i65
t2145,i100
t2145,i72
t2145,i81
t2145,i104
t2145,i60
t2145,i21
t2145,i25
t2146,i72
t2146,i71
t2146,i17
t2146,i43
t2146,i22
t2146,i54
t2147,i60
t2148,i51
t2149,i81
t2149,i1
t2149,i53
t2149,i106
t2149,i45
t2150,i71
t2150,i78
t2150,i75
t2151,i69
t2151,i105
t2151,i48
t2151,i40
t2151,i76
t2151,i54
t2152,i71
t2152,i81
t2152,i44
t2152,i62
t2153,i100
t2153,i72
t2153,i54
t2154,i17
t2155,i71
t2155,i37
t2155,i22
t2156,i97
t2156,i72
t2156,i25
t2156,i71
t2156,i98
t2156,i79
t2156,i113
t2157,i42
t2157,i54
t2158,i55
t2158,i17
t2159,i100
t2159,i80
t2160,i97
t2160,i37
t2161,i110
t2161,i18
t2162,i15
t2163,i100
t2164,i107
t2165,i46
t2165,i108
t2165,i100
t2165,i23
t2165,i17
t2165,i40
t2166,i55
t2166,i71
t2166,i38
t2166,i63
t2167,i43
t2168,i15
t2168,i59
t2168,i89
t2168,i71
t2168,i8
t2168,i23
t2168,i82
t2168,i37
t2168,i17
t2168,i74
t2169,i110
t2169,i108
t2169,i92
t2169,i48
t2170,i25
t2171,i57
t2171,i97
t2171,i72
t2171,i28
t2172,i23
t2172,i30
t2173,i25
t2173,i97
t2173,i49
t2173,i55
t2173,i100
t2173,i72
t2174,i16
t2174,i82
t2174,i23
t2174,i48
t2174,i65
t2175,i59
t2175,i71
t2175,i37
t2175,i21
t2175,i45
t2175,i113
t2175,i65
t2176,i46
t2176,i82
t2176,i116
t2176,i25
t2176,i50
t2176,i70
t2176,i45
t2176,i65
t2177,i37
t2177,i98
t2177,i50
t2177,i113
t2178,i97
t2178,i71
t2178,i17
t2178,i13
t2178,i31
t2178,i21
t2178,i39
t2178,i93
t2179,i97
t2179,i49
t2179,i72
t2179,i71
t2179,i37
t2179,i17
t2179,i56
t2179,i40
t2179,i45
t2180,i21
t2180,i54
t2181,i44
t2181,i60
t2181,i64
t2182,i110
t2182,i100
t2182,i72
t2182,i71
t2182,i23
t2182,i37
t2182,i17
t2182,i54
t2183,i40
t2184,i71
t2184,i28
t2184,i37
t2184,i43
t2184,i30
t2184,i54
t2185,i110
t2185,i15
t2185,i25
t2185,i100
t2185,i111
t2185,i13
t2185,i23
t2185,i24
t2185,i54
t2185,i103
t2185,i5
t2185,i106
t2185,i45
t2186,i37
t2186,i43
t2186,i65
t2186,i60
t2187,i72
t2187,i38
t2187,i25
t2187,i43
t2187,i10
t2187,i65
t2188,i57
t2188,i59
t2188,i85
t2188,i22
t2188,i113
t2189,i99
t2189,i45
t2190,i38
t2190,i60
t2190,i17
t2190,i65
t2190,i54
t2191,i110
t2191,i72
t2191,i16
t2191,i44
t2191,i6
t2191,i37
t2191,i116
t2191,i31
t2191,i65
t2192,i15
t2192,i51
t2192,i59
t2192,i55
t2192,i25
t2192,i71
t2192,i28
t2192,i37
t2192,i116
t2192,i17
t2192,i80
t2192,i36
t2193,i15
t2193,i108
t2193,i72
t2193,i37
t2193,i43
t2193,i103
t2193,i54
t2194,i57
t2194,i100
t2195,i15
t2195,i49
t2195,i108
t2195,i37
t2195,i17
t2195,i31
t2196,i72
t2196,i37
t2196,i17
t2197,i30
t2198,i110
t2198,i97
t2198,i49
t2198,i108
t2198,i100
t2198,i72
t2198,i99
t2198,i71
t2198,i81
t2198,i82
t2198,i23
t2198,i25
t2198,i61
t2198,i64
t2198,i106
t2199,i33
t2200,i51
t2200,i25
t2200,i44
t2200,i23
t2201,i40
t2202,i51
t2202,i49
t2202,i55
t2202,i85
t2202,i100
t2202,i54
t2203,i25
t2203,i22
t2203,i65
t2204,i72
t2204,i82
t2204,i116
t2204,i18
t2205,i99
t2205,i4
t2205,i43
t2205,i48
t2205,i64
t2205,i106
t2205,i54
t2206,i49
t2206,i108
t2206,i16
t2206,i37
t2206,i17
t2206,i13
t2207,i108
t2207,i100
t2207,i72
t2207,i71
t2207,i116
t2207,i17
t2208,i72
t2208,i65
t2209,i97
t2209,i100
t2209,i71
t2209,i28
t2209,i37
t2209,i43
t2209,i82
t2209,i65
t2210,i30
t2211,i108
t2211,i55
t2211,i42
t2211,i37
t2211,i19
t2211,i54
t2211,i30
t2211,i95
t2212,i18
t2213,i55
t2213,i100
t2213,i92
t2214,i110
t2214,i49
t2214,i55
t2214,i72
t2214,i25
t2214,i99
t2214,i71
t2215,i71
t2215,i22
t2215,i76
t2216,i16
t2216,i75
t2216,i82
t2216,i80
t2216,i43
t2216,i66
t2217,i72
t2217,i81
t2218,i57
t2218,i55
t2218,i72
t2218,i65
t2219,i51
t2220,i54
t2221,i8
t2221,i44
t2221,i25
t2221,i43
t2221,i95
t2221,i12
t2221,i82
t2221,i109
t2222,i15
t2222,i100
t2222,i71
t2222,i6
t2222,i37
t2222,i25
t2222,i43
t2222,i30
t2222,i54
t2223,i87
t2223,i22
t2224,i72
t2224,i111
t2224,i37
t2224,i31
t2225,i99
t2225,i71
t2226,i54
t2226,i48
t2227,i49
t2227,i107
t2227,i72
t2227,i71
t2227,i81
t2227,i43
t2228,i43
t2229,i72
t2229,i99
t2229,i116
t2230,i40
t2231,i80
t2232,i89
t2232,i49
t2233,i71
t2233,i37
t2233,i57
t2233,i43
t2234,i51
t2234,i97
t2235,i15
t2235,i43
t2235,i95
t2235,i54
t2236,i30
t2237,i59
t2237,i97
t2237,i72
t2238,i71
t2238,i16
t2238,i37
t2238,i109
t2239,i33
t2240,i100
t2240,i25
t2240,i71
t2240,i37
t2240,i17
t2240,i31
t2241,i17
t2242,i15
t2242,i97
t2242,i72
t2242,i71
t2242,i38
t2242,i90
t2242,i12
t2242,i118
t2243,i30
t2243,i60
t2244,i15
t2244,i97
t2244,i100
t2244,i44
t2244,i23
t2244,i53
t2244,i54
t2244,i66
t2244,i65
t2245,i30
t2246,i87
t2246,i43
t2246,i118
t2247,i100
t2247,i72
t2247,i71
t2247,i104
t2247,i25
t2247,i22
t2247,i48
t2248,i51
t2248,i100
t2248,i37
t2249,i59
t2249,i55
t2249,i100
t2249,i72
t2249,i82
t2249,i106
t2250,i39
t2251,i30
t2252,i40
t2253,i46
t2253,i97
t2253,i55
t2253,i81
t2253,i30
t2253,i45
t2254,i49
t2254,i72
t2255,i25
t2255,i23
t2255,i18
t2256,i51
t2256,i89
t2256,i108
t2256,i107
t2256,i100
t2256,i72
t2256,i25
t2256,i1
t2256,i47
t2256,i37
t2256,i17
t2256,i9
t2256,i31
t2257,i71
t2258,i15
t2258,i46
t2258,i108
t2258,i72
t2258,i69
t2258,i71
t2258,i44
t2258,i28
t2258,i37
t2258,i17
t2258,i31
t2258,i61
t2258,i54
t2259,i44
t2259,i60
t2259,i116
t2260,i33
t2261,i25
t2262,i110
t2262,i59
t2262,i97
t2262,i72
t2262,i37
t2262,i56
t2262,i54
t2262,i40
t2263,i17
t2263,i7
t2263,i40
t2264,i54
t2265,i49
t2265,i37
t2265,i17
t2266,i111
t2266,i37
t2266,i40
t2267,i72
t2268,i51
t2268,i23
t2268,i65
t2269,i89
t2269,i108
t2269,i72
t2269,i44
t2269,i82
t2270,i100
t2270,i17
t2270,i64
t2270,i45
t2271,i82
t2271,i37
t2272,i89
t2272,i44
t2272,i92
t2272,i43
t2273,i115
t2273,i55
t2273,i72
t2273,i99
t2273,i78
t2273,i82
t2273,i37
t2274,i17
t2274,i43
t2275,i15
t2275,i71
t2275,i37
t2275,i43
t2276,i92
t2277,i4
t2277,i37
t2277,i23
t2277,i25
t2278,i108
t2278,i72
t2278,i82
t2279,i35
t2279,i59
t2279,i85
t2279,i118
t2279,i45
t2279,i54
t2280,i55
t2280,i72
t2280,i37
t2280,i118
t2281,i55
t2281,i71
t2281,i17
t2282,i100
t2282,i37
t2282,i43
t2283,i25
t2283,i108
t2283,i72
t2283,i17
t2283,i54
t2284,i37
t2285,i69
t2285,i36
t2286,i69
t2286,i8
t2286,i37
t2287,i85
t2287,i100
t2287,i104
t2288,i46
t2288,i89
t2288,i100
t2288,i72
t2288,i99
t2288,i6
t2288,i82
t2288,i37
t2288,i31
t2289,i54
t2290,i25
t2290,i100
t2290,i72
t2290,i71
t2290,i92
t2290,i54
t2290,i40
t2290,i76
t2291,i72
t2291,i99
t2291,i4
t2291,i54
t2292,i110
t2292,i89
t2292,i49
t2292,i55
t2292,i82
t2292,i86
t2292,i88
t2293,i97
t2293,i108
t2293,i72
t2293,i99
t2293,i81
t2293,i25
t2293,i40
t2293,i118
t2293,i54
t2294,i49
t2294,i72
t2294,i21
t2294,i101
t2294,i39
t2295,i72
t2296,i30
t2297,i30
t2298,i97
t2298,i37
t2298,i17
t2298,i43
t2298,i73
t2298,i54
t2299,i25
t2299,i85
t2299,i100
t2299,i72
t2299,i78
t2299,i116
t2299,i43
t2299,i22
t2300,i30
t2301,i23
t2301,i25
t2301,i22
t2302,i51
t2302,i49
t2302,i72
t2302,i99
t2302,i111
t2302,i82
t2302,i31
t2302,i19
t2302,i43
t2302,i40
t2302,i73
t2303,i37
t2303,i43
t2303,i12
t2303,i103
t2304,i72
t2304,i92
t2304,i37
t2304,i17
t2304,i20
t2304,i65
t2305,i37
t2305,i116
t2305,i48
t2305,i65
t2306,i6
t2306,i37
t2307,i37
t2308,i51
t2308,i92
t2308,i17
t2308,i22
t2309,i97
t2309,i100
t2309,i72
t2309,i63
t2310,i38
t2311,i45
t2312,i30
t2313,i43
t2313,i103
t2313,i65
t2313,i18
t2314,i40
t2314,i95
t2314,i113
t2315,i15
t2315,i51
t2315,i59
t2315,i89
t2315,i83
t2315,i55
t2315,i100
t2315,i4
t2315,i37
t2315,i29
t2315,i45
t2316,i15
t2316,i40
t2316,i93
t2317,i37
t2317,i30
t2318,i49
t2318,i83
t2318,i16
t2318,i19
t2318,i79
t2318,i54
t2318,i61
t2319,i110
t2319,i51
t2319,i55
t2319,i72
t2319,i71
t2319,i78
t2319,i43
t2320,i15
t2320,i97
t2320,i115
t2320,i100
t2320,i44
t2320,i37
t2320,i25
t2321,i72
t2321,i37
t2322,i55
t2322,i107
t2322,i72
t2322,i69
t2322,i23
t2322,i12
t2322,i45
t2322,i65
t2323,i15
t2323,i37
t2324,i49
t2324,i64
t2325,i89
t2325,i48
t2325,i30
t2325,i22
t2326,i57
t2326,i72
t2326,i71
t2326,i43
t2326,i5
t2327,i43
t2328,i110
t2328,i60
t2328,i31
t2328,i54
t2329,i100
t2330,i72
t2330,i48
t2331,i17
t2331,i65
t2332,i30
t2332,i61
t2333,i30
t2334,i42
t2334,i54
t2334,i60
t2335,i46
t2335,i97
t2335,i49
t2335,i72
t2335,i71
t2335,i81
t2335,i43
t2336,i23
t2337,i51
t2337,i55
t2337,i85
t2337,i100
t2337,i31
t2337,i23
t2337,i32
t2338,i17
t2338,i43
t2339,i57
t2339,i87
t2339,i60
t2339,i33
t2339,i54
t2340,i43
t2340,i48
t2340,i39
t2341,i71
t2341,i23
t2341,i37
t2341,i82
t2342,i81
t2342,i82
t2342,i31
t2343,i15
t2343,i100
t2343,i71
t2343,i25
t2343,i43
t2343,i30
t2343,i54
t2344,i30
t2345,i55
t2345,i100
t2345,i18
t2346,i17
t2346,i43
t2347,i37
t2347,i54
t2347,i76
t2347,i103
t2348,i37
t2349,i110
t2349,i15
t2349,i108
t2349,i100
t2349,i37
t2349,i114
t2349,i82
t2350,i15
t2350,i71
t2350,i37
t2350,i17
t2350,i29
t2350,i43
t2351,i84
t2352,i71
t2352,i37
t2353,i110
t2353,i37
t2353,i116
t2353,i54
t2354,i46
t2354,i51
t2354,i100
t2354,i72
t2354,i92
t2354,i37
t2354,i67
t2355,i82
t2356,i40
t2356,i65
t2357,i25
t2357,i97
t2357,i49
t2357,i100
t2357,i72
t2357,i81
t2357,i37
t2357,i17
t2357,i63
t2357,i118
t2358,i104
t2358,i106
t2358,i65
t2358,i54
t2359,i110
t2359,i15
t2359,i97
t2359,i55
t2359,i100
t2359,i72
t2359,i71
t2359,i81
t2359,i92
t2359,i60
t2359,i116
t2359,i90
t2359,i14
t2359,i43
t2359,i61
t2359,i88
t2360,i108
t2360,i40
t2361,i30
t2362,i51
t2362,i100
t2362,i43
t2363,i30
t2364,i37
t2364,i17
t2365,i96
t2365,i5
t2366,i15
t2366,i110
t2366,i59
t2366,i97
t2366,i107
t2366,i63
t2366,i31
t2366,i86
t2366,i25
t2367,i37
t2367,i43
t2368,i72
t2368,i17
t2368,i43
t2369,i59
t2369,i49
t2369,i55
t2369,i72
t2370,i46
t2370,i72
t2370,i82
t2370,i105
t2370,i25
t2370,i40
t2371,i4
t2371,i38
t2371,i75
t2371,i43
t2372,i37
t2372,i25
t2372,i40
t2373,i15
t2373,i35
t2373,i22
t2373,i48
t2373,i30
t2373,i61
t2373,i54
t2374,i97
t2374,i43
t2374,i22
t2374,i30
t2374,i82
t2374,i118
t2374,i64
t2374,i54
t2375,i72
t2375,i92
t2376,i72
t2376,i99
t2376,i31
t2377,i15
t2377,i71
t2377,i34
t2378,i55
t2378,i72
t2378,i80
t2378,i7
t2378,i48
t2378,i12
t2378,i113
t2378,i54
t2379,i15
t2379,i37
t2380,i4
t2380,i71
t2380,i37
t2380,i57
t2380,i25
t2380,i43
t2380,i82
t2380,i54
t2381,i30
t2382,i97
t2382,i55
t2382,i100
t2382,i81
t2382,i47
t2382,i37
t2382,i65
t2383,i89
t2383,i55
t2383,i92
t2383,i37
t2383,i116
t2383,i31
t2383,i43
t2383,i48
t2383,i22
t2383,i20
t2383,i65
t2383,i60
t2384,i97
t2384,i49
t2384,i108
t2384,i83
t2384,i115
t2384,i55
t2384,i100
t2384,i38
t2384,i86
t2384,i33
t2385,i100
t2386,i30
t2387,i37
t2388,i46
t2388,i100
t2388,i42
t2388,i82
t2388,i61
t2389,i38
t2389,i12
t2390,i72
t2390,i116
t2390,i17
t2391,i30
t2392,i110
t2392,i15
t2392,i72
t2392,i31
t2392,i26
t2392,i82
t2393,i72
t2393,i53
t2393,i31
t2394,i97
t2395,i110
t2395,i51
t2395,i107
t2395,i100
t2395,i25
t2395,i37
t2396,i110
t2396,i15
t2396,i100
t2396,i72
t2396,i25
t2396,i99
t2396,i4
t2396,i71
t2396,i116
t2396,i17
t2396,i12
t2396,i82
t2396,i113
t2397,i71
t2397,i38
t2397,i40
t2397,i113
t2398,i81
t2398,i42
t2398,i82
t2398,i63
t2398,i80
t2398,i23
t2399,i64
t2400,i110
t2400,i37
t2401,i25
t2401,i59
t2401,i108
t2401,i115
t2401,i100
t2401,i72
t2401,i81
t2401,i111
t2401,i82
t2401,i61
t2402,i15
t2402,i37
t2403,i116
t2404,i108
t2404,i100
t2404,i72
t2404,i81
t2404,i54
t2405,i25
t2405,i33
t2406,i25
t2406,i16
t2406,i92
t2406,i75
t2406,i19
t2406,i40
t2406,i65
t2406,i54
t2407,i15
t2407,i49
t2407,i100
t2407,i25
t2407,i1
t2407,i82
t2407,i37
t2407,i116
t2407,i45
t2408,i51
t2408,i71
t2408,i38
t2408,i92
t2408,i111
t2408,i37
t2408,i11
t2408,i40
t2408,i50
t2408,i20
t2409,i46
t2409,i37
t2409,i43
t2409,i54
t2410,i97
t2410,i55
t2410,i82
t2410,i31
t2410,i113
t2411,i37
t2411,i17
t2411,i90
t2411,i43
t2411,i48
t2411,i118
t2412,i49
t2412,i72
t2412,i81
t2412,i12
t2412,i65
t2413,i100
t2413,i72
t2413,i81
t2413,i42
t2413,i37
t2413,i54
t2414,i100
t2414,i60
t2414,i65
t2415,i18
t2416,i51
t2416,i49
t2416,i55
t2416,i81
t2416,i16
t2416,i92
t2416,i9
t2416,i80
t2416,i25
t2416,i64
t2417,i17
t2417,i23
t2417,i7
t2417,i103
t2417,i54
t2418,i110
t2419,i37
t2419,i43
t2420,i115
t2420,i119
t2421,i18
t2421,i54
t2422,i18
t2423,i12
t2424,i15
t2424,i1
t2424,i23
t2424,i64
t2424,i54
t2425,i89
t2425,i100
t2425,i31
t2425,i23
t2425,i41
t2425,i114
t2425,i48
t2425,i103
t2425,i39
t2426,i30
t2427,i100
t2427,i104
t2428,i25
t2428,i72
t2428,i92
t2428,i116
t2428,i23
t2428,i29
t2429,i75
t2429,i103
t2429,i60
t2430,i97
t2430,i108
t2430,i100
t2430,i72
t2430,i25
t2430,i71
t2430,i13
t2431,i111
t2431,i17
t2431,i90
t2432,i46
t2432,i57
t2432,i25
t2432,i49
t2432,i115
t2432,i8
t2432,i104
t2432,i33
t2432,i119
t2433,i89
t2433,i44
t2433,i90
t2433,i52
t2434,i43
t2434,i22
t2434,i94
t2434,i103
t2434,i118
t2434,i54
t2435,i110
t2435,i55
t2436,i30
t2437,i111
t2437,i43
t2437,i54
t2438,i72
t2439,i22
t2440,i30
t2441,i55
t2442,i15
t2442,i85
t2443,i30
t2443,i5
t2444,i49
t2444,i85
t2444,i28
t2444,i54
t2444,i30
t2444,i95
t2444,i76
t2444,i96
t2444,i65
t2445,i17
t2445,i43
t2446,i15
t2446,i46
t2446,i4
t2447,i30
t2448,i43
t2449,i30
t2449,i65
t2450,i21
t2450,i12
t2451,i15
t2451,i57
t2451,i51
t2451,i55
t2451,i100
t2451,i1
t2451,i31
t2451,i21
t2451,i54
t2451,i96
t2452,i25
t2452,i43
t2453,i43
t2453,i82
t2454,i37
t2455,i51
t2456,i111
t2457,i43
t2458,i17
t2458,i43
t2459,i54
t2460,i116
t2460,i25
t2461,i71
t2462,i40
t2463,i108
t2463,i72
t2463,i37
t2463,i19
t2463,i12
t2464,i89
t2464,i100
t2464,i92
t2464,i111
t2464,i21
t2464,i48
t2465,i33
t2465,i73
t2466,i46
t2466,i81
t2466,i38
t2466,i82
t2466,i48
t2467,i25
t2467,i45
t2467,i60
t2468,i72
t2468,i70
t2468,i54
t2469,i4
t2470,i18
t2471,i37
t2471,i116
t2472,i116
t2472,i25
t2472,i43
t2472,i48
t2472,i40
t2472,i65
t2472,i18
t2473,i59
t2473,i55
t2473,i100
t2473,i31
t2473,i61
t2473,i12
t2473,i118
t2473,i20
t2473,i65
t2474,i4
t2474,i8
t2474,i37
t2475,i22
t2476,i23
t2477,i15
t2477,i37
t2477,i43
t2477,i82
t2478,i72
t2478,i36
t2478,i65
t2479,i15
t2479,i87
t2479,i38
t2479,i82
t2479,i17
t2479,i61
t2480,i30
t2481,i97
t2481,i49
t2481,i111
t2481,i53
t2481,i37
t2481,i22
t2482,i15
t2482,i40
t2482,i84
t2482,i76
t2483,i72
t2483,i65
t2484,i108
t2484,i72
t2484,i17
t2484,i12
t2484,i10
t2484,i39
t2484,i54
t2485,i110
t2485,i40
t2486,i97
t2486,i72
t2487,i22
t2488,i110
t2488,i59
t2488,i116
t2488,i31
t2488,i43
t2488,i64
t2489,i82
t2489,i45
t2490,i46
t2490,i49
t2490,i108
t2490,i83
t2490,i115
t2490,i100
t2490,i99
t2490,i4
t2490,i71
t2490,i37
t2490,i31
t2490,i60
t2490,i118
t2490,i88
t2490,i45
t2490,i66
t2491,i110
t2491,i116
t2491,i40
t2492,i116
t2493,i37
t2493,i60
t2493,i12
t2494,i108
t2494,i98
t2494,i61
t2494,i10
t2494,i39
t2495,i15
t2495,i55
t2495,i72
t2495,i37
t2495,i116
t2495,i31
t2495,i43
t2495,i33
t2495,i10
t2496,i55
t2496,i72
t2496,i37
t2497,i51
t2497,i116
t2497,i13
t2497,i84
t2497,i54
t2498,i72
t2498,i71
t2498,i37
t2498,i12
t2498,i39
t2499,i38
t2500,i49
t2500,i82
t2500,i65
t2501,i118
t2501,i60
t2502,i17
t2503,i21
t2504,i40
t2504,i84
t2504,i76
t2505,i81
t2505,i64
t2506,i33
t2507,i59
t2507,i55
t2507,i22
t2507,i54
t2508,i61
t2509,i100
t2509,i43
t2509,i39
t2510,i57
t2510,i97
t2510,i55
t2510,i72
t2510,i4
t2510,i71
t2510,i12
t2510,i88
t2511,i72
t2511,i1
t2511,i33
t2511,i64
t2512,i88
t2513,i89
t2513,i18
t2514,i72
t2514,i4
t2514,i71
t2514,i1
t2514,i37
t2514,i43
t2514,i70
t2515,i59
t2516,i111
t2516,i40
t2517,i108
t2517,i71
t2518,i71
t2518,i92
t2519,i37
t2520,i72
t2520,i111
t2520,i90
t2520,i64
t2521,i111
t2522,i75
t2522,i30
t2522,i54
t2523,i51
t2523,i102
t2523,i37
t2523,i31
t2523,i54
t2523,i91
t2524,i103
t2525,i72
t2525,i17
t2525,i23
t2525,i43
t2525,i106
t2526,i72
t2526,i21
t2527,i25
t2527,i43
t2528,i15
t2528,i72
t2528,i37
t2529,i72
t2529,i45
t2530,i72
t2531,i72
t2531,i39
t2532,i51
t2532,i49
t2532,i60
t2532,i43
t2532,i40
t2533,i99
t2534,i4
t2534,i102
t2534,i118
t2535,i12
t2536,i85
t2536,i100
t2536,i28
t2536,i22
t2537,i22
t2537,i30
t2538,i54
t2539,i22
t2540,i110
t2540,i99
t2540,i56
t2541,i60
t2541,i30
t2542,i51
t2542,i59
t2542,i100
t2542,i99
t2542,i81
t2542,i104
t2542,i96
t2542,i54
t2543,i100
t2543,i72
t2544,i51
t2545,i115
t2545,i13
t2545,i21
t2545,i43
t2545,i40
t2545,i91
t2546,i110
t2546,i55
t2546,i40
t2546,i54
t2547,i55
t2547,i72
t2547,i44
t2547,i64
t2547,i60
t2548,i87
t2548,i108
t2548,i102
t2548,i43
t2549,i25
t2549,i22
t2549,i40
t2550,i43
t2550,i54
t2551,i89
t2551,i72
t2551,i52
t2551,i43
t2552,i55
t2552,i85
t2552,i100
t2552,i72
t2552,i99
t2552,i71
t2552,i78
t2552,i12
t2553,i55
t2553,i85
t2553,i100
t2553,i99
t2553,i81
t2553,i19
t2554,i43
t2555,i30
t2556,i78
t2557,i38
t2558,i108
t2559,i73
t2560,i51
t2560,i72
t2561,i48
t2562,i48
t2563,i48
t2563,i61
t2564,i49
t2565,i71
t2565,i22
t2566,i30
t2567,i30
t2568,i23
t2568,i37
t2568,i64
t2568,i54
t2569,i25
t2570,i43
t2570,i40
t2570,i84
t2570,i76
t2571,i65
t2572,i72
t2572,i38
t2573,i73
t2574,i71
t2574,i44
t2574,i23
t2574,i40
t2575,i9
t2575,i22
t2576,i8
t2577,i111
t2578,i75
t2579,i110
t2579,i51
t2579,i49
t2579,i72
t2579,i81
t2579,i92
t2579,i78
t2579,i31
t2579,i65
t2580,i43
t2581,i69
t2581,i17
t2582,i102
t2582,i37
t2582,i80
t2582,i25
t2582,i30
t2582,i106
t2582,i45
t2583,i100
t2583,i31
t2583,i54
t2583,i30
t2583,i119
t2584,i110
t2584,i51
t2584,i72
t2584,i17
t2584,i43
t2585,i22
t2585,i61
t2586,i15
t2586,i16
t2587,i25
t2587,i71
t2587,i37
t2587,i88
t2587,i54
t2588,i25
t2589,i20
t2590,i100
t2590,i72
t2590,i25
t2590,i43
t2590,i48
t2590,i61
t2590,i96
t2590,i65
t2591,i25
t2591,i75
t2591,i31
t2591,i43
t2592,i15
t2592,i72
t2592,i82
t2592,i37
t2592,i48
t2593,i110
t2593,i51
t2593,i108
t2593,i55
t2593,i100
t2593,i72
t2593,i69
t2593,i71
t2593,i23
t2593,i37
t2593,i116
t2593,i43
t2594,i35
t2594,i55
t2594,i100
t2594,i72
t2594,i92
t2594,i22
t2595,i22
t2596,i110
t2596,i49
t2596,i55
t2596,i72
t2596,i99
t2596,i4
t2596,i92
t2596,i17
t2596,i74
t2596,i105
t2596,i65
t2597,i57
t2598,i30
t2598,i60
t2599,i25
t2599,i43
t2599,i84
t2599,i22
t2599,i54
t2600,i100
t2600,i44
t2600,i47
t2600,i21
t2600,i19
t2600,i33
t2600,i118
t2601,i108
t2601,i72
t2601,i4
t2601,i69
t2601,i37
t2601,i21
t2602,i100
t2602,i72
t2602,i47
t2602,i60
t2602,i43
t2602,i65
t2603,i71
t2603,i92
t2604,i55
t2604,i72
t2604,i37
t2605,i54
t2606,i16
t2606,i25
t2606,i43
t2607,i72
t2607,i4
t2607,i69
t2608,i40
t2609,i61
t2609,i91
t2610,i40
t2611,i43
t2612,i25
t2613,i110
t2613,i100
t2613,i7
t2613,i43
t2613,i45
t2614,i49
t2614,i100
t2614,i72
t2614,i71
t2614,i37
t2614,i41
t2614,i33
t2614,i82
t2614,i65
t2615,i30
t2616,i97
t2616,i49
t2616,i75
t2617,i99
t2618,i97
t2618,i49
t2618,i100
t2618,i72
t2618,i25
t2618,i81
t2618,i82
t2618,i23
t2618,i61
t2618,i33
t2618,i45
t2618,i54
t2619,i97
t2619,i49
t2619,i116
t2619,i45
t2620,i100
t2620,i43
t2620,i40
t2621,i25
t2621,i43
t2621,i12
t2622,i25
t2622,i55
t2622,i85
t2622,i100
t2622,i92
t2622,i10
t2623,i12
t2624,i99
t2624,i10
t2625,i80
t2626,i115
t2626,i55
t2626,i107
t2626,i100
t2626,i72
t2626,i99
t2626,i23
t2626,i21
t2626,i33
t2626,i12
t2626,i54
t2627,i110
t2627,i89
t2627,i72
t2627,i23
t2627,i61
t2628,i51
t2628,i59
t2628,i92
t2628,i111
t2628,i11
t2628,i31
t2628,i45
t2629,i49
t2629,i55
t2629,i72
t2629,i37
t2629,i25
t2629,i45
t2629,i113
t2630,i110
t2630,i57
t2630,i72
t2630,i9
t2630,i63
t2630,i19
t2630,i40
t2630,i45
t2630,i54
t2631,i104
t2631,i103
t2631,i60
t2632,i51
t2632,i55
t2632,i85
t2632,i25
t2632,i43
t2633,i97
t2633,i49
t2633,i55
t2633,i100
t2633,i72
t2633,i71
t2633,i1
t2633,i44
t2633,i104
t2633,i29
t2633,i25
t2633,i65
t2634,i40
t2634,i22
t2635,i30
t2636,i97
t2636,i49
t2636,i4
t2636,i42
t2636,i31
t2637,i100
t2637,i60
t2638,i97
t2638,i55
t2638,i100
t2638,i72
t2638,i81
t2638,i8
t2638,i92
t2638,i60
t2638,i63
t2638,i31
t2638,i41
t2638,i12
t2638,i106
t2639,i72
t2639,i23
t2639,i61
t2639,i64
t2640,i43
t2640,i48
t2640,i10
t2640,i64
t2640,i109
t2641,i100
t2642,i108
t2643,i30
t2644,i49
t2644,i100
t2644,i72
t2644,i99
t2644,i69
t2644,i71
t2644,i81
t2644,i23
t2644,i37
t2644,i17
t2645,i55
t2645,i85
t2645,i100
t2645,i30
t2646,i100
t2646,i72
t2646,i71
t2646,i37
t2646,i65
t2647,i55
t2647,i100
t2647,i71
t2647,i37
t2647,i63
t2648,i25
t2649,i72
t2650,i55
t2650,i72
t2650,i9
t2651,i49
t2651,i108
t2651,i100
t2651,i92
t2651,i75
t2651,i116
t2651,i17
t2651,i63
t2651,i19
t2651,i54
t2651,i43
t2651,i22
t2651,i48
t2652,i25
t2652,i99
t2652,i4
t2652,i23
t2652,i30
t2652,i64
t2652,i54
t2653,i90
t2653,i43
t2653,i10
t2654,i100
t2654,i4
t2654,i64
t2654,i113
t2654,i66
t2654,i109
t2655,i100
t2655,i99
t2655,i71
t2655,i16
t2655,i116
t2655,i25
t2655,i65
t2655,i54
t2656,i59
t2657,i55
t2658,i72
t2658,i92
t2658,i54
t2659,i59
t2659,i100
t2660,i39
t2661,i61
t2662,i15
t2662,i46
t2662,i83
t2662,i100
t2662,i25
t2662,i22
t2662,i54
t2663,i49
t2663,i111
t2663,i37
t2663,i40
t2663,i65
t2664,i30
t2665,i108
t2665,i83
t2665,i72
t2665,i71
t2665,i28
t2665,i116
t2665,i56
t2665,i90
t2665,i19
t2665,i40
t2665,i65
t2665,i73
t2666,i110
t2667,i100
t2668,i15
t2668,i59
t2668,i97
t2668,i49
t2668,i55
t2668,i100
t2668,i72
t2668,i6
t2668,i80
t2668,i41
t2668,i19
t2668,i82
t2668,i65
t2669,i110
t2669,i108
t2669,i85
t2669,i104
t2669,i116
t2669,i43
t2669,i48
t2669,i61
t2669,i82
t2669,i5
t2669,i54
t2670,i97
t2670,i72
t2670,i8
t2670,i90
t2670,i31
t2670,i23
t2670,i24
t2670,i25
t2671,i25
t2671,i51
t2671,i92
t2671,i43
t2672,i63
t2672,i23
t2672,i21
t2672,i22
t2672,i12
t2673,i41
t2674,i87
t2674,i49
t2674,i108
t2674,i100
t2674,i72
t2674,i78
t2674,i17
t2674,i36
t2674,i70
t2674,i96
t2674,i106
t2674,i73
t2675,i110
t2675,i37
t2675,i31
t2675,i43
t2676,i25
t2676,i99
t2676,i16
t2676,i23
t2676,i31
t2676,i54
t2676,i61
t2676,i12
t2676,i113
t2677,i25
t2677,i100
t2677,i72
t2677,i82
t2677,i80
t2677,i31
t2677,i23
t2677,i54
t2677,i40
t2677,i39
t2677,i64
t2677,i60
t2678,i15
t2678,i59
t2678,i72
t2678,i17
t2679,i59
t2679,i100
t2679,i31
t2679,i43
t2680,i72
t2680,i111
t2680,i118
t2681,i15
t2681,i100
t2682,i100
t2682,i73
t2683,i85
t2683,i9
t2684,i15
t2684,i55
t2684,i85
t2684,i107
t2684,i100
t2684,i16
t2684,i44
t2684,i23
t2684,i92
t2684,i37
t2684,i25
t2684,i43
t2684,i40
t2684,i76
t2685,i110
t2685,i15
t2685,i49
t2685,i80
t2685,i32
t2685,i19
t2685,i25
t2685,i22
t2686,i98
t2686,i33
t2686,i96
t2687,i110
t2687,i27
t2688,i78
t2689,i115
t2689,i72
t2689,i111
t2689,i53
t2689,i37
t2689,i43
t2689,i54
t2690,i85
t2690,i71
t2690,i75
t2691,i59
t2691,i55
t2691,i107
t2691,i117
t2691,i81
t2691,i23
t2691,i14
t2691,i80
t2691,i31
t2691,i24
t2691,i19
t2691,i57
t2691,i36
t2691,i48
t2691,i109
t2692,i55
t2692,i72
t2692,i56
t2692,i21
t2692,i48
t2692,i30
t2692,i95
t2692,i12
t2692,i106
t2692,i65
t2692,i54
t2693,i43
t2694,i72
t2694,i8
t2694,i67
t2695,i97
t2695,i25
t2695,i4
t2695,i47
t2695,i60
t2695,i19
t2695,i70
t2695,i96
t2696,i15
t2696,i97
t2696,i72
t2696,i16
t2696,i104
t2696,i92
t2696,i105
t2696,i25
t2696,i48
t2697,i94
t2698,i43
t2699,i99
t2699,i21
t2699,i43
t2700,i72
t2700,i47
t2700,i6
t2700,i31
t2700,i7
t2700,i21
t2700,i54
t2700,i25
t2701,i110
t2701,i51
t2701,i49
t2701,i55
t2701,i100
t2701,i72
t2701,i99
t2701,i69
t2701,i71
t2701,i53
t2701,i103
t2702,i82
t2703,i100
t2703,i47
t2703,i105
t2704,i54
t2705,i49
t2705,i100
t2705,i69
t2705,i27
t2705,i23
t2705,i48
t2705,i40
t2705,i82
t2705,i109
t2706,i59
t2706,i71
t2706,i17
t2706,i43
t2706,i118
t2707,i81
t2707,i82
t2707,i25
t2707,i43
t2708,i49
t2708,i108
t2708,i100
t2708,i69
t2708,i71
t2708,i81
t2708,i16
t2708,i31
t2708,i23
t2708,i12
t2709,i16
t2709,i30
t2710,i55
t2710,i56
t2710,i39
t2711,i110
t2711,i15
t2711,i25
t2711,i4
t2711,i28
t2711,i60
t2711,i17
t2711,i54
t2711,i12
t2712,i108
t2712,i100
t2712,i72
t2712,i69
t2712,i71
t2712,i23
t2712,i90
t2712,i48
t2712,i96
t2712,i106
t2712,i20
t2712,i18
t2713,i108
t2713,i8
t2714,i81
t2715,i30
t2716,i80
t2717,i60
t2717,i40
t2718,i43
t2718,i39
t2719,i106
t2720,i40
t2721,i4
t2721,i71
t2721,i116
t2721,i17
t2721,i43
t2721,i33
t2721,i10
t2722,i21
t2722,i118
t2722,i73
t2723,i30
t2724,i110
t2724,i43
t2724,i54
t2725,i15
t2725,i100
t2725,i23
t2725,i82
t2725,i43
t2726,i16
t2726,i23
t2726,i28
t2726,i37
t2727,i22
t2727,i118
t2728,i41
t2729,i25
t2729,i43
t2730,i57
t2730,i25
t2730,i115
t2730,i71
t2730,i81
t2730,i23
t2730,i6
t2730,i116
t2730,i33
t2731,i25
t2731,i40
t2732,i51
t2732,i108
t2733,i49
t2733,i108
t2733,i43
t2733,i22
t2734,i97
t2734,i108
t2734,i55
t2734,i100
t2734,i25
t2734,i16
t2734,i92
t2734,i17
t2734,i31
t2734,i23
t2734,i24
t2734,i43
t2734,i40
t2734,i33
t2734,i58
t2735,i37
t2735,i43
t2735,i30
t2736,i57
t2736,i39
t2737,i116
t2737,i25
t2737,i39
t2738,i25
t2739,i110
t2739,i16
t2739,i80
t2739,i25
t2739,i30
t2740,i51
t2740,i97
t2740,i108
t2740,i55
t2740,i100
t2740,i4
t2740,i69
t2740,i1
t2740,i47
t2740,i48
t2740,i82
t2740,i54
t2741,i71
t2741,i44
t2741,i37
t2741,i114
t2741,i43
t2741,i22
t2741,i118
t2741,i106
t2741,i45
t2742,i43
t2743,i30
t2744,i17
t2745,i97
t2745,i107
t2745,i100
t2745,i99
t2746,i97
t2747,i15
t2747,i82
t2747,i17
t2747,i25
t2747,i65
t2748,i59
t2748,i82
t2749,i89
t2749,i62
t2750,i6
t2750,i60
t2750,i43
t2751,i48
t2751,i103
t2752,i87
t2752,i108
t2752,i100
t2752,i82
t2752,i31
t2752,i40
t2752,i65
t2753,i25
t2753,i100
t2753,i40
t2753,i30
t2753,i94
t2753,i82
t2753,i65
t2753,i73
t2754,i72
t2754,i4
t2754,i43
t2754,i40
t2755,i46
t2755,i55
t2755,i100
t2755,i4
t2755,i116
t2755,i90
t2755,i31
t2755,i25
t2755,i48
t2755,i76
t2756,i84
t2757,i30
t2758,i29
t2758,i66
t2759,i97
t2759,i49
t2759,i71
t2759,i16
t2759,i82
t2759,i7
t2759,i36
t2760,i49
t2760,i4
t2760,i71
t2760,i82
t2760,i80
t2760,i48
t2761,i59
t2761,i97
t2761,i55
t2761,i25
t2761,i43
t2761,i48
t2761,i73
t2762,i18
t2763,i15
t2763,i37
t2763,i22
t2763,i48
t2764,i72
t2765,i57
t2765,i100
t2765,i60
t2765,i65
t2766,i72
t2766,i37
t2766,i118
t2766,i64
t2767,i59
t2767,i55
t2767,i72
t2767,i25
t2767,i71
t2767,i43
t2767,i65
t2768,i46
t2768,i57
t2768,i115
t2768,i100
t2768,i72
t2768,i25
t2768,i71
t2768,i47
t2768,i104
t2768,i60
t2768,i31
t2768,i39
t2769,i15
t2769,i57
t2769,i100
t2769,i92
t2769,i37
t2770,i15
t2770,i116
t2770,i9
t2770,i54
t2770,i93
t2771,i46
t2771,i100
t2771,i71
t2771,i82
t2771,i56
t2771,i65
t2772,i51
t2772,i100
t2772,i37
t2772,i36
t2772,i82
t2773,i30
t2773,i39
t2774,i59
t2774,i89
t2774,i49
t2774,i108
t2774,i100
t2774,i72
t2774,i69
t2774,i71
t2774,i75
t2774,i37
t2774,i17
t2774,i48
t2775,i71
t2775,i42
t2775,i2
t2775,i68
t2775,i54
t2776,i49
t2776,i72
t2776,i31
t2776,i23
t2777,i100
t2777,i72
t2777,i12
t2778,i92
t2778,i82
t2778,i17
t2779,i31
t2780,i57
t2781,i57
t2781,i65
t2782,i108
t2782,i30
t2782,i22
t2783,i46
t2783,i97
t2783,i49
t2783,i108
t2783,i107
t2783,i100
t2783,i72
t2783,i71
t2783,i28
t2783,i116
t2783,i29
t2783,i48
t2784,i59
t2784,i72
t2784,i31
t2784,i61
t2785,i100
t2785,i25
t2785,i40
t2785,i12
t2786,i46
t2786,i49
t2786,i38
t2786,i44
t2786,i12
t2786,i82
t2786,i118
t2786,i39
t2787,i71
t2787,i92
t2787,i45
t2787,i65
t2787,i73
t2788,i100
t2788,i78
t2788,i14
t2789,i72
t2789,i82
t2789,i66
t2790,i55
t2790,i16
t2790,i37
t2790,i116
t2790,i17
t2790,i25
t2791,i40
t2792,i89
t2792,i108
t2792,i55
t2792,i100
t2792,i72
t2792,i99
t2792,i82
t2792,i13
t2792,i14
t2792,i80
t2792,i31
t2792,i32
t2792,i54
t2792,i40
t2792,i65
t2793,i15
t2793,i117
t2793,i72
t2793,i116
t2793,i25
t2793,i65
t2794,i113
t2795,i51
t2795,i55
t2795,i1
t2795,i118
t2795,i39
t2795,i45
t2795,i54
t2796,i110
t2796,i25
t2796,i51
t2796,i97
t2796,i55
t2796,i72
t2796,i71
t2796,i116
t2796,i74
t2796,i70
t2797,i45
t2798,i55
t2798,i16
t2798,i43
t2799,i25
t2799,i59
t2799,i55
t2799,i72
t2799,i23
t2799,i2
t2799,i65
t2800,i110
t2800,i37
t2801,i30
t2802,i30
t2803,i15
t2803,i46
t2803,i83
t2803,i100
t2803,i16
t2803,i111
t2803,i102
t2803,i37
t2803,i12
t2803,i82
t2803,i64
t2804,i110
t2804,i15
t2804,i51
t2804,i1
t2804,i17
t2804,i31
t2804,i65
t2805,i25
t2806,i100
t2806,i72
t2806,i71
t2806,i75
t2806,i63
t2806,i31
t2806,i41
t2807,i37
t2808,i110
t2808,i51
t2808,i97
t2808,i100
t2808,i82
t2808,i17
t2808,i62
t2808,i19
t2808,i43
t2808,i65
t2809,i15
t2809,i72
t2809,i16
t2809,i37
t2809,i23
t2809,i30
t2809,i54
t2810,i72
t2810,i17
t2811,i59
t2811,i97
t2811,i108
t2811,i55
t2811,i100
t2811,i17
t2811,i63
t2811,i30
t2811,i76
t2811,i60
t2812,i30
t2813,i110
t2813,i31
t2813,i40
t2814,i51
t2814,i81
t2814,i75
t2814,i37
t2814,i25
t2814,i82
t2814,i93
t2815,i49
t2815,i115
t2815,i100
t2815,i25
t2815,i99
t2815,i16
t2815,i44
t2815,i82
t2815,i37
t2816,i100
t2817,i54
t2817,i43
t2818,i57
t2818,i100
t2818,i72
t2818,i81
t2818,i37
t2818,i31
t2818,i43
t2818,i54
t2819,i97
t2819,i8
t2819,i37
t2819,i17
t2820,i97
t2820,i49
t2820,i55
t2820,i100
t2820,i72
t2820,i81
t2820,i27
t2820,i92
t2820,i24
t2820,i21
t2820,i103
t2821,i100
t2821,i61
t2821,i113
t2821,i68
t2822,i59
t2822,i55
t2823,i113
t2824,i54
t2825,i49
t2825,i100
t2825,i81
t2825,i38
t2825,i44
t2825,i23
t2825,i63
t2825,i114
t2825,i43
t2825,i33
t2826,i89
t2826,i100
t2826,i26
t2826,i43
t2826,i61
t2826,i65
t2827,i15
t2827,i100
t2827,i4
t2827,i17
t2827,i12
t2827,i93
t2828,i72
t2828,i99
t2828,i56
t2828,i41
t2828,i43
t2829,i100
t2830,i75
t2831,i110
t2831,i100
t2831,i81
t2831,i52
t2831,i74
t2831,i25
t2831,i76
t2832,i108
t2832,i115
t2832,i100
t2832,i72
t2832,i71
t2832,i82
t2832,i37
t2832,i17
t2832,i31
t2833,i55
t2833,i72
t2833,i71
t2833,i81
t2833,i37
t2833,i41
t2834,i15
t2834,i57
t2834,i37
t2834,i30
t2834,i101
t2834,i12
t2834,i54
t2835,i19
t2835,i36
t2835,i43
t2835,i40
t2835,i103
t2835,i109
t2836,i110
t2836,i15
t2836,i117
t2836,i42
t2837,i57
t2837,i111
t2837,i9
t2837,i40
t2837,i33
t2838,i115
t2838,i69
t2838,i71
t2838,i2
t2838,i43
t2838,i45
t2839,i103
t2840,i118
t2841,i15
t2842,i69
t2842,i37
t2842,i33
t2843,i30
t2844,i110
t2844,i85
t2844,i107
t2844,i100
t2844,i71
t2844,i81
t2844,i48
t2845,i25
t2845,i40
t2846,i51
t2846,i55
t2846,i54
t2847,i40
t2848,i43
t2849,i71
t2849,i38
t2849,i48
t2849,i88
t2849,i3
t2850,i2
t2851,i51
t2851,i72
t2851,i1
t2852,i49
t2852,i115
t2852,i100
t2852,i72
t2852,i71
t2852,i81
t2852,i92
t2852,i54
t2852,i25
t2852,i43
t2852,i61
t2852,i33
t2852,i39
t2853,i15
t2853,i72
t2853,i71
t2853,i8
t2853,i23
t2853,i48
t2853,i45
t2853,i54
t2854,i46
t2854,i100
t2854,i72
t2854,i25
t2854,i71
t2854,i63
t2854,i80
t2854,i32
t2855,i15
t2855,i89
t2855,i115
t2855,i16
t2855,i21
t2855,i43
t2855,i61
t2855,i45
t2856,i72
t2856,i17
t2857,i78
t2857,i30
t2857,i12
t2858,i81
t2859,i51
t2859,i100
t2859,i71
t2859,i60
t2859,i40
t2859,i45
t2859,i54
t2860,i16
t2860,i25
t2860,i118
t2861,i22
t2862,i118
t2863,i15
t2864,i111
t2865,i118
t2865,i39
t2866,i72
t2866,i25
t2866,i99
t2866,i71
t2866,i81
t2866,i37
t2866,i60
t2867,i72
t2867,i71
t2867,i43
t2867,i30
t2868,i108
t2868,i55
t2868,i25
t2868,i16
t2868,i37
t2868,i54
t2868,i43
t2868,i40
t2868,i76
t2869,i111
t2869,i43
t2870,i110
t2870,i100
t2870,i72
t2870,i28
t2870,i23
t2870,i43
t2870,i40
t2870,i68
t2871,i37
t2871,i90
t2871,i36
t2871,i40
t2871,i76
t2871,i12
t2871,i82
t2872,i15
t2872,i46
t2872,i100
t2872,i72
t2872,i99
t2872,i23
t2872,i47
t2872,i102
t2872,i17
t2873,i2
t2873,i74
t2873,i43
t2873,i118
t2874,i74
t2875,i100
t2875,i39
t2876,i107
t2876,i25
t2876,i45
t2877,i57
t2877,i4
t2877,i16
t2877,i90
t2877,i39
t2877,i45
t2877,i109
t2878,i108
t2878,i55
t2878,i100
t2878,i4
t2878,i82
t2878,i31
t2878,i21
t2878,i43
t2878,i109
t2879,i97
t2879,i8
t2879,i82
t2879,i17
t2879,i80
t2879,i41
t2879,i19
t2879,i29
t2879,i54
t2880,i110
t2880,i81
t2880,i42
t2880,i37
t2880,i25
t2880,i43
t2880,i40
t2880,i39
t2881,i30
t2882,i43
t2883,i46
t2883,i102
t2883,i60
t2883,i17
t2883,i21
t2883,i25
t2883,i43
t2883,i64
t2883,i54
t2884,i110
t2884,i97
t2884,i52
t2884,i54
t2885,i43
t2885,i118
t2885,i65
t2886,i72
t2886,i16
t2886,i82
t2886,i65
t2887,i72
t2888,i22
t2888,i30
t2888,i54
t2889,i55
t2889,i100
t2889,i72
t2889,i39
t2889,i113
t2890,i100
t2890,i31
t2891,i25
t2892,i40
t2892,i82
t2892,i39
t2893,i72
t2893,i17
t2893,i63
t2893,i13
t2893,i14
t2894,i108
t2894,i115
t2895,i5
t2896,i57
t2896,i110
t2896,i97
t2896,i49
t2896,i107
t2896,i100
t2896,i111
t2896,i54
t2897,i25
t2897,i43
t2897,i113
t2898,i17
t2899,i15
t2899,i72
t2899,i71
t2899,i1
t2899,i37
t2899,i54
t2899,i43
t2899,i30
t2899,i39
t2900,i51
t2900,i108
t2900,i100
t2900,i25
t2900,i90
t2900,i31
t2900,i43
t2900,i12
t2900,i54
t2901,i117
t2902,i100
t2902,i2
t2903,i22
t2904,i72
t2905,i84
t2906,i72
t2906,i17
t2906,i14
t2907,i30
t2908,i18
t2909,i49
t2909,i83
t2909,i85
t2909,i100
t2909,i71
t2909,i82
t2909,i80
t2909,i19
t2909,i61
t2909,i12
t2909,i39
t2910,i82
t2910,i22
t2911,i57
t2911,i55
t2911,i72
t2911,i71
t2911,i81
t2911,i82
t2911,i70
t2911,i54
t2912,i57
t2912,i81
t2912,i54
t2912,i103
t2912,i113
t2913,i37
t2913,i40
t2914,i54
t2915,i30
t2916,i69
t2917,i25
t2918,i45
t2919,i15
t2919,i108
t2919,i55
t2919,i100
t2919,i17
t2919,i61
t2919,i113
t2920,i49
t2920,i108
t2920,i100
t2920,i72
t2920,i75
t2920,i17
t2920,i76
t2921,i50
t2922,i110
t2922,i55
t2922,i117
t2922,i43
t2922,i106
t2923,i66
t2924,i40
t2925,i97
t2925,i49
t2925,i108
t2925,i71
t2925,i17
t2925,i31
t2925,i21
t2925,i2
t2925,i25
t2925,i82
t2925,i39
t2925,i96
t2925,i45
t2926,i84
t2926,i39
t2927,i116
t2927,i25
t2927,i43
t2927,i30
t2928,i75
t2929,i65
t2930,i47
t2930,i37
t2930,i88
t2930,i93
t2931,i25
t2931,i49
t2931,i108
t2931,i100
t2931,i72
t2931,i81
t2931,i92
t2931,i54
t2932,i49
t2932,i100
t2932,i37
t2932,i60
t2932,i40
t2932,i73
t2933,i72
t2933,i19
t2933,i25
t2933,i48
t2933,i64
t2934,i97
t2934,i39
t2935,i40
t2936,i15
t2936,i100
t2936,i56
t2936,i43
t2937,i108
t2937,i37
t2937,i25
t2937,i43
t2937,i118
t2938,i100
t2938,i22
t2938,i48
t2938,i33
t2938,i54
t2939,i15
t2939,i100
t2939,i28
t2939,i37
t2939,i43
t2939,i61
t2939,i33
t2940,i49
t2940,i72
t2940,i75
t2941,i17
t2941,i23
t2941,i54
t2941,i95
t2942,i54
t2942,i45
t2943,i46
t2943,i57
t2943,i72
t2943,i4
t2943,i69
t2943,i81
t2943,i1
t2943,i37
t2943,i43
t2943,i48
t2944,i84
t2945,i15
t2945,i51
t2945,i49
t2945,i100
t2945,i71
t2945,i40
t2945,i76
t2945,i113
t2946,i110
t2946,i15
t2946,i46
t2946,i44
t2946,i47
t2947,i25
t2947,i30
t2948,i30
t2949,i100
t2950,i25
t2951,i115
t2951,i55
t2951,i117
t2951,i81
t2951,i16
t2951,i74
t2952,i4
t2952,i48
t2952,i39
t2953,i108
t2953,i114
t2954,i51
t2954,i117
t2954,i72
t2954,i60
t2954,i84
t2954,i50
t2955,i25
t2955,i22
t2955,i84
t2955,i103
t2955,i60
t2956,i49
t2956,i100
t2956,i81
t2956,i60
t2957,i108
t2957,i60
t2957,i54
t2957,i43
t2957,i48
t2957,i40
t2957,i94
t2958,i49
t2958,i16
t2958,i17
t2958,i82
t2958,i45
t2958,i54
t2959,i40
t2959,i84
t2960,i109
t2961,i28
t2961,i43
t2962,i51
t2962,i49
t2962,i107
t2962,i72
t2962,i75
t2962,i50
t2962,i64
t2962,i77
t2962,i96
t2963,i30
t2963,i22
t2964,i51
t2964,i25
t2964,i67
t2964,i22
t2964,i119
t2965,i38
t2965,i92
t2965,i54
t2965,i43
t2965,i48
t2965,i66
t2966,i15
t2966,i59
t2966,i49
t2966,i85
t2966,i92
t2966,i82
t2966,i60
t2966,i56
t2966,i23
t2966,i41
t2966,i36
t2966,i54
t2966,i70
t2967,i49
t2967,i71
t2967,i81
t2968,i16
t2969,i43
t2969,i61
t2969,i39
t2969,i64
t2970,i22
t2970,i39
t2971,i22
t2972,i43
t2972,i48
t2973,i31
t2973,i22
t2974,i100
t2974,i54
t2974,i25
t2974,i61
t2975,i15
t2975,i51
t2975,i100
t2975,i37
t2975,i19
t2975,i39
t2975,i54
t2976,i17
t2976,i82
t2976,i109
t2977,i47
t2977,i62
t2977,i70
t2978,i37
t2978,i73
t2979,i25
t2979,i81
t2979,i75
t2979,i102
t2979,i43
t2979,i64
t2979,i54
t2980,i115
t2980,i43
t2980,i33
t2980,i118
t2981,i72
t2981,i71
t2982,i108
t2982,i115
t2982,i72
t2982,i71
t2982,i44
t2982,i92
t2982,i101
t2983,i43
t2984,i43
t2984,i48
t2984,i12
t2985,i71
t2985,i75
t2985,i43
t2985,i33
t2985,i64
t2986,i85
t2987,i84
t2988,i85
t2989,i59
t2989,i40
t2989,i10
t2990,i37
t2990,i19
t2990,i54
t2990,i25
t2990,i76
t2991,i110
t2991,i49
t2991,i82
t2991,i37
t2991,i43
t2991,i48
t2992,i15
t2992,i89
t2992,i37
t2992,i43
t2993,i72
t2993,i25
t2994,i51
t2994,i72
t2994,i4
t2994,i92
t2994,i25
t2994,i3
t2995,i72
t2996,i25
t2996,i48
t2997,i54
t2998,i97
t2998,i17
t2999,i57
t2999,i55
t2999,i72
t3000,i15
t3000,i49
t3000,i115
t3000,i72
t3000,i25
t3000,i37
t3000,i9
t3000,i14
t3000,i23
t3000,i79
t3000,i109
t3001,i115
t3001,i37
t3001,i17
t3001,i43
t3001,i54
t3002,i30
t3002,i54
t3003,i72
t3003,i4
t3003,i71
t3003,i81
t3003,i104
t3003,i20
t3004,i37
t3004,i80
t3005,i89
t3005,i30
t3006,i97
t3006,i100
t3006,i25
t3006,i37
t3007,i40
t3008,i59
t3008,i100
t3008,i36
t3009,i71
t3009,i116
t3009,i31
t3009,i45
t3010,i57
t3010,i72
t3010,i104
t3010,i82
t3011,i17
t3012,i100
t3012,i37
t3012,i76
t3013,i11
t3014,i12
t3014,i118
t3015,i49
t3015,i100
t3016,i72
t3016,i81
t3016,i48
t3016,i30
t3016,i61
t3016,i12
t3017,i40
t3017,i54
t3018,i43
t3018,i30
t3019,i57
t3019,i37
t3019,i43
t3020,i108
t3021,i37
t3022,i110
t3022,i72
t3022,i92
t3022,i78
t3022,i66
t3022,i68
t3022,i119
t3022,i54
t3023,i43
t3023,i118
t3024,i108
t3024,i72
t3024,i25
t3024,i23
t3024,i82
t3024,i54
t3025,i37
t3025,i116
t3026,i85
t3026,i6
t3026,i37
t3026,i7
t3026,i48
t3027,i72
t3027,i48
t3028,i17
t3028,i118
t3029,i46
t3029,i25
t3029,i97
t3029,i49
t3029,i71
t3029,i81
t3029,i82
t3030,i55
t3030,i72
t3030,i43
t3030,i88
t3030,i58
t3030,i93
t3030,i18
t3031,i18
t3031,i60
t3032,i40
t3032,i82
t3033,i4
t3033,i111
t3033,i53
t3033,i60
t3033,i116
t3033,i43
t3033,i82
t3034,i38
t3034,i33
t3035,i25
t3035,i51
t3035,i92
t3035,i111
t3035,i37
t3035,i43
t3035,i33
t3036,i72
t3036,i23
t3036,i116
t3036,i22
t3036,i54
t3037,i44
t3038,i51
t3038,i100
t3038,i69
t3038,i71
t3038,i90
t3038,i43
t3038,i12
t3038,i18
t3039,i43
t3040,i71
t3041,i97
t3041,i72
t3041,i71
t3041,i1
t3041,i116
t3041,i31
t3041,i29
t3041,i54
t3042,i43
t3042,i40
t3042,i84
t3042,i76
t3043,i110
t3043,i115
t3043,i81
t3043,i82
t3043,i37
t3044,i75
t3045,i116
t3046,i23
t3046,i12
t3046,i3
t3046,i20
t3046,i54
t3047,i100
t3047,i65
t3048,i65
t3048,i18
t3049,i71
t3049,i81
t3049,i92
t3049,i13
t3049,i90
t3049,i41
t3049,i43
t3049,i22
t3049,i48
t3050,i55
t3051,i48
t3051,i10
t3052,i89
t3052,i72
t3052,i71
t3052,i8
t3052,i102
t3052,i90
t3052,i52
t3052,i48
t3052,i101
t3053,i89
t3053,i72
t3053,i6
t3053,i17
t3053,i86
t3054,i15
t3054,i49
t3054,i72
t3054,i37
t3054,i43
t3055,i17
t3056,i55
t3057,i43
t3058,i16
t3058,i95
t3058,i39
t3058,i106
t3059,i97
t3059,i49
t3059,i107
t3059,i100
t3059,i72
t3059,i81
t3059,i25
t3060,i15
t3060,i72
t3060,i42
t3060,i36
t3060,i43
t3060,i113
t3061,i42
t3061,i43
t3062,i111
t3062,i43
t3063,i4
t3064,i59
t3064,i115
t3064,i4
t3064,i25
t3064,i106
t3065,i108
t3065,i116
t3065,i22
t3065,i103
t3066,i43
t3067,i30
t3067,i54
t3068,i6
t3068,i90
t3068,i30
t3069,i15
t3069,i69
t3069,i2
t3069,i54
t3070,i108
t3070,i71
t3070,i92
t3070,i82
t3070,i60
t3070,i33
t3071,i72
t3071,i23
t3072,i49
t3072,i111
t3072,i78
t3072,i61
t3072,i33
t3072,i82
t3072,i118
t3073,i108
t3073,i48
t3074,i46
t3074,i55
t3074,i72
t3074,i99
t3074,i71
t3074,i111
t3074,i82
t3074,i60
t3074,i9
t3074,i63
t3074,i90
t3074,i23
t3074,i57
t3074,i103
t3075,i108
t3075,i72
t3075,i81
t3076,i21
t3076,i88
t3077,i15
t3077,i49
t3077,i100
t3077,i99
t3078,i49
t3078,i55
t3078,i72
t3078,i71
t3078,i37
t3078,i12
t3078,i45
t3078,i65
t3079,i72
t3080,i30
t3080,i65
t3081,i15
t3081,i31
t3081,i65
t3082,i38
t3083,i15
t3083,i110
t3083,i89
t3083,i83
t3083,i100
t3083,i72
t3083,i99
t3083,i4
t3083,i71
t3083,i8
t3083,i92
t3083,i54
t3083,i33
t3083,i50
t3084,i43
t3084,i82
t3085,i59
t3085,i97
t3085,i49
t3085,i55
t3085,i100
t3085,i19
t3086,i81
t3086,i29
t3086,i43
t3086,i48
t3086,i54
t3087,i55
t3087,i54
t3088,i89
t3088,i117
t3088,i72
t3088,i99
t3088,i71
t3088,i17
t3089,i57
t3089,i59
t3089,i97
t3089,i108
t3089,i30
t3089,i103
t3089,i54
t3090,i15
t3090,i108
t3090,i72
t3090,i25
t3090,i71
t3090,i93
t3091,i15
t3091,i89
t3091,i82
t3091,i88
t3092,i71
t3092,i116
t3093,i60
t3093,i82
t3093,i54
t3094,i15
t3094,i22
t3095,i22
t3096,i108
t3096,i100
t3096,i92
t3096,i52
t3097,i43
t3098,i43
t3099,i99
t3099,i57
t3100,i49
t3100,i72
t3101,i99
t3101,i16
t3101,i28
t3101,i90
t3101,i86
t3101,i43
t3101,i54
t3102,i116
t3102,i31
t3103,i82
t3103,i113
t3104,i43
t3104,i118
t3105,i25
t3105,i64
t3106,i51
t3106,i100
t3106,i72
t3106,i82
t3107,i15
t3107,i8
t3107,i6
t3107,i75
t3108,i54
t3109,i25
t3109,i48
t3109,i30
t3110,i97
t3110,i72
t3110,i12
t3111,i55
t3111,i81
t3111,i92
t3111,i82
t3111,i37
t3112,i55
t3113,i37
t3113,i25
t3113,i54
t3114,i71
t3115,i29
t3115,i30
t3116,i100
t3116,i60
t3116,i65
t3117,i89
t3117,i4
t3117,i1
t3117,i19
t3117,i77
t3118,i115
t3118,i69
t3118,i71
t3118,i17
t3119,i15
t3119,i72
t3119,i17
t3119,i61
t3119,i20
t3120,i25
t3121,i82
t3122,i55
t3122,i72
t3123,i72
t3123,i92
t3123,i54
t3124,i97
t3124,i55
t3124,i72
t3124,i54
t3125,i49
t3125,i83
t3125,i72
t3125,i17
t3125,i29
t3125,i43
t3125,i12
t3125,i39
t3125,i3
t3125,i54
t3126,i25
t3126,i49
t3126,i116
t3126,i19
t3126,i43
t3126,i30
t3127,i65
t3128,i100
t3128,i72
t3128,i81
t3128,i79
t3128,i43
t3128,i54
t3129,i25
t3129,i116
t3129,i40
t3129,i22
t3129,i54
t3130,i56
t3131,i40
t3131,i84
t3131,i76
t3131,i54
t3132,i70
t3133,i51
t3133,i108
t3133,i85
t3133,i100
t3133,i72
t3133,i4
t3133,i71
t3134,i72
t3134,i99
t3134,i71
t3134,i50
t3134,i64
t3134,i65
t3135,i61
t3136,i55
t3136,i107
t3136,i100
t3136,i72
t3136,i37
t3136,i9
t3136,i43
t3136,i54
t3137,i110
t3137,i37
t3137,i60
t3138,i100
t3138,i72
t3138,i102
t3139,i82
t3139,i64
t3140,i15
t3140,i71
t3141,i87
t3141,i70
t3142,i72
t3142,i17
t3143,i54
t3144,i72
t3144,i98
t3144,i61
t3145,i43
t3145,i30
t3146,i37
t3147,i70
t3148,i108
t3148,i75
t3148,i40
t3149,i16
t3149,i25
t3150,i30
t3151,i49
t3151,i75
t3151,i53
t3151,i64
t3152,i100
t3152,i16
t3152,i26
t3152,i48
t3152,i54
t3153,i115
t3154,i25
t3154,i30
t3154,i106
t3155,i12
t3156,i43
t3157,i43
t3158,i15
t3158,i83
t3158,i1
t3158,i23
t3158,i75
t3158,i61
t3158,i12
t3158,i103
t3158,i45
t3159,i17
t3159,i30
t3160,i111
t3160,i75
t3161,i49
t3161,i55
t3161,i72
t3161,i92
t3161,i82
t3161,i116
t3161,i56
t3161,i30
t3162,i61
t3163,i49
t3163,i108
t3163,i16
t3163,i23
t3163,i21
t3163,i54
t3163,i33
t3163,i82
t3163,i106
t3164,i51
t3165,i15
t3165,i49
t3165,i108
t3165,i55
t3165,i81
t3165,i17
t3165,i21
t3165,i2
t3165,i40
t3166,i82
t3167,i72
t3167,i25
t3167,i81
t3167,i1
t3167,i23
t3167,i32
t3167,i39
t3168,i100
t3168,i25
t3168,i99
t3168,i92
t3168,i116
t3168,i106
t3169,i40
t3170,i110
t3170,i15
t3170,i47
t3170,i37
t3170,i84
t3171,i15
t3171,i22
t3171,i54
t3172,i25
t3173,i15
t3173,i38
t3173,i43
t3174,i51
t3174,i72
t3174,i17
t3174,i54
t3175,i110
t3175,i4
t3176,i86
t3176,i52
t3176,i61
t3177,i46
t3177,i49
t3177,i108
t3177,i55
t3177,i82
t3177,i45
t3177,i65
t3178,i40
t3179,i92
t3179,i31
t3179,i3
t3180,i25
t3180,i80
t3180,i31
t3180,i82
t3180,i64
t3181,i115
t3181,i100
t3181,i71
t3181,i17
t3181,i54
t3182,i110
t3182,i100
t3182,i92
t3182,i12
t3182,i10
t3183,i49
t3183,i71
t3183,i42
t3183,i116
t3183,i43
t3183,i40
t3184,i59
t3184,i108
t3184,i55
t3184,i72
t3184,i71
t3184,i63
t3184,i29
t3184,i30
t3185,i110
t3185,i37
t3185,i17
t3185,i14
t3185,i7
t3185,i118
t3186,i60
t3187,i97
t3187,i72
t3187,i56
t3188,i72
t3188,i37
t3188,i106
t3188,i45
t3188,i68
t3189,i111
t3190,i110
t3190,i15
t3190,i25
t3190,i63
t3190,i23
t3190,i43
t3190,i82
t3191,i59
t3192,i15
t3192,i23
t3192,i6
t3192,i37
t3192,i31
t3192,i43
t3193,i2
t3194,i45
t3195,i110
t3195,i15
t3195,i97
t3195,i55
t3195,i100
t3195,i71
t3195,i8
t3195,i28
t3195,i37
t3195,i25
t3196,i43
t3196,i40
t3197,i97
t3197,i71
t3197,i48
t3197,i45
t3198,i100
t3198,i92
t3198,i82
t3198,i37
t3198,i52
t3198,i43
t3198,i106
t3198,i119
t3198,i54
t3199,i15
t3199,i71
t3199,i22
t3199,i76
t3199,i54
t3200,i59
t3200,i99
t3200,i23
t3200,i43
t3200,i18
t3201,i100
t3202,i37
t3202,i61
t3203,i100
t3203,i92
t3203,i78
t3203,i37
t3203,i19
t3204,i100
t3204,i72
t3204,i69
t3204,i104
t3205,i55
t3205,i100
t3205,i72
t3205,i37
t3205,i17
t3205,i25
t3205,i43
t3205,i12
t3205,i10
t3206,i21
t3206,i25
t3206,i43
t3206,i22
t3206,i61
t3206,i45
t3206,i20
t3207,i72
t3208,i80
t3208,i48
t3208,i113
t3209,i110
t3209,i37
t3210,i49
t3210,i71
t3210,i54
t3210,i65
t3211,i43
t3211,i50
t3212,i54
t3213,i72
t3214,i15
t3214,i108
t3214,i72
t3214,i71
t3214,i1
t3214,i23
t3214,i17
t3214,i43
t3214,i54
t3215,i15
t3215,i49
t3215,i72
t3215,i40
t3216,i15
t3216,i55
t3216,i37
t3216,i43
t3217,i72
t3218,i15
t3218,i8
t3218,i37
t3218,i116
t3219,i88
t3220,i17
t3220,i30
t3220,i33
t3220,i109
t3221,i30
t3222,i30
t3223,i40
t3224,i37
t3225,i25
t3225,i43
t3225,i61
t3226,i25
t3227,i37
t3228,i57
t3228,i51
t3228,i55
t3228,i100
t3228,i71
t3228,i23
t3228,i37
t3228,i60
t3228,i14
t3228,i43
t3228,i10
t3228,i45
t3229,i71
t3230,i37
t3230,i43
t3231,i43
t3231,i30
t3232,i37
t3233,i111
t3233,i37
t3233,i116
t3234,i100
t3234,i37
t3234,i25
t3235,i113
t3236,i37
t3236,i116
t3237,i37
t3237,i60
t3238,i110
t3238,i25
t3238,i75
t3238,i37
t3239,i71
t3239,i16
t3239,i37
t3239,i116
t3240,i97
t3240,i108
t3240,i72
t3240,i42
t3240,i23
t3240,i82
t3240,i48
t3241,i15
t3241,i55
t3241,i100
t3241,i116
t3241,i33
t3242,i110
t3242,i97
t3242,i49
t3242,i108
t3242,i83
t3242,i55
t3242,i100
t3242,i72
t3242,i71
t3242,i111
t3242,i78
t3242,i53
t3242,i116
t3243,i35
t3243,i116
t3243,i25
t3243,i30
t3244,i78
t3244,i37
t3244,i17
t3245,i107
t3245,i100
t3245,i81
t3245,i76
t3245,i54
t3246,i83
t3246,i55
t3246,i100
t3246,i81
t3246,i21
t3246,i103
t3246,i45
t3246,i113
t3246,i20
t3247,i15
t3247,i1
t3247,i19
t3248,i110
t3248,i8
t3248,i37
t3249,i110
t3249,i37
t3249,i103
t3250,i82
t3251,i110
t3251,i89
t3251,i116
t3251,i13
t3251,i90
t3251,i52
t3252,i72
t3252,i81
t3252,i17
t3252,i25
t3253,i15
t3254,i49
t3254,i83
t3254,i100
t3254,i72
t3254,i116
t3254,i17
t3254,i48
t3254,i33
t3254,i73
t3255,i107
t3255,i100
t3256,i46
t3256,i97
t3256,i69
t3256,i71
t3256,i23
t3256,i37
t3256,i29
t3256,i91
t3256,i45
t3256,i73
t3257,i110
t3257,i37
t3258,i25
t3258,i49
t3258,i108
t3258,i100
t3258,i71
t3258,i17
t3258,i40
t3258,i76
t3259,i49
t3259,i108
t3259,i72
t3259,i37
t3259,i17
t3259,i48
t3259,i61
t3259,i88
t3260,i97
t3260,i72
t3260,i25
t3260,i99
t3260,i71
t3260,i8
t3261,i49
t3261,i72
t3261,i71
t3261,i38
t3261,i116
t3261,i65
t3262,i59
t3262,i97
t3262,i49
t3262,i55
t3262,i75
t3262,i9
t3262,i43
t3262,i30
t3262,i76
t3263,i100
t3263,i78
t3263,i65
t3264,i40
t3264,i84
t3264,i76
t3265,i25
t3265,i22
t3266,i65
t3267,i25
t3267,i22
t3268,i99
t3268,i4
t3268,i71
t3268,i60
t3268,i33
t3268,i54
t3269,i97
t3269,i49
t3269,i100
t3269,i13
t3269,i22
t3269,i48
t3269,i45
t3270,i51
t3270,i16
t3270,i25
t3270,i43
t3271,i68
t3272,i49
t3272,i72
t3272,i75
t3272,i76
t3272,i82
t3272,i54
t3273,i65
t3274,i108
t3274,i85
t3274,i100
t3274,i37
t3274,i86
t3274,i105
t3274,i25
t3274,i61
t3275,i55
t3275,i37
t3275,i17
t3276,i72
t3277,i108
t3277,i37
t3277,i2
t3277,i43
t3277,i12
t3277,i50
t3277,i45
t3278,i43
t3279,i22
t3279,i48
t3280,i38
t3280,i33
t3281,i75
t3281,i80
t3281,i40
t3282,i100
t3282,i72
t3282,i99
t3282,i4
t3282,i71
t3282,i23
t3282,i21
t3283,i25
t3283,i55
t3283,i71
t3284,i83
t3284,i115
t3284,i100
t3284,i99
t3284,i1
t3284,i17
t3284,i22
t3284,i61
t3284,i88
t3284,i106
t3284,i45
t3285,i18
t3286,i49
t3286,i55
t3286,i100
t3286,i53
t3286,i31
t3287,i54
t3287,i40
t3288,i118
t3289,i39
t3290,i71
t3290,i61
t3290,i45
t3291,i25
t3291,i59
t3291,i71
t3291,i37
t3291,i65
t3292,i72
t3292,i78
t3292,i17
t3293,i15
t3293,i49
t3293,i56
t3293,i43
t3293,i61
t3293,i54
t3293,i60
t3294,i69
t3295,i15
t3295,i49
t3295,i72
t3295,i69
t3295,i71
t3295,i60
t3295,i57
t3295,i43
t3295,i48
t3295,i54
t3296,i16
t3296,i37
t3296,i101
t3296,i82
t3297,i54
t3298,i90
t3299,i43
t3300,i108
t3300,i72
t3300,i43
t3301,i30
t3301,i65
t3302,i89
t3302,i49
t3302,i55
t3302,i72
t3302,i111
t3302,i37
t3302,i90
t3302,i12
t3303,i72
t3304,i51
t3304,i55
t3304,i81
t3304,i82
t3304,i76
t3304,i61
t3305,i57
t3305,i89
t3305,i72
t3305,i16
t3305,i44
t3305,i17
t3305,i23
t3305,i19
t3305,i33
t3306,i89
t3306,i49
t3306,i108
t3306,i55
t3306,i86
t3306,i43
t3306,i12
t3306,i65
t3306,i54
t3307,i49
t3308,i72
t3308,i25
t3308,i71
t3308,i37
t3309,i71
t3310,i75
t3310,i65
t3311,i97
t3311,i53
t3311,i82
t3311,i37
t3311,i17
t3312,i2
t3312,i25
t3313,i81
t3313,i37
t3313,i17
t3313,i43
t3313,i61
t3313,i103
t3313,i3
t3313,i91
t3313,i54
t3314,i15
t3314,i100
t3314,i71
t3314,i81
t3314,i23
t3314,i43
t3314,i106
t3314,i66
t3315,i37
t3315,i60
t3316,i43
t3317,i100
t3317,i72
t3317,i78
t3317,i60
t3317,i19
t3317,i33
t3318,i55
t3318,i116
t3318,i41
t3318,i45
t3318,i18
t3319,i55
t3319,i99
t3319,i6
t3319,i82
t3319,i31
t3319,i7
t3319,i54
t3320,i71
t3321,i100
t3321,i38
t3321,i28
t3321,i82
t3321,i37
t3321,i17
t3322,i71
t3322,i38
t3323,i35
t3323,i72
t3323,i7
t3323,i54
t3324,i49
t3324,i55
t3324,i100
t3324,i25
t3324,i43
t3324,i40
t3324,i82
t3324,i106
t3325,i49
t3325,i37
t3325,i7
t3326,i89
t3327,i31
t3327,i48
t3328,i40
t3328,i84
t3328,i76
t3329,i40
t3330,i72
t3330,i37
t3330,i54
t3330,i48
t3331,i37
t3332,i25
t3332,i6
t3332,i74
t3333,i89
t3333,i49
t3333,i44
t3333,i22
t3333,i54
t3334,i103
t3335,i15
t3335,i57
t3335,i97
t3335,i71
t3335,i75
t3335,i37
t3335,i116
t3335,i19
t3335,i79
t3335,i84
t3335,i65
t3336,i83
t3336,i61
t3336,i39
t3336,i64
t3337,i30
t3338,i30
t3339,i100
t3339,i114
t3340,i46
t3340,i99
t3340,i4
t3340,i38
t3340,i16
t3340,i23
t3340,i116
t3340,i7
t3340,i114
t3341,i15
t3341,i61
t3341,i70
t3342,i59
t3342,i100
t3342,i69
t3342,i24
t3342,i94
t3343,i118
t3344,i25
t3345,i56
t3345,i25
t3346,i54
t3346,i119
t3347,i108
t3347,i55
t3347,i16
t3347,i53
t3347,i82
t3347,i31
t3347,i19
t3348,i37
t3348,i17
t3348,i45
t3348,i65
t3349,i55
t3350,i51
t3350,i72
t3350,i4
t3351,i100
t3351,i60
t3351,i17
t3351,i54
t3352,i22
t3353,i30
t3354,i97
t3354,i85
t3354,i44
t3354,i104
t3354,i92
t3354,i53
t3354,i82
t3354,i37
t3355,i12
t3356,i55
t3356,i72
t3357,i71
t3358,i115
t3359,i15
t3359,i55
t3359,i72
t3359,i48
t3359,i101
t3359,i64
t3360,i97
t3360,i100
t3360,i92
t3360,i23
t3361,i16
t3361,i116
t3362,i87
t3363,i21
t3363,i30
t3364,i30
t3365,i30
t3366,i48
t3367,i51
t3367,i49
t3367,i55
t3367,i31
t3367,i43
t3367,i40
t3367,i12
t3368,i110
t3368,i60
t3368,i31
t3369,i15
t3369,i25
t3369,i97
t3370,i51
t3370,i97
t3370,i49
t3370,i72
t3370,i92
t3370,i82
t3370,i60
t3370,i52
t3370,i76
t3370,i50
t3370,i45
t3371,i84
t3372,i111
t3372,i3
t3373,i59
t3373,i100
t3374,i110
t3374,i100
t3374,i76
t3374,i54
t3375,i110
t3375,i49
t3375,i85
t3375,i4
t3375,i75
t3375,i113
t3375,i109
t3376,i4
t3376,i118
t3377,i55
t3377,i100
t3378,i15
t3378,i97
t3378,i49
t3378,i108
t3378,i71
t3378,i17
t3378,i25
t3378,i33
t3379,i25
t3380,i100
t3381,i72
t3381,i8
t3381,i37
t3381,i116
t3382,i110
t3382,i37
t3382,i43
t3382,i48
t3382,i54
t3383,i25
t3383,i22
t3384,i108
t3384,i37
t3384,i70
t3384,i73
t3384,i54
t3385,i37
t3386,i49
t3386,i108
t3387,i100
t3387,i71
t3387,i82
t3388,i57
t3388,i37
t3388,i17
t3389,i40
t3389,i84
t3390,i2
t3390,i43
t3390,i40
t3390,i64
t3391,i37
t3391,i48
t3391,i40
t3391,i30
t3391,i82
t3392,i55
t3392,i100
t3392,i52
t3392,i54
t3393,i46
t3393,i72
t3393,i71
t3393,i43
t3393,i76
t3394,i37
t3394,i54
t3395,i37
t3395,i54
t3395,i25
t3396,i16
t3396,i41
t3397,i110
t3397,i72
t3397,i37
t3397,i54
t3397,i61
t3397,i20
t3398,i72
t3398,i82
t3398,i43
t3398,i30
t3398,i95
t3398,i54
t3399,i72
t3399,i69
t3399,i39
t3400,i97
t3400,i55
t3400,i85
t3400,i100
t3401,i100
t3402,i101
t3402,i39
t3402,i64
t3403,i30
t3404,i40
t3404,i45
t3405,i100
t3406,i100
t3406,i81
t3406,i23
t3406,i37
t3406,i54
t3407,i72
t3407,i4
t3407,i80
t3408,i71
t3409,i25
t3409,i71
t3409,i37
t3409,i43
t3410,i37
t3410,i43
t3410,i48
t3411,i108
t3411,i85
t3411,i72
t3411,i71
t3411,i92
t3411,i78
t3411,i37
t3411,i56
t3411,i31
t3411,i40
t3412,i51
t3412,i97
t3412,i49
t3412,i28
t3412,i25
t3413,i110
t3413,i51
t3413,i71
t3413,i8
t3413,i23
t3413,i25
t3413,i43
t3413,i48
t3413,i54
t3414,i15
t3414,i43
t3414,i40
t3415,i97
t3415,i4
t3415,i65
t3416,i116
t3416,i29
t3416,i30
t3417,i43
t3418,i30
t3419,i25
t3420,i51
t3420,i59
t3421,i111
t3421,i43
t3422,i25
t3422,i55
t3422,i72
t3422,i37
t3422,i116
t3423,i37
t3423,i76
t3423,i18
t3424,i51
t3424,i97
t3424,i55
t3424,i72
t3424,i25
t3424,i93
t3425,i15
t3425,i116
t3425,i31
t3425,i40
t3426,i37
t3427,i43
t3428,i55
t3428,i100
t3428,i72
t3429,i38
t3430,i110
t3430,i49
t3430,i100
t3430,i72
t3430,i37
t3430,i2
t3430,i43
t3430,i48
t3431,i16
t3431,i40
t3431,i95
t3431,i113
t3432,i72
t3432,i99
t3432,i71
t3432,i31
t3433,i72
t3433,i82
t3433,i65
t3434,i15
t3434,i71
t3434,i37
t3434,i25
t3434,i43
t3435,i30
t3436,i15
t3436,i59
t3436,i49
t3436,i108
t3436,i115
t3436,i55
t3436,i100
t3436,i72
t3436,i7
t3436,i109
t3437,i59
t3437,i100
t3437,i37
t3437,i40
t3438,i41
t3438,i54
t3438,i18
t3439,i30
t3440,i71
t3440,i48
t3440,i113
t3441,i15
t3441,i43
t3441,i30
t3441,i103
t3442,i55
t3442,i85
t3442,i72
t3442,i25
t3443,i30
t3444,i30
t3445,i49
t3445,i23
t3445,i6
t3445,i37
t3445,i60
t3445,i41
t3445,i36
t3445,i33
t3446,i49
t3446,i100
t3446,i72
t3446,i99
t3446,i71
t3446,i92
t3446,i53
t3446,i37
t3446,i43
t3446,i95
t3446,i12
t3446,i64
t3446,i70
t3446,i109
t3447,i97
t3447,i49
t3447,i108
t3447,i72
t3447,i69
t3448,i25
t3448,i89
t3448,i97
t3448,i100
t3448,i54
t3449,i4
t3449,i71
t3449,i16
t3449,i23
t3449,i92
t3449,i37
t3449,i25
t3449,i45
t3450,i100
t3450,i71
t3451,i100
t3451,i81
t3452,i85
t3452,i21
t3452,i2
t3452,i101
t3452,i96
t3453,i92
t3453,i31
t3453,i19
t3454,i25
t3454,i89
t3454,i108
t3454,i100
t3454,i16
t3454,i1
t3454,i104
t3454,i29
t3454,i54
t3454,i58
t3454,i73
t3455,i25
t3455,i108
t3455,i72
t3455,i81
t3455,i31
t3455,i65
t3455,i119
t3456,i85
t3456,i30
t3456,i54
t3457,i57
t3457,i25
t3457,i51
t3457,i55
t3457,i72
t3457,i37
t3457,i88
t3458,i97
t3458,i108
t3458,i72
t3458,i1
t3458,i61
t3459,i71
t3459,i60
t3460,i113
t3461,i51
t3461,i108
t3461,i99
t3461,i9
t3461,i31
t3461,i24
t3461,i54
t3461,i45
t3461,i65
t3462,i69
t3462,i16
t3462,i23
t3462,i28
t3462,i116
t3462,i54
t3463,i54
t3463,i73
t3464,i25
t3464,i49
t3464,i78
t3464,i82
t3464,i9
t3464,i70
t3464,i93
t3465,i108
t3465,i55
t3465,i100
t3465,i72
t3466,i43
t3467,i71
t3467,i37
t3468,i115
t3468,i55
t3468,i71
t3468,i81
t3468,i22
t3468,i20
t3469,i89
t3469,i49
t3469,i71
t3469,i92
t3469,i82
t3469,i37
t3469,i57
t3469,i21
t3469,i43
t3469,i22
t3470,i30
t3471,i110
t3471,i49
t3471,i55
t3471,i100
t3471,i99
t3471,i81
t3471,i95
t3472,i38
t3472,i43
t3473,i40
t3474,i17
t3474,i43
t3475,i108
t3475,i100
t3475,i72
t3476,i72
t3476,i81
t3476,i37
t3476,i73
t3477,i89
t3477,i55
t3477,i72
t3477,i37
t3477,i33
t3477,i12
t3478,i82
t3479,i100
t3479,i72
t3479,i71
t3479,i25
t3480,i80
t3480,i25
t3480,i33
t3481,i59
t3481,i97
t3481,i49
t3481,i72
t3481,i71
t3481,i31
t3481,i7
t3481,i52
t3481,i45
t3482,i25
t3483,i15
t3483,i55
t3483,i99
t3483,i71
t3483,i81
t3483,i1
t3483,i47
t3483,i82
t3483,i80
t3483,i86
t3483,i43
t3483,i76
t3483,i64
t3483,i65
t3484,i15
t3484,i16
t3484,i63
t3484,i119
t3485,i51
t3485,i25
t3485,i99
t3485,i92
t3485,i31
t3485,i23
t3485,i103
t3485,i45
t3485,i65
t3486,i110
t3486,i57
t3487,i81
t3488,i30
t3488,i76
t3489,i51
t3489,i55
t3489,i100
t3489,i6
t3489,i82
t3489,i37
t3489,i7
t3489,i48
t3489,i103
t3489,i113
t3490,i72
t3490,i37
t3490,i56
t3491,i100
t3491,i72
t3491,i25
t3491,i60
t3491,i52
t3491,i43
t3491,i10
t3491,i82
t3492,i72
t3492,i37
t3492,i54
t3493,i97
t3493,i55
t3493,i85
t3493,i100
t3493,i82
t3493,i60
t3493,i10
t3494,i100
t3494,i72
t3494,i37
t3494,i116
t3494,i43
t3494,i106
t3494,i65
t3495,i100
t3495,i72
t3495,i99
t3495,i92
t3495,i53
t3495,i22
t3495,i67
t3495,i33
t3495,i65
t3496,i59
t3496,i55
t3496,i107
t3496,i100
t3496,i72
t3496,i25
t3496,i99
t3496,i81
t3496,i37
t3496,i17
t3496,i31
t3497,i15
t3497,i92
t3497,i111
t3497,i19
t3497,i54
t3498,i108
t3498,i90
t3498,i80
t3498,i54
t3499,i59
t3499,i55
t3499,i92
t3499,i102
t3499,i60
t3499,i88
t3500,i25
t3500,i89
t3500,i107
t3500,i16
t3500,i23
t3500,i92
t3500,i43
t3500,i93
t3500,i73
t3501,i30
t3502,i15
t3502,i108
t3502,i71
t3502,i60
t3502,i43
t3503,i72
t3503,i37
t3503,i40
t3504,i54
t3505,i72
t3505,i25
t3506,i59
t3506,i55
t3506,i100
t3506,i53
t3506,i17
t3506,i14
t3506,i31
t3506,i23
t3506,i21
t3506,i54
t3506,i40
t3506,i66
t3506,i109
t3506,i73
t3507,i25
t3508,i100
t3508,i32
t3508,i54
t3509,i59
t3509,i97
t3509,i49
t3509,i100
t3509,i42
t3509,i47
t3509,i25
t3509,i43
t3509,i66
t3510,i72
t3511,i49
t3511,i55
t3511,i1
t3511,i47
t3511,i31
t3511,i25
t3511,i43
t3511,i22
t3512,i64
t3513,i15
t3513,i8
t3513,i37
t3513,i25
t3513,i118
t3514,i69
t3514,i82
t3514,i37
t3514,i43
t3514,i118
t3515,i15
t3515,i72
t3515,i53
t3515,i7
t3515,i79
t3515,i25
t3515,i106
t3516,i37
t3516,i43
t3516,i48
t3516,i40
t3516,i33
t3517,i72
t3517,i37
t3517,i32
t3517,i25
t3517,i60
t3518,i97
t3518,i64
t3519,i31
t3520,i15
t3520,i65
t3521,i25
t3521,i100
t3521,i72
t3521,i99
t3521,i82
t3521,i37
t3521,i58
t3522,i54
t3523,i49
t3523,i37
t3523,i70
t3523,i65
t3523,i54
t3524,i100
t3524,i72
t3524,i82
t3524,i31
t3524,i25
t3524,i48
t3524,i40
t3525,i25
t3525,i24
t3526,i55
t3526,i25
t3526,i31
t3527,i18
t3528,i15
t3528,i110
t3528,i97
t3528,i100
t3528,i72
t3528,i25
t3528,i99
t3528,i81
t3528,i75
t3528,i37
t3528,i17
t3528,i43
t3528,i65
t3529,i110
t3530,i97
t3530,i71
t3530,i16
t3530,i82
t3530,i37
t3531,i17
t3532,i51
t3532,i72
t3532,i99
t3532,i81
t3533,i18
t3534,i18
t3535,i110
t3535,i37
t3536,i108
t3537,i59
t3537,i108
t3537,i85
t3537,i72
t3537,i31
t3537,i43
t3537,i48
t3537,i45
t3538,i72
t3538,i63
t3538,i31
t3538,i23
t3539,i55
t3539,i72
t3539,i81
t3539,i111
t3539,i63
t3539,i80
t3539,i12
t3539,i70
t3539,i45
t3539,i68
t3539,i18
t3539,i54
t3540,i40
t3541,i72
t3541,i111
t3541,i43
t3541,i45
t3541,i20
t3542,i100
t3542,i103
t3543,i72
t3543,i27
t3544,i87
t3544,i59
t3544,i97
t3544,i108
t3544,i55
t3544,i72
t3544,i56
t3544,i11
t3544,i90
t3544,i43
t3544,i48
t3544,i64
t3544,i73
t3544,i54
t3545,i40
t3546,i38
t3546,i92
t3546,i43
t3546,i48
t3546,i101
t3546,i65
t3547,i100
t3548,i30
t3549,i30
t3550,i37
t3551,i59
t3552,i97
t3552,i108
t3552,i25
t3552,i37
t3552,i80
t3552,i43
t3552,i40
t3552,i76
t3552,i94
t3553,i37
t3553,i41
t3553,i43
t3554,i118
t3555,i110
t3555,i43
t3556,i72
t3556,i12
t3556,i45
t3557,i108
t3557,i103
t3558,i49
t3558,i54
t3559,i35
t3559,i97
t3559,i100
t3559,i99
t3559,i56
t3560,i97
t3560,i49
t3560,i55
t3560,i100
t3560,i71
t3560,i81
t3560,i92
t3560,i75
t3560,i37
t3560,i13
t3560,i23
t3560,i43
t3560,i45
t3560,i65
t3561,i110
t3561,i108
t3561,i85
t3561,i72
t3561,i99
t3561,i71
t3561,i17
t3561,i86
t3562,i8
t3562,i43
t3562,i22
t3563,i46
t3563,i55
t3563,i85
t3563,i100
t3563,i72
t3563,i81
t3563,i8
t3563,i1
t3563,i44
t3563,i23
t3563,i104
t3563,i82
t3563,i13
t3563,i36
t3563,i45
t3564,i72
t3564,i22
t3565,i100
t3565,i37
t3565,i116
t3565,i60
t3566,i15
t3566,i38
t3566,i37
t3566,i22
t3566,i12
t3566,i54
t3567,i71
t3567,i37
t3567,i74
t3567,i43
t3567,i30
t3567,i12
t3568,i111
t3569,i51
t3569,i100
t3569,i73
t3570,i37
t3570,i103
t3571,i31
t3571,i43
t3572,i55
t3572,i100
t3572,i71
t3572,i16
t3572,i23
t3572,i54
t3572,i43
t3572,i22
t3572,i30
t3572,i113
t3572,i65
t3573,i108
t3574,i59
t3574,i108
t3574,i72
t3574,i25
t3574,i99
t3574,i31
t3574,i21
t3574,i54
t3574,i12
t3575,i108
t3575,i72
t3575,i25
t3575,i81
t3575,i38
t3575,i65
t3575,i119
t3576,i25
t3576,i97
t3576,i55
t3576,i100
t3576,i116
t3576,i17
t3576,i61
t3576,i45
t3577,i72
t3577,i25
t3577,i65
t3578,i25
t3578,i95
t3579,i15
t3579,i97
t3579,i49
t3579,i100
t3579,i72
t3579,i25
t3579,i81
t3579,i44
t3579,i82
t3579,i113
t3580,i100
t3580,i72
t3580,i40
t3580,i65
t3581,i49
t3581,i71
t3581,i16
t3581,i23
t3581,i47
t3581,i37
t3581,i17
t3581,i31
t3581,i12
t3581,i106
t3582,i15
t3582,i30
t3582,i54
t3583,i89
t3583,i7
t3583,i24
t3583,i86
t3583,i114
t3583,i43
t3583,i65
t3584,i72
t3584,i71
t3584,i25
t3584,i30
t3585,i97
t3585,i108
t3585,i55
t3585,i71
t3585,i31
t3585,i113
t3586,i72
t3586,i71
t3586,i81
t3586,i38
t3586,i116
t3587,i110
t3588,i60
t3588,i33
t3588,i54
t3589,i1
t3589,i44
t3590,i110
t3590,i97
t3590,i85
t3590,i100
t3590,i99
t3590,i81
t3590,i53
t3590,i82
t3590,i60
t3590,i14
t3590,i41
t3591,i71
t3591,i101
t3591,i3
t3591,i65
t3592,i55
t3592,i100
t3592,i72
t3592,i44
t3592,i37
t3592,i41
t3593,i37
t3594,i59
t3594,i89
t3594,i72
t3594,i99
t3594,i71
t3594,i23
t3594,i32
t3594,i19
t3594,i114
t3594,i21
t3594,i43
t3594,i82
t3594,i3
t3595,i37
t3596,i37
t3596,i40
t3597,i15
t3597,i72
t3597,i37
t3598,i69
t3598,i17
t3599,i51
t3599,i55
t3599,i72
t3599,i29
t3599,i43
t3599,i106
t3599,i54
t3600,i51
t3600,i55
t3600,i100
t3600,i17
t3600,i54
t3601,i15
t3601,i89
t3601,i108
t3601,i100
t3601,i69
t3601,i6
t3601,i92
t3601,i96
t3602,i43
t3603,i49
t3603,i108
t3603,i54
t3603,i43
t3603,i48
t3603,i61
t3604,i108
t3604,i72
t3604,i71
t3604,i81
t3604,i23
t3604,i37
t3604,i12
t3604,i82
t3604,i65
t3605,i97
t3605,i82
t3606,i56
t3607,i49
t3607,i100
t3607,i30
t3608,i72
t3608,i81
t3608,i44
t3608,i37
t3608,i56
t3608,i2
t3608,i65
t3609,i115
t3609,i100
t3609,i72
t3609,i1
t3609,i31
t3609,i25
t3609,i73
t3610,i46
t3610,i59
t3610,i72
t3610,i71
t3610,i21
t3611,i99
t3611,i60
t3611,i17
t3611,i43
t3611,i61
t3611,i101
t3611,i12
t3611,i103
t3611,i82
t3611,i118
t3612,i43
t3613,i73
t3614,i71
t3614,i54
t3615,i57
t3615,i108
t3615,i55
t3615,i72
t3615,i92
t3616,i97
t3616,i49
t3616,i72
t3616,i25
t3616,i99
t3616,i71
t3616,i81
t3616,i37
t3616,i17
t3617,i55
t3618,i72
t3619,i54
t3619,i43
t3619,i12
t3620,i72
t3620,i38
t3620,i92
t3620,i31
t3620,i95
t3620,i65
t3621,i72
t3621,i60
t3621,i33
t3622,i15
t3622,i49
t3622,i72
t3623,i72
t3623,i56
t3624,i48
t3625,i57
t3625,i49
t3625,i55
t3625,i100
t3625,i72
t3625,i25
t3625,i81
t3625,i111
t3625,i37
t3625,i106
t3626,i100
t3626,i71
t3626,i17
t3626,i14
t3626,i25
t3626,i113
t3627,i110
t3627,i55
t3627,i25
t3627,i40
t3628,i104
t3628,i111
t3628,i43
t3628,i54
t3629,i25
t3629,i97
t3629,i72
t3629,i71
t3629,i7
t3629,i21
t3629,i43
t3629,i65
t3630,i72
t3630,i33
t3630,i82
t3631,i99
t3631,i81
t3631,i54
t3631,i33
t3631,i60
t3632,i17
t3632,i73
t3633,i110
t3633,i51
t3633,i16
t3633,i37
t3633,i36
t3633,i25
t3633,i43
t3634,i25
t3634,i22
t3634,i54
t3635,i53
t3635,i25
t3636,i49
t3636,i108
t3636,i55
t3636,i99
t3636,i71
t3636,i63
t3636,i31
t3636,i23
t3636,i25
t3636,i65
t3637,i15
t3637,i108
t3637,i37
t3637,i17
t3637,i43
t3637,i48
t3637,i30
t3637,i61
t3637,i64
t3637,i106
t3638,i72
t3638,i99
t3638,i37
t3639,i87
t3639,i25
t3639,i39
t3639,i65
t3640,i51
t3640,i72
t3640,i25
t3640,i71
t3640,i8
t3640,i23
t3640,i54
t3640,i73
t3641,i59
t3641,i4
t3641,i92
t3641,i90
t3641,i33
t3641,i66
t3641,i54
t3642,i15
t3642,i46
t3642,i100
t3642,i38
t3642,i6
t3642,i37
t3642,i43
t3642,i40
t3642,i82
t3642,i50
t3642,i64
t3643,i97
t3643,i49
t3643,i55
t3643,i100
t3643,i72
t3643,i71
t3643,i80
t3643,i21
t3643,i43
t3643,i22
t3643,i48
t3643,i65
t3644,i108
t3644,i72
t3644,i31
t3644,i25
t3645,i43
t3646,i100
t3646,i72
t3646,i118
t3646,i64
t3646,i65
t3647,i49
t3648,i72
t3648,i48
t3648,i65
t3649,i72
t3649,i23
t3649,i61
t3650,i46
t3650,i82
t3650,i17
t3650,i33
t3650,i12
t3650,i118
t3650,i113
t3650,i54
t3651,i49
t3651,i100
t3652,i30
t3653,i25
t3653,i51
t3653,i92
t3653,i43
t3653,i30
t3653,i95
t3653,i106
t3653,i65
t3654,i83
t3654,i25
t3654,i8
t3654,i30
t3655,i72
t3655,i19
t3655,i25
t3655,i40
t3655,i82
t3656,i110
t3656,i15
t3656,i46
t3656,i49
t3656,i37
t3656,i17
t3656,i82
t3656,i45
t3657,i99
t3658,i40
t3659,i59
t3659,i55
t3659,i79
t3659,i77
t3660,i97
t3660,i49
t3660,i100
t3660,i72
t3660,i71
t3660,i38
t3660,i23
t3660,i25
t3660,i73
t3661,i16
t3661,i65
t3662,i61
t3663,i30
t3664,i51
t3664,i2
t3664,i65
t3665,i82
t3665,i37
t3666,i100
t3666,i37
t3666,i17
t3666,i40
t3667,i59
t3667,i97
t3667,i25
t3667,i48
t3668,i15
t3668,i108
t3668,i80
t3668,i21
t3668,i25
t3668,i43
t3668,i40
t3668,i22
t3669,i93
t3670,i110
t3670,i49
t3670,i55
t3670,i37
t3670,i7
t3670,i36
t3670,i22
t3670,i40
t3670,i54
t3671,i110
t3671,i55
t3671,i81
t3671,i37
t3671,i9
t3671,i13
t3671,i54
t3672,i110
t3672,i15
t3672,i51
t3672,i85
t3672,i100
t3672,i37
t3672,i56
t3672,i65
t3672,i54
t3673,i49
t3673,i108
t3673,i71
t3673,i92
t3673,i17
t3673,i40
t3674,i100
t3675,i72
t3676,i43
t3677,i25
t3677,i100
t3677,i81
t3677,i1
t3677,i92
t3677,i111
t3677,i48
t3677,i33
t3677,i118
t3678,i100
t3678,i81
t3678,i47
t3678,i82
t3678,i37
t3678,i21
t3678,i29
t3678,i118
t3678,i50
t3678,i45
t3678,i54
t3679,i72
t3680,i15
t3680,i89
t3680,i100
t3680,i71
t3680,i23
t3680,i57
t3680,i25
t3680,i43
t3681,i15
t3681,i49
t3681,i72
t3681,i71
t3681,i81
t3681,i60
t3681,i25
t3682,i51
t3682,i55
t3682,i85
t3682,i100
t3682,i72
t3682,i25
t3682,i92
t3682,i82
t3682,i37
t3682,i40
t3682,i30
t3682,i45
t3683,i25
t3683,i22
t3684,i69
t3684,i75
t3684,i33
t3684,i103
t3684,i88
t3685,i43
t3685,i64
t3686,i25
t3686,i97
t3686,i115
t3686,i55
t3686,i71
t3686,i43
t3687,i110
t3687,i49
t3687,i4
t3687,i16
t3687,i53
t3687,i17
t3687,i7
t3687,i106
t3688,i15
t3688,i72
t3688,i25
t3688,i82
t3688,i60
t3688,i31
t3688,i64
t3688,i58
t3688,i119
t3688,i54
t3689,i25
t3689,i108
t3689,i92
t3690,i38
t3690,i23
t3690,i37
t3690,i64
t3691,i48
t3692,i51
t3692,i81
t3692,i44
t3692,i23
t3692,i28
t3692,i6
t3692,i60
t3692,i25
t3692,i43
t3692,i48
t3693,i110
t3693,i57
t3693,i51
t3693,i59
t3693,i89
t3693,i97
t3693,i55
t3693,i100
t3693,i72
t3693,i82
t3693,i116
t3693,i21
t3694,i43
t3695,i81
t3695,i2
t3695,i43
t3695,i30
t3695,i58
t3695,i54
t3696,i15
t3696,i97
t3696,i55
t3696,i100
t3696,i72
t3696,i37
t3696,i116
t3696,i21
t3696,i25
t3697,i55
t3697,i100
t3697,i72
t3697,i31
t3698,i84
t3699,i110
t3699,i55
t3699,i85
t3699,i100
t3699,i25
t3699,i82
t3699,i90
t3699,i30
t3700,i54
t3701,i43
t3701,i40
t3701,i84
t3702,i2
t3702,i12
t3703,i41
t3703,i67
t3704,i15
t3705,i23
t3706,i2
t3707,i2
t3708,i115
t3708,i81
t3708,i80
t3708,i29
t3708,i84
t3708,i113
t3708,i54
t3709,i49
t3709,i37
t3710,i43
t3711,i59
t3711,i61
t3712,i49
t3712,i100
t3712,i72
t3712,i1
t3712,i53
t3712,i116
t3712,i17
t3712,i56
t3712,i36
t3712,i21
t3712,i43
t3712,i45
t3712,i65
t3712,i54
t3713,i103
t3714,i99
t3714,i71
t3714,i81
t3714,i75
t3715,i25
t3715,i115
t3715,i100
t3715,i17
t3715,i9
t3715,i80
t3715,i23
t3716,i40
t3717,i107
t3717,i72
t3717,i1
t3717,i37
t3717,i17
t3717,i25
t3717,i12
t3718,i71
t3719,i15
t3719,i55
t3719,i23
t3719,i114
t3719,i48
t3719,i40
t3719,i61
t3719,i54
t3720,i49
t3720,i4
t3720,i71
t3720,i106
t3721,i22
t3722,i30
t3722,i60
t3723,i25
t3723,i97
t3723,i85
t3723,i100
t3723,i72
t3723,i78
t3723,i9
t3723,i63
t3723,i23
t3723,i19
t3724,i110
t3724,i97
t3724,i25
t3724,i81
t3724,i44
t3724,i60
t3725,i27
t3725,i37
t3725,i10
t3726,i115
t3726,i55
t3726,i100
t3726,i69
t3726,i71
t3726,i6
t3726,i98
t3726,i54
t3727,i49
t3727,i55
t3727,i100
t3727,i81
t3727,i104
t3727,i37
t3728,i110
t3728,i40
t3728,i84
t3729,i54
t3730,i72
t3731,i85
t3731,i72
t3732,i82
t3732,i60
t3732,i7
t3733,i107
t3733,i72
t3733,i71
t3733,i44
t3733,i82
t3733,i63
t3733,i31
t3733,i23
t3733,i41
t3733,i36
t3733,i22
t3733,i30
t3734,i43
t3734,i39
t3735,i49
t3735,i25
t3735,i40
t3735,i106
t3736,i15
t3736,i97
t3736,i36
t3736,i12
t3737,i43
t3738,i49
t3738,i103
t3738,i118
t3738,i50
t3739,i15
t3740,i72
t3740,i60
t3740,i48
t3740,i33
t3740,i10
t3741,i38
t3741,i111
t3741,i39
t3741,i64
t3742,i110
t3742,i15
t3742,i51
t3742,i55
t3742,i72
t3742,i71
t3742,i111
t3742,i40
t3743,i71
t3743,i25
t3743,i43
t3743,i40
t3743,i82
t3743,i91
t3744,i100
t3744,i36
t3744,i43
t3744,i54
t3745,i71
t3745,i25
t3746,i72
t3746,i4
t3746,i17
t3746,i25
t3746,i43
t3746,i33
t3746,i82
t3746,i45
t3746,i66
t3747,i51
t3747,i37
t3747,i84
t3747,i61
t3747,i101
t3748,i115
t3749,i115
t3750,i100
t3750,i72
t3750,i48
t3750,i82
t3751,i25
t3751,i59
t3751,i55
t3751,i72
t3751,i99
t3751,i81
t3751,i63
t3751,i80
t3751,i23
t3751,i61
t3752,i55
t3752,i100
t3752,i6
t3752,i43
t3752,i82
t3752,i118
t3753,i49
t3754,i97
t3754,i49
t3754,i54
t3754,i43
t3754,i48
t3754,i30
t3754,i64
t3755,i110
t3755,i97
t3755,i115
t3755,i72
t3755,i71
t3755,i82
t3755,i13
t3755,i12
t3755,i10
t3756,i22
t3757,i108
t3757,i25
t3757,i43
t3757,i48
t3757,i30
t3757,i65
t3758,i15
t3758,i17
t3758,i12
t3759,i37
t3759,i64
t3760,i97
t3761,i15
t3761,i55
t3761,i71
t3761,i116
t3762,i108
t3762,i16
t3762,i56
t3762,i21
t3762,i25
t3762,i82
t3762,i64
t3762,i54
t3763,i72
t3763,i17
t3763,i65
t3764,i110
t3764,i55
t3764,i85
t3764,i30
t3765,i100
t3765,i71
t3765,i81
t3765,i79
t3765,i48
t3765,i82
t3765,i113
t3765,i65
t3766,i25
t3766,i30
t3766,i22
t3767,i72
t3767,i81
t3767,i37
t3767,i54
t3768,i72
t3768,i4
t3768,i116
t3768,i39
t3769,i87
t3769,i111
t3769,i82
t3769,i54
t3770,i72
t3770,i37
t3771,i51
t3771,i59
t3772,i50
t3773,i55
t3773,i100
t3773,i72
t3773,i69
t3773,i47
t3773,i31
t3774,i15
t3774,i55
t3774,i40
t3775,i25
t3775,i43
t3776,i110
t3777,i51
t3777,i64
t3778,i111
t3778,i39
t3779,i49
t3779,i115
t3779,i72
t3779,i60
t3779,i31
t3779,i48
t3779,i106
t3779,i45
t3779,i54
t3780,i46
t3780,i49
t3780,i72
t3780,i4
t3780,i69
t3780,i71
t3780,i44
t3780,i47
t3780,i60
t3780,i21
t3780,i48
t3780,i45
t3781,i49
t3781,i100
t3781,i25
t3781,i81
t3781,i56
t3781,i14
t3781,i48
t3781,i82
t3781,i54
t3782,i72
t3782,i81
t3783,i72
t3783,i99
t3783,i17
t3783,i48
t3783,i65
t3784,i22
t3785,i87
t3785,i48
t3785,i22
t3785,i82
t3785,i73
t3786,i115
t3786,i72
t3786,i25
t3786,i82
t3786,i10
t3787,i100
t3787,i40
t3787,i30
t3787,i22
t3787,i88
t3787,i58
t3787,i65
t3788,i115
t3788,i81
t3788,i10
t3789,i85
t3789,i72
t3789,i25
t3789,i71
t3789,i78
t3789,i48
t3790,i71
t3791,i115
t3791,i48
t3791,i12
t3791,i39
t3792,i54
t3793,i72
t3793,i71
t3793,i25
t3794,i110
t3794,i108
t3794,i100
t3794,i4
t3794,i116
t3794,i43
t3795,i108
t3795,i55
t3795,i72
t3795,i71
t3795,i60
t3795,i43
t3795,i82
t3795,i106
t3796,i108
t3796,i37
t3796,i25
t3796,i43
t3796,i65
t3797,i100
t3797,i72
t3797,i116
t3798,i89
t3799,i51
t3799,i55
t3799,i100
t3799,i72
t3799,i81
t3799,i82
t3799,i17
t3799,i41
t3800,i17
t3800,i25
t3800,i65
t3801,i65
t3802,i30
t3803,i46
t3803,i51
t3803,i72
t3803,i17
t3803,i9
t3803,i63
t3803,i114
t3803,i43
t3803,i40
t3804,i72
t3804,i41
t3804,i12
t3804,i3
t3804,i65
t3805,i59
t3805,i72
t3805,i25
t3805,i71
t3805,i92
t3805,i82
t3805,i37
t3805,i54
t3805,i40
t3806,i108
t3806,i100
t3806,i99
t3806,i71
t3806,i81
t3806,i23
t3806,i52
t3806,i48
t3807,i59
t3807,i85
t3807,i72
t3807,i45
t3808,i70
t3809,i100
t3809,i69
t3810,i72
t3811,i55
t3811,i100
t3811,i37
t3812,i51
t3812,i92
t3812,i80
t3813,i51
t3813,i72
t3813,i16
t3813,i65
t3814,i65
t3815,i37
t3816,i59
t3816,i100
t3816,i16
t3816,i31
t3816,i48
t3816,i65
t3816,i60
t3817,i15
t3817,i46
t3817,i72
t3817,i37
t3817,i48
t3817,i76
t3817,i82
t3817,i118
t3817,i64
t3817,i68
t3817,i54
t3818,i116
t3818,i43
t3818,i48
t3818,i40
t3819,i51
t3819,i72
t3819,i25
t3819,i27
t3819,i92
t3819,i37
t3819,i116
t3819,i17
t3820,i55
t3820,i100
t3821,i89
t3821,i100
t3821,i72
t3821,i73
t3822,i55
t3822,i107
t3822,i100
t3822,i72
t3822,i71
t3822,i37
t3822,i63
t3822,i31
t3822,i21
t3822,i48
t3822,i73
t3823,i103
t3824,i100
t3824,i72
t3824,i116
t3824,i30
t3825,i49
t3825,i72
t3825,i99
t3825,i71
t3825,i81
t3825,i8
t3825,i82
t3825,i45
t3826,i110
t3826,i43
t3826,i65
t3827,i30
t3828,i72
t3829,i97
t3829,i72
t3830,i51
t3830,i49
t3830,i108
t3830,i100
t3830,i81
t3830,i38
t3830,i60
t3830,i40
t3830,i20
t3831,i72
t3831,i99
t3831,i41
t3832,i89
t3832,i8
t3832,i60
t3832,i17
t3833,i8
t3834,i15
t3834,i25
t3834,i51
t3834,i59
t3834,i55
t3834,i100
t3834,i71
t3834,i6
t3834,i32
t3834,i82
t3834,i109
t3835,i51
t3835,i55
t3835,i71
t3835,i16
t3835,i14
t3835,i80
t3835,i43
t3835,i65
t3836,i51
t3836,i59
t3836,i89
t3836,i100
t3836,i72
t3836,i37
t3837,i49
t3837,i108
t3837,i55
t3837,i100
t3837,i72
t3837,i25
t3838,i110
t3838,i15
t3838,i51
t3838,i85
t3838,i107
t3838,i72
t3838,i1
t3838,i27
t3838,i82
t3838,i37
t3838,i40
t3838,i64
t3839,i30
t3840,i55
t3840,i43
t3840,i84
t3841,i43
t3842,i30
t3843,i40
t3844,i51
t3844,i55
t3844,i100
t3844,i72
t3844,i82
t3844,i17
t3845,i108
t3845,i55
t3845,i100
t3845,i72
t3845,i37
t3845,i116
t3845,i30
t3845,i65
t3845,i73
t3846,i116
t3847,i100
t3847,i99
t3848,i59
t3848,i100
t3848,i8
t3848,i17
t3848,i33
t3848,i118
t3849,i33
t3850,i85
t3850,i72
t3850,i82
t3850,i37
t3850,i31
t3850,i25
t3850,i65
t3851,i51
t3851,i82
t3851,i9
t3851,i22
t3852,i110
t3852,i59
t3852,i83
t3852,i100
t3852,i40
t3852,i76
t3852,i45
t3852,i65
t3853,i46
t3853,i16
t3853,i23
t3853,i54
t3853,i25
t3853,i45
t3854,i49
t3854,i83
t3855,i37
t3855,i60
t3855,i54
t3856,i110
t3856,i89
t3856,i115
t3856,i85
t3856,i100
t3856,i72
t3856,i99
t3856,i4
t3856,i37
t3856,i10
t3856,i65
t3857,i72
t3857,i25
t3857,i8
t3858,i55
t3858,i85
t3858,i100
t3859,i37
t3859,i116
t3859,i43
t3860,i108
t3860,i55
t3860,i85
t3860,i100
t3860,i92
t3860,i17
t3861,i37
t3862,i110
t3862,i25
t3862,i55
t3862,i72
t3862,i82
t3862,i119
t3863,i110
t3863,i15
t3863,i59
t3863,i49
t3863,i115
t3863,i55
t3863,i100
t3863,i72
t3863,i71
t3863,i38
t3863,i8
t3863,i104
t3863,i78
t3863,i37
t3864,i97
t3864,i49
t3864,i108
t3864,i55
t3864,i100
t3865,i17
t3866,i100
t3866,i72
t3866,i92
t3866,i56
t3866,i14
t3866,i29
t3866,i61
t3866,i33
t3866,i73
t3867,i46
t3867,i72
t3867,i60
t3867,i65
t3868,i21
t3868,i65
t3868,i54
t3869,i97
t3869,i72
t3869,i71
t3869,i81
t3869,i37
t3870,i15
t3870,i72
t3870,i1
t3870,i37
t3870,i116
t3870,i40
t3871,i43
t3871,i66
t3871,i68
t3872,i97
t3872,i25
t3872,i42
t3872,i111
t3872,i31
t3872,i5
t3872,i65
t3873,i100
t3873,i13
t3873,i114
t3874,i46
t3874,i49
t3874,i60
t3874,i17
t3874,i12
t3874,i39
t3875,i15
t3875,i37
t3875,i54
t3876,i15
t3876,i25
t3876,i55
t3876,i100
t3876,i71
t3876,i81
t3876,i37
t3876,i17
t3877,i15
t3877,i97
t3877,i71
t3877,i82
t3877,i37
t3877,i57
t3877,i43
t3878,i15
t3878,i46
t3878,i49
t3878,i72
t3878,i71
t3878,i28
t3878,i37
t3878,i98
t3878,i33
t3878,i45
t3878,i65
t3879,i106
t3879,i68
t3880,i59
t3880,i97
t3880,i49
t3880,i72
t3880,i69
t3880,i92
t3880,i37
t3880,i116
t3880,i19
t3881,i30
t3882,i16
t3882,i37
t3883,i51
t3883,i31
t3883,i113
t3884,i49
t3884,i115
t3884,i107
t3884,i90
t3884,i54
t3885,i52
t3885,i22
t3885,i65
t3886,i49
t3886,i55
t3886,i100
t3886,i71
t3886,i81
t3886,i37
t3886,i31
t3886,i74
t3886,i43
t3886,i65
t3887,i15
t3887,i25
t3887,i72
t3887,i47
t3887,i92
t3887,i37
t3887,i90
t3887,i31
t3887,i23
t3887,i19
t3887,i106
t3888,i110
t3888,i37
t3888,i113
t3888,i54
t3889,i37
t3890,i15
t3890,i16
t3890,i17
t3890,i31
t3890,i36
t3890,i21
t3890,i12
t3891,i22
t3891,i76
t3892,i51
t3892,i59
t3892,i55
t3892,i100
t3892,i92
t3892,i31
t3892,i22
t3893,i60
t3894,i55
t3894,i72
t3894,i60
t3894,i65
t3895,i110
t3895,i40
t3896,i97
t3896,i41
t3896,i114
t3897,i37
t3897,i17
t3898,i49
t3898,i72
t3898,i99
t3898,i71
t3898,i37
t3898,i39
t3899,i23
t3899,i48
t3900,i15
t3900,i46
t3900,i51
t3900,i100
t3900,i72
t3900,i4
t3900,i81
t3900,i56
t3900,i48
t3900,i61
t3900,i33
t3901,i110
t3901,i51
t3901,i97
t3901,i108
t3901,i111
t3901,i12
t3901,i82
t3901,i106
t3901,i54
t3902,i40
t3902,i54
t3903,i62
t3904,i30
t3905,i49
t3905,i72
t3905,i82
t3905,i17
t3905,i31
t3905,i54
t3905,i96
t3905,i106
t3905,i66
t3906,i59
t3906,i97
t3906,i55
t3906,i118
t3907,i72
t3907,i37
t3908,i25
t3908,i43
t3909,i51
t3909,i108
t3909,i55
t3909,i100
t3909,i99
t3909,i69
t3909,i31
t3909,i65
t3910,i51
t3910,i49
t3910,i55
t3910,i81
t3910,i92
t3910,i9
t3911,i108
t3911,i100
t3911,i71
t3911,i81
t3911,i82
t3911,i116
t3911,i54
t3911,i118
t3911,i73
t3912,i118
t3913,i97
t3913,i49
t3913,i108
t3913,i100
t3913,i71
t3913,i16
t3913,i23
t3913,i48
t3913,i106
t3913,i73
t3914,i15
t3914,i59
t3914,i49
t3914,i100
t3914,i25
t3914,i71
t3914,i16
t3914,i42
t3914,i1
t3914,i13
t3914,i24
t3914,i114
t3914,i65
t3915,i55
t3915,i100
t3915,i72
t3915,i1
t3915,i37
t3915,i21
t3915,i54
t3916,i55
t3917,i49
t3917,i16
t3917,i116
t3917,i86
t3917,i45
t3918,i108
t3918,i55
t3918,i75
t3918,i37
t3918,i30
t3919,i99
t3919,i71
t3919,i82
t3919,i60
t3919,i74
t3919,i33
t3920,i59
t3920,i55
t3920,i100
t3920,i72
t3920,i99
t3920,i34
t3920,i82
t3920,i43
t3920,i48
t3921,i110
t3921,i55
t3921,i25
t3921,i30
t3921,i106
t3922,i55
t3922,i100
t3922,i16
t3922,i44
t3922,i37
t3922,i114
t3922,i61
t3922,i101
t3922,i12
t3922,i10
t3922,i39
t3923,i110
t3923,i108
t3923,i55
t3923,i100
t3923,i72
t3923,i69
t3923,i43
t3924,i89
t3924,i55
t3924,i100
t3924,i72
t3924,i8
t3924,i68
t3924,i65
t3925,i14
t3925,i40
t3926,i49
t3926,i83
t3926,i55
t3926,i100
t3926,i37
t3926,i105
t3926,i40
t3927,i108
t3928,i97
t3928,i99
t3928,i56
t3928,i7
t3929,i48
t3929,i70
t3930,i110
t3930,i57
t3930,i25
t3930,i75
t3930,i82
t3930,i17
t3930,i90
t3930,i23
t3930,i54
t3930,i65
t3931,i72
t3931,i82
t3931,i80
t3932,i89
t3932,i17
t3932,i22
t3933,i33
t3933,i64
t3934,i43
t3934,i82
t3935,i89
t3935,i108
t3935,i55
t3935,i100
t3935,i72
t3935,i81
t3935,i23
t3935,i116
t3935,i24
t3935,i26
t3936,i110
t3936,i81
t3936,i54
t3936,i60
t3937,i44
t3937,i17
t3938,i65
t3939,i8
t3939,i37
t3939,i116
t3939,i65
t3939,i54
t3940,i108
t3940,i54
t3941,i49
t3941,i108
t3941,i83
t3941,i72
t3942,i89
t3942,i83
t3942,i55
t3942,i100
t3942,i58
t3942,i20
t3942,i73
t3943,i87
t3943,i21
t3943,i54
t3944,i73
t3945,i72
t3946,i49
t3946,i55
t3946,i37
t3946,i65
t3947,i72
t3947,i25
t3947,i71
t3947,i37
t3947,i109
t3947,i65
t3948,i40
t3949,i72
t3949,i99
t3949,i81
t3950,i110
t3950,i100
t3950,i23
t3950,i114
t3950,i33
t3950,i45
t3951,i97
t3951,i49
t3952,i89
t3952,i42
t3952,i17
t3952,i48
t3952,i61
t3952,i109
t3953,i34
t3954,i71
t3954,i16
t3954,i53
t3954,i25
t3954,i40
t3955,i15
t3955,i55
t3955,i100
t3955,i72
t3955,i80
t3955,i7
t3955,i118
t3955,i65
t3956,i40
t3957,i22
t3958,i19
t3959,i25
t3960,i25
t3960,i59
t3960,i55
t3960,i100
t3960,i72
t3960,i81
t3960,i90
t3960,i43
t3961,i107
t3961,i72
t3961,i17
t3962,i110
t3962,i82
t3963,i43
t3964,i60
t3964,i116
t3965,i25
t3965,i51
t3965,i100
t3965,i16
t3965,i60
t3965,i17
t3965,i90
t3965,i43
t3965,i39
t3966,i55
t3966,i117
t3966,i37
t3966,i23
t3966,i84
t3967,i43
t3968,i71
t3968,i52
t3968,i73
t3969,i60
t3969,i25
t3969,i43
t3969,i40
t3970,i72
t3970,i23
t3970,i66
t3971,i13
t3971,i64
t3972,i72
t3972,i92
t3972,i111
t3972,i21
t3972,i40
t3973,i100
t3973,i71
t3973,i81
t3973,i65
t3974,i15
t3974,i37
t3974,i48
t3975,i25
t3976,i72
t3976,i44
t3976,i23
t3977,i85
t3978,i35
t3978,i108
t3978,i55
t3978,i92
t3978,i61
t3979,i57
t3979,i55
t3979,i100
t3979,i48
t3979,i22
t3980,i55
t3980,i43
t3980,i76
t3980,i12
t3981,i97
t3981,i49
t3981,i55
t3981,i100
t3981,i72
t3982,i43
t3982,i88
t3983,i40
t3984,i9
t3984,i29
t3984,i43
t3984,i48
t3984,i40
t3984,i45
t3985,i15
t3985,i72
t3985,i42
t3985,i56
t3985,i21
t3986,i71
t3986,i31
t3986,i65
t3987,i57
t3987,i51
t3987,i108
t3987,i55
t3987,i100
t3987,i72
t3987,i44
t3987,i60
t3987,i90
t3987,i31
t3987,i62
t3987,i82
t3987,i66
t3988,i49
t3988,i47
t3988,i82
t3988,i43
t3988,i40
t3989,i55
t3989,i100
t3989,i72
t3989,i81
t3989,i44
t3989,i92
t3989,i21
t3989,i113
t3989,i65
t3990,i49
t3990,i100
t3990,i37
t3990,i13
t3990,i31
t3990,i43
t3990,i40
t3990,i61
t3991,i15
t3991,i89
t3991,i97
t3991,i72
t3991,i90
t3991,i43
t3991,i103
t3991,i88
t3991,i106
t3991,i20
t3992,i25
t3993,i61
t3993,i96
t3994,i59
t3994,i100
t3994,i82
t3994,i65
t3994,i54
t3995,i72
t3995,i74
t3995,i43
t3996,i46
t3996,i100
t3996,i72
t3996,i82
t3996,i114
t3996,i22
t3996,i61
t3996,i106
t3996,i54
t3997,i6
t3997,i64
t3997,i65
t3998,i110
t3998,i46
t3998,i100
t3998,i47
t3998,i37
t3998,i60
t3998,i11
t3998,i54
t3998,i40
t3998,i33
t3999,i89
t3999,i25
t3999,i98
t3999,i86
t3999,i43
t3999,i22
t4000,i81
t4000,i82
t4000,i109
t4001,i109
t4002,i38
t4002,i22
t4003,i49
t4003,i108
t4003,i71
t4003,i92
t4004,i71
t4004,i25
t4005,i72
t4005,i4
t4005,i81
t4005,i75
t4005,i54
t4005,i43
t4005,i40
t4006,i25
t4007,i30
t4008,i49
t4008,i72
t4008,i71
t4008,i81
t4008,i37
t4008,i25
t4008,i40
t4008,i118
t4009,i40
t4010,i51
t4010,i55
t4010,i107
t4010,i100
t4010,i72
t4010,i47
t4010,i82
t4010,i31
t4010,i48
t4010,i106
t4011,i61
t4011,i64
t4012,i37
t4013,i97
t4013,i100
t4014,i15
t4014,i49
t4014,i100
t4014,i72
t4014,i82
t4014,i22
t4014,i88
t4014,i58
t4015,i49
t4015,i48
t4015,i64
t4016,i72
t4017,i30
t4018,i72
t4018,i81
t4019,i37
t4020,i15
t4020,i43
t4020,i48
t4020,i61
t4020,i103
t4020,i54
t4021,i49
t4021,i75
t4021,i53
t4022,i40
t4023,i82
t4023,i30
t4023,i54
t4024,i43
t4024,i30
t4025,i72
t4025,i4
t4025,i17
t4025,i86
t4025,i36
t4025,i43
t4025,i40
t4025,i76
t4025,i45
t4025,i109
t4026,i22
t4027,i30
t4028,i71
t4028,i23
t4028,i37
t4028,i82
t4029,i25
t4030,i110
t4030,i99
t4030,i102
t4030,i43
t4030,i93
t4031,i71
t4031,i17
t4032,i40
t4032,i95
t4032,i113
t4033,i49
t4033,i71
t4033,i23
t4034,i16
t4034,i116
t4034,i65
t4035,i97
t4035,i108
t4035,i19
t4035,i25
t4035,i65
t4036,i65
t4037,i43
t4037,i30
t4037,i76
t4037,i60
t4038,i49
t4038,i4
t4038,i25
t4038,i43
t4038,i40
t4038,i22
t4038,i45
t4039,i25
t4039,i40
t4040,i30
t4040,i103
t4041,i85
t4041,i100
t4041,i72
t4041,i71
t4041,i82
t4041,i17
t4041,i113
t4041,i54
t4042,i17
t4042,i43
t4043,i49
t4043,i71
t4043,i1
t4043,i116
t4043,i31
t4043,i25
t4043,i43
t4043,i64
t4043,i65
t4044,i89
t4044,i100
t4044,i72
t4044,i28
t4044,i43
t4044,i30
t4044,i82
t4044,i39
t4045,i108
t4045,i72
t4045,i54
t4045,i25
t4045,i48
t4045,i40
t4046,i43
t4047,i51
t4047,i49
t4047,i108
t4047,i72
t4047,i81
t4047,i88
t4047,i58
t4047,i45
t4047,i54
t4048,i37
t4049,i81
t4049,i37
t4050,i43
t4050,i33
t4051,i25
t4051,i1
t4051,i111
t4051,i17
t4051,i43
t4051,i48
t4051,i82
t4051,i39
t4052,i30
t4053,i49
t4053,i72
t4053,i69
t4053,i16
t4053,i37
t4054,i72
t4054,i38
t4054,i25
t4054,i65
t4055,i71
t4055,i43
t4055,i12
t4056,i15
t4056,i71
t4056,i17
t4056,i36
t4056,i54
t4057,i110
t4057,i100
t4057,i72
t4057,i25
t4057,i37
t4057,i31
t4057,i86
t4057,i30
t4057,i88
t4058,i57
t4058,i55
t4058,i100
t4058,i71
t4058,i81
t4058,i44
t4058,i75
t4058,i82
t4058,i114
t4058,i33
t4058,i54
t4059,i30
t4060,i49
t4060,i115
t4060,i55
t4060,i100
t4060,i71
t4060,i23
t4060,i37
t4060,i43
t4060,i54
t4061,i71
t4061,i47
t4061,i92
t4061,i37
t4062,i65
t4063,i42
t4063,i37
t4063,i23
t4063,i54
t4064,i108
t4065,i54
t4066,i15
t4066,i55
t4066,i72
t4066,i69
t4066,i71
t4066,i37
t4066,i17
t4067,i72
t4067,i18
t4068,i110
t4068,i15
t4068,i97
t4068,i108
t4068,i31
t4069,i30
t4070,i72
t4070,i25
t4070,i71
t4070,i38
t4070,i113
t4071,i37
t4071,i43
t4072,i108
t4072,i37
t4073,i30
t4074,i97
t4074,i49
t4074,i108
t4074,i83
t4074,i55
t4074,i100
t4074,i37
t4074,i17
t4074,i79
t4074,i21
t4075,i49
t4075,i116
t4076,i97
t4076,i4
t4076,i18
t4077,i97
t4077,i108
t4077,i72
t4077,i31
t4078,i25
t4078,i1
t4078,i111
t4078,i37
t4078,i116
t4078,i48
t4078,i33
t4079,i70
t4079,i18
t4080,i116
t4081,i65
t4082,i49
t4082,i108
t4082,i72
t4082,i99
t4082,i71
t4082,i116
t4082,i17
t4082,i21
t4083,i37
t4083,i25
t4083,i43
t4084,i15
t4084,i37
t4084,i7
t4084,i43
t4085,i15
t4085,i95
t4086,i72
t4086,i71
t4087,i108
t4087,i38
t4087,i17
t4087,i106
t4088,i71
t4088,i25
t4089,i71
t4089,i23
t4089,i37
t4090,i15
t4090,i97
t4090,i25
t4090,i82
t4090,i37
t4090,i31
t4090,i43
t4091,i97
t4091,i71
t4091,i106
t4092,i16
t4092,i42
t4092,i54
t4092,i66
t4093,i15
t4093,i33
t4094,i72
t4094,i116
t4094,i17
t4094,i90
t4094,i31
t4094,i23
t4094,i43
t4094,i30
t4095,i97
t4095,i100
t4095,i72
t4095,i6
t4095,i37
t4095,i12
t4096,i51
t4096,i97
t4096,i108
t4096,i100
t4096,i72
t4097,i30
t4098,i30
t4098,i65
t4099,i29
t4100,i61
t4101,i55
t4101,i81
t4101,i80
t4101,i2
t4102,i57
t4102,i100
t4102,i72
t4102,i37
t4102,i23
t4102,i54
t4102,i25
t4102,i48
t4103,i72
t4103,i37
t4103,i116
t4103,i25
t4103,i40
t4104,i37
t4105,i51
t4105,i55
t4105,i90
t4106,i100
t4106,i10
t4107,i72
t4107,i54
t4108,i25
t4108,i43
t4109,i15
t4109,i97
t4109,i100
t4109,i81
t4109,i92
t4109,i31
t4109,i40
t4109,i106
t4110,i59
t4110,i72
t4110,i99
t4110,i71
t4110,i44
t4110,i82
t4110,i37
t4110,i60
t4110,i80
t4110,i22
t4110,i66
t4110,i68
t4111,i111
t4112,i7
t4113,i71
t4114,i57
t4114,i108
t4114,i4
t4114,i47
t4114,i82
t4114,i37
t4114,i60
t4114,i116
t4114,i17
t4114,i56
t4114,i64
t4115,i49
t4115,i55
t4115,i100
t4115,i72
t4115,i71
t4115,i8
t4115,i82
t4115,i37
t4115,i31
t4115,i7
t4115,i25
t4116,i108
t4116,i71
t4117,i37
t4117,i54
t4118,i55
t4119,i49
t4119,i115
t4119,i81
t4119,i37
t4119,i19
t4119,i54
t4119,i43
t4119,i33
t4120,i81
t4120,i17
t4120,i25
t4121,i15
t4121,i89
t4121,i97
t4121,i72
t4121,i71
t4121,i60
t4122,i110
t4122,i15
t4122,i37
t4122,i43
t4122,i84
t4122,i54
t4123,i57
t4123,i55
t4123,i100
t4123,i81
t4123,i111
t4123,i75
t4124,i72
t4124,i30
t4125,i33
t4125,i68
t4126,i23
t4126,i80
t4126,i30
t4126,i12
t4126,i106
t4126,i109
t4127,i72
t4127,i116
t4127,i40
t4127,i65
t4128,i97
t4128,i85
t4128,i38
t4128,i31
t4128,i40
t4128,i45
t4129,i49
t4129,i116
t4129,i17
t4130,i15
t4130,i44
t4130,i37
t4130,i7
t4130,i33
t4130,i70
t4130,i45
t4130,i113
t4131,i72
t4131,i54
t4131,i60
t4132,i24
t4133,i97
t4133,i108
t4133,i55
t4133,i72
t4133,i80
t4134,i59
t4134,i55
t4134,i100
t4134,i92
t4134,i75
t4134,i37
t4134,i23
t4135,i30
t4136,i49
t4137,i38
t4137,i26
t4137,i114
t4137,i73
t4138,i30
t4139,i57
t4139,i51
t4139,i49
t4139,i55
t4139,i100
t4140,i23
t4140,i37
t4141,i57
t4141,i100
t4141,i72
t4141,i37
t4141,i54
t4142,i15
t4142,i49
t4142,i108
t4142,i99
t4142,i38
t4142,i40
t4143,i110
t4143,i15
t4143,i49
t4143,i55
t4143,i72
t4143,i1
t4143,i92
t4143,i7
t4143,i19
t4143,i61
t4144,i15
t4144,i16
t4144,i40
t4144,i20
t4145,i72
t4145,i25
t4145,i23
t4145,i40
t4146,i72
t4146,i8
t4146,i1
t4146,i82
t4146,i37
t4147,i92
t4147,i111
t4148,i55
t4148,i100
t4148,i71
t4148,i119
t4149,i108
t4149,i100
t4149,i72
t4149,i71
t4149,i90
t4149,i80
t4150,i25
t4151,i43
t4152,i35
t4152,i25
t4152,i100
t4152,i92
t4152,i31
t4152,i88
t4152,i58
t4153,i97
t4153,i108
t4153,i72
t4153,i23
t4153,i114
t4153,i33
t4153,i10
t4153,i45
t4154,i93
t4155,i97
t4155,i99
t4155,i16
t4156,i46
t4156,i72
t4156,i37
t4157,i89
t4157,i31
t4157,i43
t4158,i30
t4159,i15
t4159,i37
t4160,i37
t4160,i30
t4161,i15
t4161,i43
t4161,i118
t4162,i37
t4162,i86
t4163,i92
t4163,i25
t4164,i108
t4164,i72
t4164,i60
t4164,i116
t4164,i31
t4164,i114
t4164,i48
t4164,i65
t4165,i72
t4165,i48
t4166,i110
t4166,i100
t4166,i81
t4166,i104
t4166,i82
t4166,i37
t4166,i106
t4166,i45
t4167,i100
t4167,i8
t4168,i60
t4168,i40
t4168,i65
t4169,i97
t4170,i72
t4170,i37
t4170,i103
t4171,i110
t4171,i15
t4171,i115
t4171,i25
t4171,i71
t4171,i81
t4171,i23
t4171,i82
t4171,i31
t4171,i54
t4172,i38
t4172,i82
t4173,i76
t4174,i43
t4175,i15
t4175,i71
t4175,i17
t4175,i21
t4176,i87
t4176,i64
t4177,i17
t4177,i80
t4177,i40
t4177,i82
t4177,i118
t4178,i118
t4178,i18
t4179,i55
t4179,i30
t4180,i108
t4180,i72
t4180,i36
t4180,i43
t4181,i55
t4181,i100
t4181,i72
t4181,i24
t4181,i40
t4182,i15
t4182,i72
t4182,i92
t4182,i111
t4182,i82
t4182,i37
t4182,i48
t4182,i10
t4183,i40
t4184,i116
t4184,i30
t4184,i88
t4184,i58
t4185,i44
t4185,i86
t4186,i43
t4187,i43
t4187,i40
t4187,i84
t4187,i76
t4187,i45
t4188,i72
t4188,i25
t4188,i21
t4189,i110
t4189,i37
t4190,i49
t4190,i108
t4190,i23
t4190,i45
t4190,i66
t4190,i54
t4191,i35
t4191,i55
t4191,i85
t4191,i16
t4191,i23
t4191,i43
t4191,i119
t4192,i71
t4192,i48
t4193,i43
t4193,i33
t4194,i55
t4194,i100
t4194,i71
t4194,i41
t4194,i54
t4195,i108
t4195,i69
t4195,i43
t4196,i40
t4197,i108
t4197,i43
t4197,i103
t4198,i49
t4198,i25
t4198,i37
t4198,i36
t4198,i29
t4198,i54
t4199,i4
t4199,i12
t4200,i72
t4200,i37
t4200,i17
t4200,i65
t4201,i35
t4201,i55
t4201,i100
t4201,i72
t4201,i92
t4201,i31
t4202,i110
t4202,i72
t4202,i37
t4202,i13
t4203,i4
t4204,i55
t4204,i100
t4204,i72
t4204,i78
t4204,i60
t4204,i86
t4204,i36
t4204,i113
t4205,i30
t4206,i72
t4206,i17
t4207,i37
t4207,i113
t4208,i30
t4209,i15
t4209,i71
t4209,i37
t4210,i30
t4211,i84
t4212,i71
t4213,i24
t4213,i52
t4213,i82
t4214,i72
t4214,i71
t4214,i23
t4214,i37
t4214,i9
t4214,i82
t4215,i15
t4215,i19
t4215,i43
t4215,i54
t4216,i37
t4216,i17
t4216,i23
t4217,i51
t4217,i108
t4217,i117
t4217,i4
t4217,i92
t4217,i90
t4217,i31
t4217,i50
t4217,i88
t4217,i58
t4218,i99
t4218,i43
t4218,i10
t4219,i37
t4219,i54
t4220,i110
t4220,i72
t4220,i25
t4220,i4
t4221,i25
t4222,i43
t4223,i57
t4223,i111
t4223,i48
t4224,i110
t4224,i49
t4224,i71
t4224,i37
t4225,i54
t4226,i37
t4226,i76
t4227,i111
t4228,i81
t4228,i92
t4228,i111
t4229,i37
t4229,i116
t4230,i43
t4230,i40
t4230,i84
t4230,i76
t4231,i28
t4231,i60
t4231,i65
t4232,i72
t4232,i99
t4232,i4
t4232,i22
t4232,i50
t4232,i66
t4232,i68
t4232,i65
t4233,i55
t4233,i8
t4234,i110
t4234,i25
t4234,i116
t4235,i40
t4235,i84
t4236,i43
t4237,i100
t4237,i72
t4237,i4
t4237,i1
t4237,i44
t4237,i80
t4237,i54
t4237,i43
t4237,i48
t4237,i70
t4238,i99
t4238,i71
t4239,i108
t4239,i43
t4240,i74
t4240,i18
t4241,i110
t4242,i59
t4242,i71
t4242,i23
t4242,i111
t4242,i21
t4242,i65
t4243,i99
t4243,i16
t4243,i25
t4244,i89
t4244,i72
t4244,i99
t4244,i4
t4244,i37
t4244,i80
t4244,i32
t4244,i26
t4244,i43
t4244,i10
t4244,i45
t4244,i54
t4245,i97
t4245,i55
t4245,i85
t4245,i72
t4245,i116
t4246,i37
t4246,i43
t4246,i103
t4247,i40
t4248,i51
t4248,i49
t4249,i23
t4249,i75
t4249,i17
t4249,i118
t4250,i49
t4250,i108
t4250,i72
t4250,i17
t4251,i38
t4252,i51
t4252,i55
t4252,i116
t4252,i17
t4253,i15
t4253,i51
t4253,i72
t4253,i17
t4254,i71
t4254,i30
t4254,i113
t4255,i57
t4255,i87
t4255,i100
t4255,i37
t4255,i116
t4255,i43
t4255,i22
t4256,i49
t4256,i116
t4256,i39
t4257,i89
t4257,i100
t4257,i72
t4257,i34
t4257,i80
t4257,i23
t4257,i41
t4257,i30
t4258,i55
t4258,i100
t4258,i71
t4258,i37
t4258,i25
t4258,i82
t4258,i45
t4259,i25
t4259,i72
t4259,i81
t4259,i37
t4259,i60
t4259,i48
t4259,i101
t4259,i18
t4260,i4
t4260,i116
t4261,i54
t4262,i108
t4262,i42
t4262,i23
t4262,i54
t4262,i25
t4262,i33
t4263,i15
t4263,i100
t4263,i13
t4263,i5
t4263,i65
t4264,i15
t4264,i100
t4264,i72
t4264,i71
t4264,i43
t4265,i97
t4265,i22
t4266,i25
t4267,i17
t4268,i15
t4268,i37
t4268,i65
t4268,i54
t4269,i15
t4269,i8
t4269,i40
t4270,i72
t4270,i37
t4271,i35
t4271,i72
t4271,i71
t4271,i42
t4271,i104
t4271,i60
t4272,i25
t4273,i59
t4274,i2
t4274,i40
t4275,i57
t4275,i97
t4275,i108
t4275,i55
t4275,i25
t4276,i40
t4276,i60
t4277,i72
t4277,i47
t4277,i28
t4277,i37
t4278,i111
t4278,i60
t4278,i48
t4279,i4
t4279,i71
t4279,i21
t4279,i45
t4280,i83
t4280,i100
t4280,i43
t4280,i30
t4281,i37
t4281,i23
t4281,i54
t4281,i43
t4282,i15
t4282,i57
t4282,i108
t4282,i100
t4282,i61
t4282,i45
t4283,i15
t4283,i38
t4283,i37
t4284,i25
t4284,i45
t4285,i25
t4285,i48
t4285,i33
t4286,i72
t4286,i25
t4286,i67
t4286,i12
t4287,i37
t4288,i37
t4288,i43
t4289,i97
t4289,i115
t4289,i71
t4289,i25
t4289,i43
t4289,i48
t4289,i82
t4289,i39
t4289,i54
t4290,i37
t4290,i17
t4290,i54
t4291,i51
t4291,i85
t4291,i82
t4291,i17
t4291,i43
t4291,i54
t4292,i72
t4292,i92
t4293,i40
t4294,i25
t4295,i39
t4295,i68
t4296,i115
t4296,i71
t4296,i81
t4297,i4
t4297,i43
t4298,i46
t4298,i85
t4298,i107
t4298,i94
t4299,i51
t4299,i49
t4299,i44
t4299,i31
t4299,i43
t4299,i40
t4299,i45
t4300,i21
t4300,i22
t4301,i72
t4301,i116
t4301,i31
t4301,i43
t4301,i40
t4302,i31
t4302,i48
t4302,i76
t4303,i72
t4304,i72
t4304,i4
t4304,i54
t4304,i25
t4305,i100
t4305,i37
t4306,i82
t4307,i30
t4308,i15
t4308,i22
t4308,i45
t4309,i46
t4309,i55
t4309,i81
t4309,i62
t4310,i72
t4311,i100
t4311,i69
t4311,i111
t4311,i75
t4311,i17
t4312,i15
t4312,i92
t4312,i37
t4312,i43
t4312,i76
t4313,i40
t4314,i22
t4314,i45
t4315,i116
t4316,i81
t4316,i31
t4316,i33
t4317,i49
t4317,i81
t4317,i79
t4318,i97
t4318,i108
t4319,i108
t4319,i43
t4319,i94
t4320,i12
t4320,i39
t4321,i49
t4321,i100
t4321,i72
t4321,i116
t4321,i31
t4321,i26
t4321,i114
t4321,i12
t4322,i110
t4322,i97
t4322,i108
t4322,i69
t4322,i38
t4322,i111
t4322,i116
t4322,i19
t4322,i54
t4323,i15
t4323,i37
t4323,i23
t4323,i25
t4323,i43
t4323,i48
t4323,i22
t4323,i5
t4324,i110
t4324,i15
t4324,i99
t4324,i47
t4324,i43
t4324,i30
t4325,i99
t4325,i54
t4325,i40
t4326,i57
t4326,i97
t4326,i71
t4326,i116
t4326,i21
t4326,i25
t4326,i82
t4326,i45
t4327,i100
t4327,i72
t4327,i102
t4327,i60
t4327,i17
t4327,i43
t4327,i48
t4327,i39
t4328,i72
t4329,i82
t4330,i108
t4330,i81
t4331,i100
t4331,i72
t4331,i7
t4331,i118
t4331,i91
t4332,i15
t4332,i100
t4332,i4
t4332,i71
t4332,i42
t4332,i44
t4332,i28
t4332,i25
t4332,i48
t4332,i54
t4333,i61
t4334,i31
t4334,i64
t4335,i72
t4335,i37
t4335,i13
t4336,i110
t4336,i15
t4336,i100
t4336,i60
t4336,i19
t4336,i12
t4336,i54
t4337,i72
t4338,i72
t4338,i8
t4338,i1
t4339,i116
t4339,i43
t4339,i30
t4339,i45
t4339,i54
t4340,i80
t4340,i43
t4340,i22
t4340,i30
t4340,i61
t4340,i64
t4340,i106
t4340,i54
t4341,i95
t4342,i37
t4342,i57
t4343,i25
t4344,i97
t4344,i55
t4344,i31
t4344,i21
t4344,i54
t4345,i72
t4345,i4
t4345,i69
t4345,i71
t4345,i17
t4345,i31
t4345,i25
t4345,i43
t4346,i110
t4346,i59
t4346,i55
t4346,i72
t4346,i25
t4346,i71
t4346,i37
t4346,i9
t4346,i60
t4347,i43
t4348,i57
t4348,i100
t4349,i15
t4349,i38
t4349,i1
t4349,i37
t4349,i43
t4349,i54
t4350,i15
t4350,i57
t4350,i4
t4350,i37
t4350,i74
t4350,i43
t4350,i30
t4351,i82
t4352,i30
t4353,i40
t4353,i65
t4354,i35
t4354,i55
t4354,i100
t4354,i47
t4354,i17
t4354,i23
t4354,i88
t4355,i17
t4355,i33
t4356,i59
t4356,i89
t4356,i100
t4356,i37
t4356,i23
t4356,i22
t4356,i106
t4356,i65
t4357,i30
t4357,i65
t4358,i65
t4359,i15
t4359,i37
t4360,i97
t4360,i108
t4360,i55
t4360,i16
t4360,i54
t4360,i109
t4361,i30
t4362,i37
t4362,i116
t4363,i30
t4364,i110
t4364,i72
t4364,i37
t4364,i65
t4365,i110
t4365,i15
t4365,i57
t4365,i49
t4365,i116
t4365,i25
t4366,i43
t4366,i40
t4367,i57
t4367,i25
t4367,i55
t4367,i85
t4367,i72
t4367,i43
t4368,i22
t4369,i15
t4369,i100
t4370,i116
t4370,i90
t4370,i80
t4370,i31
t4370,i43
t4370,i65
t4371,i44
t4371,i90
t4371,i43
t4371,i12
t4372,i4
t4372,i71
t4373,i54
t4374,i100
t4374,i42
t4374,i43
t4375,i110
t4375,i15
t4375,i72
t4375,i69
t4375,i71
t4375,i1
t4375,i44
t4375,i37
t4375,i17
t4375,i19
t4375,i65
t4376,i51
t4376,i72
t4376,i90
t4376,i48
t4377,i71
t4377,i37
t4378,i59
t4378,i97
t4378,i55
t4378,i71
t4378,i81
t4378,i116
t4378,i45
t4378,i65
t4379,i46
t4379,i1
t4380,i110
t4380,i49
t4380,i100
t4380,i37
t4380,i25
t4380,i43
t4380,i48
t4380,i61
t4380,i12
t4381,i89
t4381,i100
t4381,i19
t4382,i22
t4383,i117
t4383,i17
t4384,i39
t4385,i21
t4385,i22
t4385,i91
t4386,i87
t4386,i110
t4386,i83
t4386,i85
t4386,i100
t4386,i72
t4386,i69
t4386,i71
t4386,i81
t4386,i44
t4386,i92
t4386,i48
t4386,i45
t4387,i51
t4387,i59
t4387,i108
t4387,i55
t4387,i72
t4387,i90
t4387,i65
t4388,i51
t4388,i49
t4388,i71
t4388,i92
t4388,i37
t4388,i31
t4388,i32
t4389,i55
t4389,i107
t4389,i100
t4390,i49
t4390,i37
t4390,i22
t4391,i51
t4391,i72
t4391,i37
t4391,i88
t4391,i106
t4391,i45
t4392,i40
t4393,i72
t4393,i60
t4394,i69
t4395,i15
t4395,i57
t4395,i37
t4395,i116
t4395,i57
t4395,i43
t4395,i30
t4395,i54
t4396,i72
t4396,i25
t4396,i23
t4397,i72
t4397,i25
t4397,i43
t4397,i103
t4398,i22
t4399,i12
t4400,i89
t4400,i81
t4400,i23
t4400,i37
t4400,i90
t4400,i36
t4400,i101
t4401,i22
t4402,i30
t4403,i110
t4403,i25
t4403,i89
t4403,i100
t4403,i4
t4403,i16
t4403,i80
t4403,i52
t4403,i10
t4404,i55
t4404,i29
t4404,i25
t4405,i75
t4405,i94
t4406,i47
t4406,i43
t4406,i40
t4406,i84
t4406,i76
t4406,i45
t4407,i49
t4407,i70
t4408,i46
t4408,i97
t4408,i49
t4408,i108
t4408,i47
t4408,i60
t4408,i54
t4409,i15
t4409,i89
t4409,i108
t4409,i55
t4409,i72
t4409,i82
t4410,i100
t4411,i54
t4412,i108
t4412,i100
t4412,i69
t4412,i44
t4412,i37
t4412,i70
t4412,i45
t4413,i72
t4413,i25
t4413,i43
t4413,i82
t4414,i43
t4414,i12
t4415,i72
t4416,i38
t4416,i18
t4417,i106
t4417,i18
t4418,i51
t4418,i100
t4418,i72
t4418,i37
t4418,i56
t4418,i48
t4418,i10
t4418,i39
t4419,i61
t4420,i108
t4420,i30
t4420,i54
t4421,i4
t4421,i28
t4421,i37
t4421,i116
t4421,i43
t4421,i30
t4421,i65
t4422,i22
t4423,i74
t4423,i30
t4424,i17
t4424,i25
t4424,i118
t4425,i30
t4426,i15
t4426,i57
t4426,i25
t4427,i37
t4427,i19
t4428,i29
t4428,i30
t4429,i25
t4429,i55
t4429,i72
t4429,i37
t4429,i90
t4429,i65
t4430,i43
t4431,i74
t4431,i33
t4432,i72
t4432,i23
t4432,i25
t4432,i40
t4433,i35
t4433,i49
t4433,i100
t4434,i15
t4434,i72
t4435,i87
t4435,i59
t4435,i108
t4435,i55
t4435,i25
t4435,i54
t4436,i30
t4436,i60
t4437,i46
t4437,i47
t4437,i37
t4437,i60
t4437,i48
t4437,i30
t4437,i33
t4437,i12
t4437,i82
t4437,i39
t4438,i43
t4439,i17
t4439,i56
t4439,i54
t4439,i25
t4439,i22
t4440,i49
t4440,i108
t4440,i83
t4440,i56
t4440,i25
t4440,i43
t4440,i103
t4441,i97
t4441,i49
t4441,i71
t4441,i16
t4441,i17
t4442,i108
t4443,i71
t4444,i55
t4444,i72
t4444,i44
t4444,i104
t4445,i12
t4445,i118
t4446,i15
t4446,i72
t4446,i71
t4446,i81
t4446,i17
t4446,i48
t4446,i64
t4447,i43
t4448,i43
t4448,i39
t4449,i72
t4450,i15
t4450,i49
t4450,i55
t4450,i85
t4450,i100
t4450,i72
t4450,i60
t4450,i103
t4451,i15
t4451,i57
t4451,i71
t4452,i72
t4452,i31
t4452,i43
t4453,i51
t4453,i97
t4453,i100
t4453,i4
t4453,i71
t4454,i72
t4454,i82
t4454,i37
t4454,i48
t4455,i72
t4455,i116
t4456,i37
t4456,i17
t4456,i7
t4456,i43
t4456,i10
t4457,i72
t4457,i40
t4458,i65
t4459,i46
t4459,i49
t4459,i100
t4459,i72
t4459,i71
t4459,i27
t4459,i37
t4459,i63
t4459,i31
t4459,i106
t4459,i54
t4460,i15
t4460,i25
t4460,i44
t4460,i82
t4461,i40
t4462,i51
t4462,i49
t4462,i72
t4462,i82
t4463,i118
t4464,i110
t4464,i49
t4464,i55
t4464,i72
t4464,i23
t4464,i7
t4464,i101
t4465,i40
t4466,i22
t4467,i51
t4467,i43
t4467,i48
t4467,i40
t4467,i84
t4468,i72
t4468,i111
t4468,i25
t4469,i82
t4470,i55
t4470,i107
t4470,i100
t4470,i23
t4470,i92
t4470,i79
t4470,i36
t4470,i54
t4471,i12
t4472,i97
t4472,i55
t4472,i92
t4472,i103
t4473,i51
t4473,i55
t4474,i93
t4474,i54
t4475,i37
t4476,i37
t4476,i43
t4477,i25
t4477,i76
t4478,i51
t4478,i72
t4478,i54
t4479,i38
t4479,i37
t4479,i43
t4479,i70
t4480,i43
t4481,i15
t4481,i72
t4482,i110
t4482,i57
t4482,i69
t4482,i82
t4482,i116
t4482,i23
t4482,i19
t4483,i72
t4483,i65
t4484,i40
t4485,i82
t4486,i57
t4486,i99
t4486,i81
t4486,i9
t4487,i108
t4487,i43
t4487,i30
t4488,i72
t4489,i40
t4489,i84
t4490,i100
t4490,i81
t4490,i37
t4490,i12
t4490,i106
t4490,i65
t4491,i43
t4491,i103
t4492,i16
t4493,i108
t4493,i81
t4493,i44
t4493,i25
t4493,i48
t4493,i60
t4494,i97
t4494,i100
t4494,i72
t4494,i25
t4494,i80
t4494,i88
t4495,i57
t4495,i37
t4495,i60
t4495,i56
t4495,i63
t4495,i57
t4496,i25
t4496,i64
t4497,i98
t4497,i40
t4497,i106
t4498,i100
t4498,i37
t4499,i15
t4499,i82
t4500,i117
t4501,i71
t4502,i51
t4502,i100
t4502,i16
t4503,i75
t4503,i37
t4503,i82
t4504,i59
t4505,i40
t4506,i43
t4507,i37
t4507,i60
t4508,i108
t4508,i25
t4509,i49
t4509,i71
t4509,i13
t4509,i40
t4510,i18
t4511,i40
t4512,i72
t4512,i48
t4512,i103
t4512,i54
t4513,i25
t4513,i49
t4513,i82
t4513,i22
t4514,i30
t4515,i85
t4515,i72
t4516,i100
t4516,i4
t4516,i60
t4516,i29
t4517,i110
t4517,i49
t4517,i100
t4517,i72
t4517,i25
t4517,i111
t4517,i48
t4518,i100
t4518,i72
t4519,i22
t4520,i100
t4520,i23
t4521,i30
t4522,i49
t4522,i100
t4522,i72
t4522,i6
t4522,i116
t4522,i36
t4522,i43
t4522,i22
t4522,i40
t4522,i96
t4523,i48
t4523,i33
t4523,i65
t4524,i115
t4524,i37
t4524,i17
t4524,i48
t4524,i30
t4525,i100
t4525,i116
t4525,i17
t4525,i25
t4525,i30
t4526,i100
t4527,i57
t4527,i71
t4527,i23
t4527,i116
t4527,i57
t4527,i36
t4528,i100
t4528,i72
t4528,i4
t4528,i103
t4529,i46
t4530,i82
t4530,i118
t4531,i110
t4531,i72
t4531,i60
t4531,i116
t4532,i47
t4532,i60
t4532,i23
t4532,i21
t4532,i43
t4532,i48
t4532,i64
t4532,i54
t4533,i37
t4534,i103
t4535,i55
t4535,i107
t4536,i49
t4536,i4
t4536,i71
t4536,i43
t4536,i64
t4537,i88
t4538,i49
t4538,i108
t4538,i47
t4538,i37
t4538,i22
t4538,i48
t4538,i64
t4539,i15
t4539,i71
t4539,i21
t4540,i43
t4540,i95
t4541,i56
t4542,i110
t4542,i100
t4542,i37
t4542,i60
t4542,i43
t4542,i22
t4542,i82
t4542,i88
t4543,i15
t4543,i111
t4543,i54
t4544,i97
t4544,i49
t4544,i108
t4544,i103
t4545,i72
t4545,i71
t4545,i17
t4545,i114
t4545,i43
t4546,i22
t4546,i30
t4547,i49
t4547,i72
t4547,i65
t4547,i54
t4548,i59
t4548,i100
t4548,i40
t4548,i76
t4548,i54
t4549,i100
t4550,i110
t4550,i49
t4550,i108
t4550,i4
t4550,i38
t4550,i82
t4550,i63
t4550,i31
t4550,i86
t4550,i79
t4551,i15
t4551,i108
t4551,i99
t4551,i43
t4551,i30
t4551,i10
t4551,i54
t4552,i72
t4552,i71
t4552,i28
t4552,i25
t4552,i43
t4553,i15
t4553,i46
t4553,i108
t4553,i85
t4553,i100
t4553,i44
t4553,i60
t4553,i25
t4553,i54
t4554,i40
t4555,i21
t4556,i50
t4557,i100
t4557,i56
t4558,i57
t4558,i100
t4558,i61
t4559,i15
t4559,i49
t4559,i25
t4559,i111
t4559,i90
t4559,i48
t4560,i72
t4560,i116
t4561,i49
t4561,i72
t4561,i82
t4561,i76
t4561,i68
t4562,i15
t4562,i16
t4562,i116
t4562,i80
t4562,i30
t4562,i54
t4563,i37
t4563,i17
t4564,i75
t4564,i56
t4565,i35
t4565,i72
t4565,i37
t4565,i43
t4566,i110
t4566,i89
t4566,i49
t4566,i100
t4566,i72
t4566,i71
t4566,i81
t4566,i37
t4566,i20
t4566,i65
t4567,i103
t4567,i70
t4568,i43
t4568,i61
t4568,i10
t4568,i64
t4569,i25
t4569,i4
t4569,i71
t4569,i37
t4569,i31
t4569,i103
t4570,i25
t4570,i49
t4570,i108
t4570,i100
t4571,i15
t4571,i37
t4571,i25
t4571,i43
t4571,i65
t4571,i54
t4572,i43
t4573,i21
t4574,i108
t4574,i69
t4574,i16
t4574,i75
t4574,i37
t4574,i5
t4574,i65
t4575,i8
t4575,i75
t4576,i72
t4576,i60
t4576,i65
t4577,i43
t4578,i25
t4578,i60
t4579,i100
t4579,i99
t4579,i17
t4579,i90
t4579,i106
t4579,i119
t4580,i17
t4580,i74
t4581,i75
t4581,i40
t4581,i113
t4581,i54
t4582,i15
t4583,i97
t4583,i71
t4583,i81
t4583,i54
t4584,i82
t4585,i38
t4586,i25
t4587,i15
t4587,i100
t4587,i4
t4588,i81
t4589,i55
t4589,i100
t4589,i72
t4589,i37
t4589,i23
t4589,i21
t4589,i43
t4589,i88
t4590,i75
t4590,i43
t4591,i57
t4591,i108
t4591,i72
t4591,i99
t4591,i71
t4591,i111
t4591,i17
t4591,i11
t4591,i48
t4591,i40
t4591,i61
t4591,i33
t4591,i65
t4592,i110
t4592,i46
t4592,i49
t4592,i108
t4592,i83
t4592,i100
t4592,i72
t4592,i71
t4592,i1
t4592,i111
t4592,i78
t4592,i116
t4593,i49
t4593,i4
t4593,i71
t4593,i1
t4593,i23
t4593,i37
t4593,i116
t4593,i52
t4593,i48
t4594,i25
t4594,i55
t4594,i100
t4594,i72
t4594,i92
t4594,i82
t4594,i116
t4594,i52
t4595,i55
t4595,i100
t4595,i60
t4595,i41
t4596,i100
t4596,i48
t4596,i61
t4596,i45
t4597,i54
t4597,i105
t4598,i43
t4599,i25
t4599,i51
t4599,i31
t4599,i40
t4600,i75
t4601,i89
t4601,i23
t4601,i116
t4602,i51
t4602,i37
t4603,i75
t4604,i100
t4604,i54
t4604,i43
t4604,i96
t4605,i40
t4606,i22
t4606,i113
t4607,i59
t4607,i49
t4607,i72
t4607,i31
t4607,i43
t4607,i109
t4608,i72
t4608,i57
t4608,i48
t4609,i25
t4609,i71
t4609,i81
t4610,i4
t4610,i118
t4611,i17
t4611,i31
t4611,i54
t4612,i15
t4612,i72
t4612,i71
t4613,i85
t4613,i111
t4614,i49
t4614,i100
t4614,i16
t4614,i82
t4614,i73
t4615,i75
t4616,i43
t4617,i17
t4617,i43
t4618,i57
t4618,i100
t4618,i72
t4618,i44
t4618,i48
t4618,i33
t4619,i72
t4619,i44
t4619,i37
t4619,i25
t4620,i98
t4621,i95
t4622,i108
t4622,i72
t4623,i30
t4624,i86
t4624,i43
t4625,i51
t4625,i71
t4626,i69
t4627,i80
t4628,i57
t4628,i51
t4628,i25
t4628,i116
t4628,i118
t4628,i20
t4629,i49
t4629,i108
t4629,i72
t4629,i23
t4629,i92
t4629,i75
t4629,i25
t4629,i54
t4630,i43
t4630,i30
t4631,i43
t4632,i57
t4632,i72
t4632,i71
t4633,i110
t4633,i49
t4633,i100
t4633,i4
t4633,i16
t4633,i23
t4633,i116
t4633,i17
t4633,i106
t4634,i81
t4634,i92
t4634,i60
t4635,i49
t4635,i55
t4635,i100
t4635,i72
t4635,i75
t4635,i90
t4635,i52
t4635,i43
t4635,i61
t4636,i15
t4636,i65
t4637,i49
t4637,i81
t4637,i106
t4638,i51
t4638,i47
t4638,i30
t4639,i40
t4639,i119
t4640,i72
t4640,i21
t4640,i2
t4640,i54
t4640,i43
t4640,i22
t4640,i82
t4641,i92
t4642,i72
t4642,i47
t4642,i43
t4642,i10
t4642,i82
t4642,i39
t4642,i54
t4643,i15
t4643,i49
t4643,i55
t4643,i100
t4643,i44
t4643,i48
t4643,i33
t4643,i12
t4644,i51
t4644,i100
t4644,i72
t4644,i92
t4644,i116
t4644,i9
t4644,i52
t4644,i94
t4644,i82
t4644,i96
t4645,i59
t4645,i72
t4645,i99
t4645,i60
t4645,i45
t4646,i59
t4646,i118
t4647,i116
t4648,i40
t4649,i15
t4649,i49
t4649,i71
t4649,i111
t4649,i21
t4649,i25
t4649,i43
t4649,i40
t4649,i12
t4650,i108
t4650,i100
t4650,i72
t4650,i25
t4650,i81
t4650,i1
t4650,i17
t4650,i106
t4650,i45
t4651,i110
t4651,i37
t4652,i16
t4652,i7
t4653,i72
t4653,i116
t4654,i69
t4654,i116
t4655,i72
t4656,i107
t4656,i72
t4656,i99
t4656,i21
t4656,i43
t4657,i99
t4657,i23
t4657,i31
t4657,i43
t4658,i51
t4658,i59
t4658,i100
t4658,i72
t4658,i71
t4658,i31
t4658,i48
t4659,i89
t4660,i89
t4660,i85
t4660,i75
t4660,i22
t4660,i54
t4661,i55
t4661,i85
t4661,i4
t4661,i6
t4661,i116
t4661,i13
t4661,i36
t4661,i25
t4661,i48
t4661,i40
t4661,i101
t4662,i25
t4662,i28
t4662,i75
t4662,i37
t4662,i43
t4662,i33
t4662,i82
t4662,i50
t4663,i16
t4663,i23
t4663,i54
t4663,i30
t4664,i72
t4664,i21
t4665,i30
t4665,i39
t4666,i72
t4666,i37
t4666,i30
t4666,i103
t4667,i80
t4668,i15
t4668,i57
t4668,i115
t4668,i85
t4668,i100
t4668,i8
t4668,i44
t4668,i23
t4668,i6
t4668,i111
t4668,i82
t4668,i37
t4668,i7
t4668,i36
t4668,i54
t4669,i110
t4669,i6
t4669,i31
t4669,i7
t4669,i62
t4669,i70
t4670,i1
t4670,i37
t4671,i15
t4671,i57
t4671,i72
t4671,i99
t4671,i4
t4671,i71
t4671,i116
t4671,i96
t4671,i5
t4672,i25
t4672,i108
t4672,i72
t4672,i4
t4672,i31
t4672,i43
t4672,i30
t4672,i84
t4672,i65
t4673,i69
t4673,i71
t4674,i15
t4674,i115
t4674,i1
t4674,i23
t4675,i25
t4675,i71
t4676,i51
t4676,i100
t4677,i21
t4678,i89
t4678,i115
t4678,i100
t4678,i16
t4678,i44
t4678,i47
t4678,i52
t4678,i43
t4678,i12
t4678,i39
t4678,i65
t4679,i49
t4679,i72
t4679,i65
t4680,i72
t4680,i71
t4680,i38
t4680,i37
t4680,i25
t4680,i48
t4681,i58
t4681,i65
t4681,i60
t4682,i37
t4682,i17
t4682,i56
t4683,i49
t4683,i72
t4684,i4
t4684,i8
t4684,i116
t4684,i17
t4684,i43
t4684,i33
t4684,i106
t4684,i54
t4685,i65
t4686,i25
t4687,i100
t4687,i72
t4687,i104
t4688,i48
t4689,i82
t4689,i39
t4689,i64
t4689,i45
t4689,i119
t4690,i31
t4690,i22
t4691,i66
t4692,i13
t4692,i61
t4693,i65
t4694,i55
t4695,i108
t4695,i22
t4695,i103
t4695,i118
t4695,i54
t4696,i15
t4696,i28
t4696,i82
t4696,i43
t4696,i54
t4697,i100
t4697,i72
t4697,i61
t4698,i49
t4698,i108
t4698,i55
t4698,i85
t4698,i100
t4698,i72
t4698,i81
t4698,i22
t4698,i48
t4698,i76
t4698,i61
t4698,i88
t4698,i54
t4699,i65
t4700,i110
t4700,i47
t4700,i43
t4701,i48
t4702,i46
t4702,i72
t4702,i44
t4702,i31
t4702,i54
t4702,i48
t4703,i110
t4703,i59
t4703,i72
t4704,i103
t4704,i39
t4705,i97
t4705,i37
t4705,i43
t4705,i103
t4705,i54
t4706,i30
t4707,i30
t4708,i30
t4709,i16
t4709,i43
t4709,i88
t4710,i97
t4710,i108
t4710,i100
t4710,i72
t4710,i99
t4710,i78
t4710,i82
t4710,i79
t4710,i113
t4711,i72
t4711,i40
t4711,i95
t4711,i106
t4712,i97
t4713,i30
t4714,i4
t4715,i46
t4715,i72
t4715,i4
t4715,i37
t4715,i22
t4715,i12
t4716,i57
t4716,i37
t4716,i22
t4717,i108
t4717,i37
t4718,i16
t4718,i82
t4718,i37
t4718,i48
t4718,i65
t4719,i30
t4720,i100
t4720,i72
t4720,i69
t4720,i31
t4721,i72
t4721,i69
t4721,i23
t4721,i54
t4722,i15
t4722,i108
t4722,i55
t4722,i72
t4722,i28
t4722,i37
t4722,i31
t4722,i25
t4723,i30
t4724,i71
t4724,i37
t4725,i40
t4726,i30
t4726,i54
t4727,i51
t4727,i49
t4727,i108
t4727,i100
t4727,i81
t4727,i82
t4727,i50
t4727,i54
t4728,i30
t4729,i108
t4729,i43
t4730,i57
t4730,i51
t4730,i8
t4730,i80
t4730,i31
t4730,i70
t4731,i51
t4731,i108
t4731,i92
t4731,i116
t4732,i100
t4732,i72
t4732,i6
t4732,i102
t4732,i17
t4732,i31
t4732,i41
t4733,i72
t4733,i82
t4734,i15
t4734,i25
t4735,i22
t4736,i25
t4736,i65
t4737,i59
t4737,i108
t4737,i72
t4737,i25
t4737,i99
t4737,i71
t4737,i42
t4737,i60
t4737,i88
t4738,i49
t4738,i25
t4738,i22
t4738,i65
t4739,i37
t4739,i116
t4739,i43
t4739,i22
t4739,i40
t4740,i30
t4741,i15
t4741,i100
t4741,i71
t4741,i37
t4741,i43
t4741,i30
t4742,i1
t4742,i82
t4742,i37
t4742,i25
t4742,i43
t4742,i73
t4743,i51
t4743,i100
t4743,i72
t4743,i23
t4743,i78
t4743,i37
t4743,i17
t4744,i43
t4745,i37
t4746,i43
t4746,i40
t4747,i82
t4748,i46
t4748,i110
t4748,i92
t4748,i17
t4749,i100
t4749,i72
t4749,i31
t4749,i79
t4749,i61
t4749,i54
t4750,i30
t4751,i30
t4752,i30
t4753,i49
t4753,i108
t4753,i55
t4753,i100
t4753,i72
t4753,i99
t4753,i71
t4753,i105
t4753,i25
t4753,i61
t4753,i20
t4753,i65
t4754,i49
t4754,i72
t4754,i38
t4754,i43
t4754,i61
t4754,i39
t4754,i65
t4755,i30
t4755,i12
t4756,i30
t4756,i39
t4757,i25
t4757,i43
t4758,i110
t4758,i89
t4758,i83
t4758,i100
t4758,i72
t4758,i69
t4758,i81
t4758,i6
t4758,i60
t4758,i9
t4758,i26
t4758,i61
t4758,i12
t4758,i82
t4759,i54
t4760,i49
t4760,i100
t4760,i23
t4760,i41
t4760,i33
t4761,i97
t4761,i99
t4761,i71
t4761,i65
t4762,i72
t4762,i99
t4762,i80
t4762,i31
t4762,i60
t4763,i59
t4763,i55
t4763,i43
t4763,i48
t4763,i88
t4763,i65
t4764,i48
t4764,i73
t4765,i110
t4765,i15
t4765,i49
t4765,i55
t4765,i72
t4765,i17
t4766,i59
t4766,i97
t4766,i55
t4766,i72
t4766,i25
t4766,i65
t4767,i59
t4767,i72
t4767,i17
t4767,i63
t4767,i19
t4768,i30
t4769,i30
t4770,i37
t4771,i100
t4771,i23
t4772,i15
t4772,i72
t4772,i28
t4772,i6
t4772,i37
t4772,i17
t4772,i19
t4772,i25
t4772,i54
t4773,i37
t4774,i71
t4774,i53
t4774,i37
t4774,i17
t4774,i43
t4774,i48
t4774,i45
t4775,i51
t4775,i72
t4775,i17
t4775,i23
t4775,i65
t4776,i49
t4776,i55
t4776,i72
t4776,i71
t4776,i81
t4776,i37
t4776,i31
t4776,i23
t4776,i86
t4776,i25
t4777,i37
t4777,i31
t4777,i25
t4777,i67
t4777,i76
t4777,i33
t4777,i12
t4777,i82
t4778,i89
t4778,i72
t4778,i22
t4778,i76
t4779,i108
t4779,i17
t4780,i72
t4780,i25
t4780,i40
t4780,i65
t4781,i17
t4782,i72
t4782,i23
t4782,i21
t4783,i15
t4783,i55
t4783,i72
t4783,i81
t4783,i37
t4783,i7
t4784,i30
t4785,i59
t4785,i37
t4786,i30
t4787,i110
t4787,i59
t4787,i100
t4787,i23
t4787,i82
t4787,i41
t4787,i61
t4787,i54
t4788,i17
t4788,i54
t4788,i103
t4789,i15
t4789,i51
t4789,i44
t4789,i37
t4789,i19
t4789,i93
t4790,i49
t4790,i25
t4791,i72
t4792,i15
t4792,i51
t4792,i22
t4793,i55
t4793,i100
t4793,i23
t4793,i82
t4794,i111
t4795,i100
t4795,i25
t4795,i30
t4795,i103
t4795,i65
t4796,i25
t4796,i89
t4796,i107
t4796,i4
t4796,i38
t4796,i80
t4796,i43
t4796,i93
t4797,i25
t4797,i30
t4798,i72
t4798,i71
t4799,i100
t4799,i117
t4799,i116
t4799,i17
t4799,i65
t4800,i40
t4801,i100
t4801,i72
t4802,i48
t4802,i12
t4803,i22
t4804,i108
t4804,i17
t4804,i31
t4805,i15
t4805,i25
t4805,i100
t4805,i72
t4805,i81
t4805,i82
t4805,i37
t4805,i68
t4806,i55
t4806,i72
t4806,i44
t4806,i26
t4806,i25
t4806,i48
t4807,i98
t4807,i21
t4807,i93
t4808,i49
t4808,i71
t4808,i16
t4808,i25
t4808,i43
t4809,i55
t4809,i37
t4810,i30
t4811,i59
t4811,i108
t4811,i55
t4811,i72
t4811,i8
t4811,i40
t4811,i88
t4812,i89
t4812,i55
t4812,i72
t4812,i71
t4812,i116
t4812,i17
t4812,i40
t4812,i118
t4812,i119
t4813,i100
t4813,i75
t4813,i116
t4813,i43
t4813,i68
t4813,i65
t4814,i95
t4815,i108
t4815,i55
t4815,i92
t4815,i37
t4815,i56
t4815,i43
t4815,i22
t4815,i65
t4816,i65
t4817,i110
t4817,i49
t4817,i55
t4817,i100
t4817,i25
t4817,i81
t4817,i44
t4817,i62
t4817,i48
t4817,i64
t4817,i45
t4818,i37
t4818,i31
t4818,i25
t4818,i40
t4819,i15
t4819,i43
t4820,i59
t4820,i31
t4820,i40
t4820,i119
t4821,i72
t4821,i71
t4821,i116
t4821,i82
t4821,i65
t4822,i72
t4822,i37
t4822,i41
t4822,i82
t4823,i108
t4823,i72
t4823,i92
t4823,i25
t4824,i57
t4824,i72
t4824,i37
t4825,i89
t4825,i72
t4825,i78
t4825,i75
t4825,i26
t4825,i61
t4825,i20
t4826,i18
t4827,i100
t4828,i55
t4828,i60
t4828,i116
t4829,i100
t4829,i60
t4829,i19
t4829,i43
t4829,i54
t4830,i97
t4830,i108
t4830,i100
t4830,i72
t4830,i92
t4830,i25
t4831,i59
t4832,i110
t4832,i72
t4832,i71
t4832,i92
t4832,i54
t4832,i25
t4832,i40
t4833,i46
t4833,i59
t4833,i49
t4833,i21
t4834,i43
t4834,i40
t4834,i39
t4835,i40
t4835,i65
t4836,i43
t4836,i40
t4837,i110
t4837,i51
t4837,i59
t4837,i107
t4837,i100
t4837,i8
t4837,i92
t4837,i37
t4837,i90
t4838,i51
t4839,i97
t4839,i49
t4839,i108
t4839,i100
t4839,i99
t4839,i69
t4839,i16
t4839,i111
t4839,i116
t4839,i56
t4839,i32
t4839,i48
t4839,i106
t4840,i83
t4840,i100
t4840,i72
t4840,i23
t4841,i100
t4841,i72
t4841,i25
t4841,i82
t4841,i12
t4841,i64
t4841,i70
t4841,i88
t4842,i55
t4842,i100
t4842,i72
t4842,i71
t4842,i81
t4842,i63
t4842,i33
t4842,i54
t4843,i49
t4844,i37
t4845,i97
t4845,i100
t4846,i25
t4846,i59
t4846,i100
t4847,i49
t4847,i81
t4847,i25
t4847,i43
t4847,i40
t4847,i73
t4848,i49
t4848,i72
t4848,i26
t4848,i114
t4848,i82
t4848,i65
t4849,i100
t4849,i44
t4849,i65
t4850,i31
t4850,i22
t4850,i40
t4851,i51
t4851,i72
t4851,i25
t4851,i82
t4851,i31
t4851,i65
t4852,i110
t4852,i89
t4852,i16
t4852,i6
t4852,i37
t4852,i17
t4852,i7
t4852,i62
t4852,i86
t4852,i43
t4852,i93
t4852,i96
t4852,i54
t4853,i46
t4853,i25
t4853,i55
t4853,i85
t4853,i100
t4853,i71
t4853,i81
t4853,i1
t4853,i92
t4853,i111
t4853,i75
t4853,i65
t4854,i25
t4855,i30
t4856,i102
t4856,i37
t4856,i116
t4857,i108
t4858,i100
t4858,i72
t4858,i31
t4859,i25
t4859,i49
t4859,i55
t4859,i100
t4859,i72
t4859,i4
t4859,i71
t4859,i17
t4859,i65
t4860,i108
t4860,i100
t4860,i48
t4861,i110
t4861,i97
t4861,i100
t4861,i69
t4861,i71
t4861,i81
t4861,i37
t4861,i116
t4861,i19
t4861,i36
t4861,i105
t4862,i111
t4862,i75
t4862,i102
t4863,i55
t4863,i85
t4863,i72
t4863,i99
t4863,i71
t4863,i81
t4863,i8
t4863,i23
t4863,i27
t4863,i78
t4863,i37
t4863,i12
t4864,i59
t4865,i15
t4865,i99
t4865,i47
t4865,i17
t4866,i72
t4866,i78
t4866,i37
t4866,i19
t4867,i59
t4867,i55
t4867,i100
t4867,i72
t4867,i71
t4867,i81
t4867,i23
t4867,i21
t4867,i45
t4868,i51
t4868,i82
t4868,i43
t4869,i110
t4869,i46
t4869,i49
t4869,i71
t4869,i27
t4869,i78
t4869,i98
t4869,i31
t4869,i48
t4870,i37
t4870,i36
t4870,i30
t4871,i30
t4871,i65
t4872,i6
t4872,i37
t4872,i43
t4872,i118
t4873,i37
t4873,i48
t4874,i15
t4874,i1
t4874,i30
t4875,i44
t4875,i109
t4876,i110
t4876,i72
t4876,i60
t4876,i31
t4876,i40
t4876,i88
t4876,i73
t4877,i110
t4877,i57
t4877,i72
t4877,i81
t4877,i16
t4877,i44
t4877,i54
t4877,i12
t4877,i45
t4878,i25
t4878,i65
t4879,i15
t4879,i108
t4879,i72
t4879,i60
t4879,i13
t4879,i90
t4879,i80
t4879,i23
t4879,i25
t4879,i43
t4879,i40
t4880,i72
t4881,i97
t4881,i82
t4881,i79
t4882,i51
t4883,i42
t4883,i31
t4883,i48
t4883,i30
t4884,i116
t4884,i30
t4885,i110
t4885,i15
t4885,i37
t4885,i116
t4885,i43
t4885,i54
t4886,i82
t4886,i118
t4887,i15
t4887,i55
t4887,i38
t4887,i37
t4887,i43
t4888,i100
t4888,i72
t4888,i71
t4888,i37
t4888,i91
t4888,i106
t4889,i51
t4889,i56
t4889,i43
t4889,i60
t4890,i100
t4890,i72
t4890,i99
t4890,i81
t4890,i92
t4890,i9
t4890,i56
t4890,i61
t4890,i70
t4891,i110
t4891,i97
t4891,i37
t4891,i43
t4892,i59
t4892,i55
t4892,i92
t4892,i116
t4892,i22
t4893,i51
t4893,i80
t4893,i26
t4893,i54
t4893,i43
t4893,i30
t4893,i95
t4893,i64
t4893,i65
t4894,i60
t4894,i22
t4894,i33
t4895,i4
t4896,i108
t4896,i55
t4896,i16
t4896,i42
t4896,i78
t4896,i64
t4897,i15
t4897,i49
t4897,i72
t4897,i81
t4897,i104
t4897,i43
t4898,i110
t4898,i37
t4898,i25
t4899,i25
t4899,i83
t4899,i55
t4899,i72
t4899,i82
t4899,i88
t4899,i65
t4900,i100
t4901,i68
t4902,i51
t4902,i72
t4902,i25
t4902,i43
t4902,i45
t4903,i38
t4903,i65
t4904,i25
t4904,i116
t4904,i70
t4905,i110
t4905,i72
t4905,i23
t4905,i118
t4906,i115
t4906,i100
t4906,i71
t4906,i81
t4906,i25
t4906,i12
t4906,i70
t4907,i97
t4907,i55
t4907,i100
t4908,i30
t4909,i30
t4910,i49
t4910,i99
t4911,i72
t4911,i116
t4911,i29
t4911,i82
t4911,i106
t4911,i73
t4912,i72
t4912,i37
t4912,i43
t4912,i30
t4912,i84
t4912,i54
t4913,i100
t4913,i40
t4913,i68
t4914,i97
t4914,i55
t4914,i100
t4914,i72
t4915,i51
t4915,i59
t4915,i55
t4915,i100
t4915,i72
t4915,i16
t4915,i92
t4915,i90
t4915,i41
t4915,i29
t4915,i43
t4916,i59
t4916,i100
t4916,i81
t4916,i65
t4917,i57
t4917,i108
t4917,i100
t4917,i116
t4917,i9
t4917,i43
t4918,i30
t4919,i72
t4919,i25
t4919,i37
t4920,i27
t4920,i25
t4920,i22
t4921,i97
t4921,i49
t4921,i85
t4921,i16
t4921,i74
t4921,i25
t4921,i43
t4921,i48
t4921,i40
t4921,i61
t4921,i65
t4922,i72
t4922,i25
t4923,i23
t4924,i25
t4924,i92
t4924,i111
t4924,i53
t4925,i97
t4925,i49
t4925,i100
t4925,i72
t4925,i99
t4925,i37
t4926,i15
t4926,i25
t4926,i107
t4926,i100
t4926,i72
t4926,i81
t4926,i1
t4926,i82
t4926,i37
t4926,i116
t4926,i31
t4926,i43
t4926,i12
t4926,i50
t4927,i72
t4927,i37
t4928,i72
t4929,i37
t4930,i51
t4930,i55
t4930,i72
t4930,i82
t4930,i90
t4930,i62
t4930,i106
t4930,i65
t4931,i55
t4931,i85
t4931,i72
t4931,i81
t4931,i19
t4932,i97
t4932,i55
t4932,i100
t4932,i72
t4932,i31
t4932,i106
t4933,i97
t4933,i49
t4933,i72
t4933,i71
t4933,i81
t4934,i72
t4934,i69
t4935,i51
t4935,i59
t4935,i100
t4935,i81
t4935,i12
t4935,i103
t4936,i97
t4936,i100
t4936,i25
t4936,i48
t4936,i54
t4937,i110
t4937,i108
t4937,i55
t4937,i100
t4937,i99
t4937,i69
t4937,i28
t4937,i24
t4937,i68
t4938,i97
t4938,i100
t4938,i71
t4939,i15
t4939,i57
t4939,i51
t4939,i59
t4939,i55
t4939,i100
t4939,i16
t4939,i63
t4939,i88
t4939,i54
t4940,i100
t4940,i72
t4940,i71
t4940,i37
t4941,i85
t4941,i100
t4941,i37
t4941,i54
t4941,i118
t4942,i89
t4942,i4
t4942,i43
t4942,i48
t4943,i110
t4943,i99
t4943,i37
t4943,i116
t4943,i7
t4943,i64
t4944,i30
t4944,i60
t4945,i25
t4945,i30
t4945,i22
t4946,i43
t4947,i110
t4947,i100
t4947,i25
t4947,i37
t4947,i17
t4947,i80
t4948,i37
t4948,i48
t4949,i92
t4949,i37
t4950,i100
t4950,i99
t4950,i31
t4951,i51
t4951,i89
t4951,i49
t4951,i108
t4951,i100
t4951,i81
t4951,i38
t4951,i60
t4952,i43
t4953,i15
t4953,i37
t4953,i17
t4953,i25
t4954,i72
t4954,i81
t4954,i82
t4954,i60
t4954,i18
t4955,i65
t4956,i54
t4957,i89
t4957,i55
t4957,i100
t4957,i72
t4957,i1
t4958,i110
t4958,i108
t4958,i100
t4958,i72
t4958,i92
t4959,i15
t4959,i49
t4959,i100
t4959,i38
t4959,i47
t4959,i37
t4959,i43
t4959,i103
t4960,i72
t4960,i69
t4960,i13
t4960,i23
t4960,i43
t4960,i33
t4960,i12
t4961,i100
t4961,i72
t4961,i25
t4962,i54
t4963,i51
t4963,i72
t4963,i27
t4963,i92
t4963,i21
t4964,i51
t4964,i43
t4965,i59
t4965,i89
t4965,i100
t4965,i1
t4966,i72
t4966,i40
t4967,i43
t4968,i30
t4969,i59
t4969,i115
t4969,i55
t4969,i85
t4969,i63
t4969,i7
t4969,i43
t4969,i40
t4969,i61
t4969,i101
t4970,i110
t4970,i87
t4970,i25
t4970,i100
t4970,i72
t4970,i99
t4970,i63
t4970,i90
t4970,i61
t4971,i100
t4972,i100
t4972,i72
t4972,i99
t4972,i71
t4972,i23
t4972,i17
t4972,i61
t4973,i55
t4973,i72
t4973,i82
t4973,i91
t4973,i65
t4974,i108
t4974,i43
t4974,i40
t4974,i30
t4974,i12
t4974,i82
t4975,i15
t4975,i51
t4975,i49
t4975,i55
t4975,i107
t4975,i72
t4975,i99
t4975,i71
t4975,i81
t4975,i103
t4975,i5
t4975,i65
t4976,i100
t4976,i25
t4976,i43
t4976,i40
t4976,i84
t4976,i67
t4976,i50
t4976,i106
t4976,i65
t4977,i51
t4978,i57
t4978,i72
t4978,i1
t4978,i116
t4978,i17
t4978,i48
t4978,i65
t4979,i51
t4979,i100
t4979,i72
t4979,i25
t4979,i81
t4979,i44
t4979,i21
t4979,i2
t4979,i54
t4979,i84
t4979,i45
t4979,i113
t4979,i20
t4980,i4
t4980,i37
t4980,i45
t4980,i65
t4980,i54
t4981,i100
t4981,i23
t4981,i31
t4981,i52
t4981,i40
t4982,i42
t4982,i37
t4982,i116
t4982,i54
t4982,i25
t4982,i43
t4983,i75
t4983,i116
t4984,i25
t4984,i72
t4984,i111
t4984,i82
t4984,i116
t4984,i62
t4984,i29
t4984,i22
t4984,i45
t4985,i55
t4985,i72
t4985,i42
t4985,i92
t4985,i37
t4985,i60
t4986,i89
t4987,i16
t4987,i75
t4987,i25
t4987,i43
t4987,i54
t4988,i110
t4988,i15
t4988,i25
t4988,i97
t4988,i55
t4988,i100
t4988,i92
t4988,i90
t4988,i65
t4989,i17
t4989,i43
t4990,i100
t4990,i37
t4990,i40
t4991,i85
t4991,i100
t4991,i43
t4991,i48
t4992,i17
t4992,i30
t4992,i5
t4992,i65
t4993,i97
t4993,i55
t4993,i72
t4993,i71
t4993,i81
t4993,i42
t4993,i37
t4993,i63
t4993,i33
t4994,i89
t4995,i72
t4995,i60
t4995,i63
t4995,i23
t4995,i73
t4996,i54
t4997,i97
t4997,i55
t4997,i31
t4997,i22
t4997,i33
t4997,i12
t4998,i97
t4998,i55
t4998,i107
t4998,i100
t4998,i25
t4998,i81
t4998,i6
t4998,i67
t4998,i12
t4999,i25
t4999,i71
t4999,i81
t4999,i53
t4999,i43
t4999,i73
t5000,i40
t5001,i118
t5002,i100
t5002,i72
t5002,i71
t5003,i51
t5003,i55
t5003,i72
t5003,i16
t5003,i111
t5003,i58
t5003,i54
t5004,i72
t5005,i59
t5005,i49
t5005,i108
t5005,i55
t5005,i100
t5005,i72
t5005,i71
t5005,i81
t5005,i6
t5006,i15
t5006,i57
t5006,i49
t5006,i37
t5006,i31
t5006,i25
t5006,i40
t5006,i106
t5006,i54
t5007,i55
t5007,i107
t5007,i100
t5007,i72
t5007,i69
t5007,i81
t5007,i54
t5008,i110
t5008,i59
t5008,i100
t5008,i81
t5008,i41
t5008,i21
t5008,i82
t5008,i60
t5009,i43
t5010,i55
t5010,i107
t5010,i72
t5010,i25
t5010,i99
t5010,i37
t5010,i43
t5010,i82
t5010,i64
t5011,i15
t5011,i72
t5011,i56
t5011,i63
t5011,i48
t5011,i45
t5012,i17
t5012,i43
t5012,i30
t5012,i22
t5012,i65
t5013,i15
t5013,i97
t5013,i108
t5013,i72
t5013,i4
t5013,i82
t5013,i116
t5013,i31
t5013,i118
t5014,i71
t5014,i37
t5015,i108
t5015,i55
t5015,i100
t5015,i72
t5015,i25
t5015,i81
t5015,i1
t5015,i82
t5015,i24
t5015,i54
t5015,i88
t5016,i46
t5016,i25
t5016,i97
t5016,i100
t5016,i72
t5016,i71
t5016,i81
t5016,i40
t5016,i82
t5016,i58
t5016,i73
t5017,i57
t5017,i72
t5017,i4
t5017,i8
t5017,i111
t5017,i37
t5017,i22
t5017,i33
t5017,i82
t5017,i39
t5018,i100
t5018,i25
t5018,i48
t5018,i61
t5018,i82
t5019,i57
t5019,i25
t5019,i97
t5019,i100
t5019,i72
t5019,i71
t5019,i92
t5019,i60
t5019,i45
t5020,i37
t5021,i25
t5021,i89
t5021,i83
t5021,i100
t5021,i81
t5021,i116
t5021,i30
t5021,i94
t5021,i119
t5022,i15
t5022,i55
t5022,i72
t5022,i71
t5023,i30
t5024,i71
t5025,i25
t5025,i89
t5025,i100
t5025,i92
t5025,i37
t5025,i17
t5026,i89
t5026,i54
t5027,i72
t5027,i99
t5027,i17
t5028,i110
t5028,i108
t5028,i72
t5028,i43
t5029,i65
t5030,i72
t5030,i6
t5030,i43
t5030,i65
t5031,i37
t5031,i30
t5032,i100
t5032,i72
t5032,i71
t5032,i81
t5032,i37
t5032,i12
t5032,i70
t5033,i15
t5033,i25
t5034,i30
t5035,i49
t5035,i115
t5035,i55
t5035,i100
t5035,i72
t5035,i23
t5035,i111
t5035,i60
t5035,i43
t5035,i61
t5035,i45
t5035,i54
t5036,i42
t5036,i43
t5037,i31
t5037,i33
t5037,i109
t5038,i72
t5038,i2
t5039,i71
t5039,i25
t5039,i30
t5039,i45
t5040,i47
t5040,i37
t5040,i43
t5040,i119
t5041,i83
t5041,i37
t5041,i17
t5041,i40
t5042,i30
t5043,i43
t5044,i72
t5044,i37
t5044,i65
t5045,i15
t5045,i100
t5045,i72
t5045,i71
t5045,i34
t5045,i92
t5045,i102
t5045,i9
t5045,i90
t5045,i21
t5045,i22
t5045,i48
t5045,i40
t5045,i61
t5045,i118
t5046,i51
t5046,i38
t5046,i60
t5047,i51
t5047,i108
t5047,i55
t5047,i99
t5047,i71
t5047,i81
t5047,i16
t5047,i82
t5047,i13
t5047,i31
t5047,i62
t5048,i110
t5048,i59
t5048,i56
t5049,i100
t5049,i45
t5050,i81
t5051,i44
t5051,i13
t5051,i52
t5052,i51
t5052,i89
t5052,i100
t5052,i72
t5052,i116
t5052,i31
t5052,i25
t5052,i40
t5052,i119
t5053,i97
t5053,i115
t5053,i99
t5053,i71
t5053,i43
t5054,i15
t5054,i73
t5055,i97
t5055,i100
t5055,i111
t5055,i82
t5055,i48
t5055,i73
t5056,i100
t5056,i27
t5057,i86
t5057,i33
t5057,i118
t5057,i66
t5057,i68
t5058,i15
t5058,i55
t5058,i75
t5058,i60
t5058,i13
t5059,i110
t5059,i108
t5059,i44
t5059,i25
t5059,i82
t5060,i25
t5060,i119
t5061,i100
t5061,i65
t5062,i25
t5062,i110
t5062,i97
t5062,i49
t5062,i115
t5062,i85
t5062,i72
t5062,i71
t5062,i81
t5062,i37
t5062,i17
t5062,i31
t5062,i21
t5062,i43
t5062,i73
t5063,i25
t5063,i100
t5063,i4
t5063,i43
t5064,i108
t5064,i72
t5064,i71
t5064,i104
t5064,i82
t5064,i61
t5064,i18
t5065,i15
t5065,i25
t5065,i51
t5065,i55
t5065,i100
t5065,i72
t5065,i37
t5065,i48
t5065,i30
t5066,i46
t5066,i59
t5066,i100
t5066,i71
t5066,i36
t5067,i100
t5068,i15
t5068,i97
t5068,i100
t5069,i49
t5069,i100
t5069,i72
t5069,i4
t5069,i25
t5069,i43
t5069,i30
t5069,i70
t5070,i46
t5070,i49
t5070,i65
t5071,i49
t5071,i37
t5071,i82
t5071,i50
t5071,i65
t5072,i30
t5073,i23
t5073,i22
t5073,i65
t5074,i25
t5074,i43
t5075,i72
t5075,i71
t5075,i40
t5076,i108
t5076,i100
t5076,i69
t5076,i104
t5076,i92
t5076,i60
t5076,i23
t5076,i54
t5077,i37
t5077,i54
t5077,i61
t5077,i33
t5077,i12
t5078,i72
t5078,i81
t5078,i82
t5078,i25
t5078,i43
t5078,i118
t5078,i73
t5079,i89
t5079,i115
t5079,i100
t5080,i43
t5080,i64
t5081,i81
t5081,i33
t5081,i45
t5081,i73
t5082,i15
t5082,i100
t5082,i95
t5082,i76
t5083,i85
t5083,i100
t5084,i15
t5084,i59
t5084,i97
t5084,i49
t5084,i115
t5084,i55
t5084,i72
t5084,i60
t5084,i116
t5084,i48
t5084,i40
t5084,i66
t5085,i55
t5085,i100
t5085,i72
t5085,i17
t5085,i66
t5085,i54
t5086,i72
t5086,i99
t5086,i43
t5086,i73
t5086,i54
t5087,i110
t5087,i57
t5087,i59
t5087,i100
t5087,i92
t5087,i60
t5087,i17
t5087,i24
t5087,i19
t5087,i21
t5087,i43
t5088,i16
t5088,i25
t5088,i103
t5088,i66
t5088,i54
t5089,i92
t5089,i43
t5090,i108
t5090,i111
t5090,i75
t5090,i48
t5091,i49
t5091,i55
t5091,i82
t5092,i57
t5092,i15
t5092,i97
t5092,i72
t5092,i80
t5092,i24
t5093,i100
t5093,i60
t5093,i43
t5093,i40
t5094,i55
t5094,i100
t5094,i94
t5094,i101
t5094,i54
t5095,i43
t5096,i31
t5096,i43
t5097,i110
t5097,i59
t5097,i108
t5097,i55
t5097,i100
t5097,i99
t5097,i71
t5097,i31
t5097,i23
t5098,i82
t5098,i17
t5099,i42
t5099,i17
t5099,i91
t5099,i54
t5100,i30
t5100,i54
t5101,i110
t5101,i57
t5101,i51
t5101,i97
t5101,i71
t5101,i81
t5101,i92
t5101,i102
t5101,i43
t5101,i60
t5102,i51
t5102,i49
t5102,i71
t5102,i23
t5102,i25
t5103,i72
t5104,i49
t5104,i72
t5104,i38
t5104,i37
t5105,i51
t5105,i49
t5105,i71
t5105,i60
t5105,i48
t5106,i55
t5106,i100
t5106,i118
t5107,i97
t5107,i43
t5107,i22
t5108,i68
t5109,i108
t5110,i46
t5110,i108
t5110,i71
t5110,i111
t5110,i25
t5110,i43
t5110,i45
t5111,i12
t5111,i65
t5112,i38
t5112,i16
t5112,i98
t5112,i22
t5113,i38
t5114,i97
t5114,i108
t5114,i115
t5114,i78
t5114,i60
t5114,i17
t5114,i33
t5114,i12
t5114,i39
t5114,i65
t5115,i75
t5115,i60
t5115,i76
t5115,i61
t5115,i82
t5115,i118
t5115,i96
t5116,i61
t5116,i82
t5117,i37
t5118,i60
t5118,i116
t5119,i49
t5119,i108
t5119,i115
t5119,i75
t5119,i60
t5120,i82
t5121,i72
t5121,i92
t5121,i17
t5121,i3
t5122,i71
t5123,i54
t5123,i76
t5124,i43
t5125,i69
t5125,i44
t5125,i74
t5126,i51
t5126,i55
t5126,i100
t5126,i17
t5127,i42
t5127,i37
t5127,i54
t5127,i25
t5127,i43
t5127,i22
t5127,i10
t5128,i23
t5128,i54
t5129,i110
t5129,i15
t5129,i85
t5129,i100
t5129,i99
t5129,i4
t5129,i42
t5129,i8
t5129,i37
t5129,i17
t5129,i11
t5129,i43
t5129,i67
t5129,i118
t5129,i54
t5130,i15
t5130,i117
t5130,i71
t5130,i37
t5130,i70
t5131,i25
t5132,i15
t5132,i59
t5132,i49
t5132,i55
t5132,i100
t5132,i72
t5132,i116
t5132,i65
t5133,i61
t5134,i85
t5134,i72
t5134,i30
t5134,i106
t5134,i54
t5135,i49
t5135,i72
t5135,i71
t5135,i75
t5135,i25
t5135,i43
t5135,i106
t5135,i45
t5136,i24
t5136,i52
t5137,i72
t5138,i25
t5138,i43
t5138,i91
t5139,i100
t5139,i72
t5139,i116
t5140,i43
t5140,i40
t5140,i84
t5141,i110
t5141,i100
t5142,i82
t5142,i17
t5142,i106
t5143,i27
t5143,i40
t5144,i25
t5144,i44
t5144,i60
t5144,i82
t5144,i64
t5145,i72
t5145,i23
t5145,i9
t5145,i45
t5145,i113
t5145,i66
t5146,i17
t5147,i49
t5147,i80
t5148,i22
t5148,i30
t5149,i100
t5150,i55
t5150,i40
t5150,i82
t5151,i46
t5151,i49
t5151,i29
t5151,i43
t5151,i30
t5152,i37
t5153,i17
t5153,i43
t5154,i48
t5155,i103
t5156,i15
t5156,i55
t5156,i117
t5156,i71
t5156,i102
t5156,i116
t5156,i43
t5156,i64
t5157,i100
t5157,i42
t5157,i54
t5157,i88
t5158,i72
t5158,i17
t5159,i55
t5159,i85
t5159,i100
t5159,i72
t5160,i75
t5160,i60
t5161,i30
t5162,i49
t5162,i100
t5162,i71
t5162,i103
t5163,i97
t5163,i100
t5163,i117
t5163,i71
t5163,i31
t5163,i23
t5163,i41
t5163,i109
t5164,i118
t5164,i18
t5165,i64
t5166,i31
t5166,i19
t5166,i54
t5166,i40
t5166,i50
t5167,i100
t5167,i111
t5167,i82
t5168,i49
t5168,i100
t5168,i65
t5169,i49
t5169,i100
t5169,i71
t5170,i118
t5171,i110
t5171,i15
t5171,i49
t5171,i72
t5171,i71
t5171,i81
t5171,i60
t5171,i63
t5171,i80
t5171,i43
t5171,i106
t5172,i22
t5172,i12
t5172,i64
t5173,i49
t5173,i83
t5173,i100
t5173,i99
t5173,i38
t5173,i17
t5174,i46
t5174,i72
t5174,i60
t5174,i40
t5175,i100
t5175,i8
t5175,i111
t5175,i116
t5175,i36
t5176,i49
t5176,i55
t5176,i100
t5176,i99
t5176,i71
t5176,i81
t5176,i23
t5176,i31
t5176,i25
t5176,i65
t5177,i30
t5178,i59
t5179,i89
t5179,i72
t5179,i54
t5180,i72
t5180,i4
t5180,i38
t5180,i88
t5180,i119
t5181,i87
t5181,i59
t5181,i97
t5181,i71
t5181,i102
t5181,i17
t5181,i24
t5181,i54
t5181,i64
t5182,i100
t5182,i71
t5182,i60
t5183,i97
t5183,i100
t5183,i16
t5183,i37
t5183,i63
t5184,i15
t5184,i100
t5184,i37
t5184,i48
t5185,i15
t5185,i71
t5185,i37
t5186,i51
t5186,i65
t5187,i115
t5187,i100
t5187,i71
t5187,i31
t5187,i7
t5187,i48
t5187,i88
t5188,i90
t5189,i100
t5189,i50
t5190,i100
t5190,i99
t5190,i24
t5190,i36
t5191,i110
t5191,i15
t5191,i51
t5191,i108
t5191,i85
t5191,i72
t5191,i82
t5191,i116
t5191,i106
t5191,i65
t5191,i60
t5192,i15
t5193,i16
t5193,i116
t5193,i7
t5193,i54
t5193,i43
t5193,i93
t5194,i72
t5194,i25
t5195,i22
t5195,i45
t5196,i35
t5196,i4
t5196,i82
t5196,i43
t5196,i3
t5196,i54
t5197,i2
t5197,i25
t5197,i43
t5197,i95
t5198,i72
t5198,i81
t5198,i23
t5198,i43
t5199,i25
t5199,i100
t5200,i4
t5200,i33
t5201,i51
t5201,i59
t5201,i43
t5201,i30
t5202,i59
t5202,i55
t5202,i117
t5202,i72
t5202,i37
t5202,i17
t5202,i80
t5202,i25
t5202,i43
t5202,i30
t5203,i43
t5203,i88
t5204,i2
t5204,i54
t5204,i40
t5205,i55
t5205,i81
t5206,i49
t5206,i108
t5206,i72
t5206,i71
t5206,i111
t5206,i37
t5206,i43
t5206,i64
t5206,i20
t5207,i25
t5207,i55
t5207,i100
t5207,i72
t5207,i92
t5207,i37
t5207,i31
t5207,i43
t5208,i43
t5208,i22
t5209,i25
t5209,i55
t5210,i49
t5210,i71
t5210,i38
t5210,i16
t5210,i48
t5210,i106
t5211,i38
t5211,i39
t5212,i85
t5213,i72
t5213,i40
t5213,i67
t5214,i25
t5214,i43
t5215,i49
t5215,i71
t5215,i53
t5215,i82
t5215,i105
t5216,i97
t5216,i25
t5216,i113
t5217,i56
t5217,i40
t5217,i84
t5218,i49
t5218,i100
t5218,i99
t5218,i4
t5218,i1
t5218,i60
t5218,i43
t5218,i48
t5219,i89
t5219,i97
t5219,i49
t5219,i72
t5219,i71
t5219,i116
t5219,i45
t5219,i54
t5220,i15
t5220,i89
t5220,i72
t5220,i4
t5220,i37
t5220,i118
t5220,i88
t5221,i49
t5221,i100
t5221,i17
t5221,i33
t5221,i12
t5221,i82
t5221,i39
t5221,i54
t5222,i99
t5223,i49
t5223,i71
t5223,i37
t5224,i49
t5224,i100
t5224,i19
t5225,i72
t5225,i81
t5225,i17
t5225,i61
t5225,i33
t5225,i103
t5226,i98
t5227,i23
t5227,i28
t5228,i37
t5228,i39
t5229,i57
t5229,i49
t5229,i100
t5229,i64
t5230,i116
t5230,i26
t5230,i2
t5231,i43
t5232,i110
t5232,i15
t5232,i72
t5232,i103
t5233,i57
t5233,i25
t5233,i55
t5233,i100
t5233,i72
t5233,i81
t5233,i37
t5233,i3
t5233,i45
t5233,i68
t5234,i72
t5235,i15
t5235,i89
t5235,i117
t5235,i72
t5235,i47
t5235,i92
t5235,i37
t5235,i60
t5235,i105
t5235,i33
t5235,i66
t5235,i18
t5236,i107
t5236,i100
t5236,i1
t5236,i23
t5236,i13
t5236,i80
t5236,i31
t5236,i48
t5236,i40
t5236,i103
t5236,i106
t5237,i72
t5237,i69
t5238,i100
t5239,i116
t5239,i79
t5239,i48
t5240,i81
t5241,i100
t5241,i41
t5241,i45
t5242,i51
t5242,i49
t5242,i72
t5242,i37
t5242,i82
t5242,i65
t5243,i72
t5243,i25
t5244,i83
t5244,i55
t5244,i72
t5244,i99
t5244,i81
t5244,i79
t5245,i35
t5245,i51
t5245,i97
t5245,i100
t5245,i71
t5245,i22
t5246,i37
t5247,i97
t5247,i49
t5247,i85
t5247,i72
t5247,i82
t5247,i21
t5248,i15
t5248,i72
t5249,i17
t5249,i79
t5250,i38
t5250,i25
t5250,i33
t5251,i38
t5251,i116
t5251,i17
t5251,i43
t5251,i65
t5251,i54
t5252,i100
t5252,i72
t5252,i116
t5252,i21
t5252,i103
t5252,i45
t5253,i49
t5253,i117
t5253,i1
t5254,i59
t5254,i55
t5254,i60
t5254,i43
t5255,i53
t5255,i31
t5255,i43
t5255,i54
t5256,i43
t5257,i51
t5257,i25
t5257,i43
t5257,i40
t5258,i37
t5258,i25
t5258,i96
t5258,i54
t5259,i82
t5259,i61
t5259,i101
t5259,i45
t5260,i72
t5260,i79
t5260,i36
t5260,i12
t5261,i64
t5262,i51
t5262,i100
t5262,i99
t5262,i81
t5262,i116
t5262,i80
t5262,i23
t5262,i62
t5262,i61
t5263,i110
t5263,i57
t5263,i108
t5263,i75
t5263,i116
t5263,i19
t5263,i79
t5263,i36
t5263,i84
t5263,i12
t5263,i65
t5264,i46
t5264,i16
t5265,i61
t5266,i72
t5266,i10
t5267,i30
t5268,i65
t5269,i44
t5269,i37
t5269,i23
t5269,i64
t5270,i49
t5270,i55
t5270,i72
t5270,i25
t5270,i82
t5271,i71
t5271,i31
t5271,i48
t5271,i54
t5272,i49
t5272,i72
t5272,i47
t5272,i116
t5272,i63
t5272,i23
t5272,i26
t5272,i2
t5273,i72
t5273,i71
t5274,i75
t5274,i30
t5275,i40
t5276,i97
t5276,i65
t5277,i89
t5277,i97
t5277,i72
t5277,i25
t5277,i71
t5277,i21
t5277,i106
t5277,i54
t5278,i78
t5278,i23
t5278,i10
t5278,i50
t5278,i64
t5278,i60
t5279,i92
t5280,i49
t5280,i72
t5280,i43
t5280,i76
t5281,i97
t5281,i85
t5281,i71
t5281,i1
t5281,i37
t5281,i40
t5281,i54
t5282,i15
t5282,i100
t5282,i99
t5282,i71
t5282,i8
t5282,i116
t5282,i48
t5282,i103
t5283,i81
t5283,i92
t5283,i106
t5284,i15
t5284,i117
t5284,i72
t5284,i4
t5284,i38
t5284,i92
t5284,i82
t5284,i116
t5284,i17
t5284,i31
t5284,i7
t5284,i54
t5284,i43
t5284,i40
t5285,i71
t5285,i38
t5285,i111
t5285,i33
t5286,i17
t5286,i43
t5287,i51
t5287,i60
t5287,i45
t5288,i99
t5288,i29
t5288,i40
t5289,i15
t5289,i37
t5289,i43
t5290,i15
t5290,i37
t5290,i48
t5291,i115
t5291,i17
t5291,i70
t5291,i54
t5292,i55
t5292,i107
t5292,i100
t5292,i64
t5292,i70
t5292,i54
t5293,i37
t5294,i82
t5294,i43
t5294,i10
t5295,i99
t5295,i37
t5295,i33
t5296,i106
t5297,i28
t5297,i37
t5297,i36
t5298,i115
t5298,i71
t5298,i22
t5298,i30
t5298,i84
t5298,i10
t5299,i54
t5299,i43
t5300,i100
t5300,i72
t5300,i37
t5301,i110
t5301,i100
t5301,i72
t5301,i54
t5301,i106
t5302,i15
t5302,i97
t5302,i72
t5302,i17
t5302,i25
t5302,i43
t5302,i40
t5302,i30
t5303,i75
t5304,i110
t5304,i8
t5304,i37
t5304,i30
t5305,i4
t5305,i48
t5305,i33
t5305,i12
t5306,i46
t5307,i56
t5307,i33
t5307,i12
t5307,i88
t5307,i65
t5307,i54
t5308,i72
t5308,i81
t5309,i55
t5309,i71
t5309,i21
t5309,i54
t5309,i66
t5310,i59
t5310,i37
t5310,i30
t5310,i45
t5311,i97
t5311,i108
t5311,i60
t5311,i116
t5311,i17
t5311,i12
t5312,i97
t5313,i25
t5314,i51
t5314,i100
t5314,i72
t5314,i71
t5314,i78
t5314,i37
t5314,i9
t5314,i63
t5314,i23
t5314,i25
t5314,i43
t5315,i110
t5315,i72
t5315,i7
t5315,i103
t5316,i115
t5316,i55
t5316,i72
t5317,i40
t5317,i84
t5318,i46
t5318,i71
t5318,i66
t5319,i72
t5319,i31
t5320,i54
t5321,i25
t5321,i59
t5321,i49
t5321,i115
t5321,i92
t5321,i98
t5321,i113
t5322,i110
t5322,i37
t5322,i82
t5323,i59
t5323,i25
t5324,i30
t5325,i37
t5326,i72
t5326,i43
t5327,i108
t5327,i72
t5328,i43
t5329,i40
t5330,i110
t5330,i37
t5330,i43
t5330,i39
t5331,i15
t5332,i100
t5333,i43
t5333,i70
t5334,i85
t5334,i72
t5334,i82
t5334,i23
t5334,i106
t5335,i55
t5335,i100
t5335,i71
t5335,i47
t5335,i19
t5335,i65
t5336,i100
t5337,i103
t5337,i118
t5338,i48
t5339,i51
t5339,i115
t5339,i85
t5340,i4
t5340,i28
t5340,i17
t5340,i43
t5340,i70
t5341,i63
t5341,i23
t5342,i49
t5342,i108
t5342,i72
t5343,i108
t5343,i115
t5343,i71
t5344,i71
t5344,i31
t5345,i75
t5346,i17
t5347,i72
t5347,i21
t5348,i97
t5348,i117
t5348,i71
t5348,i22
t5348,i33
t5349,i85
t5349,i81
t5349,i54
t5349,i48
t5349,i119
t5350,i115
t5350,i25
t5350,i82
t5350,i43
t5350,i76
t5351,i49
t5352,i25
t5352,i22
t5353,i72
t5353,i31
t5354,i16
t5355,i51
t5355,i72
t5355,i60
t5355,i17
t5355,i114
t5355,i91
t5356,i17
t5356,i43
t5357,i100
t5357,i72
t5357,i44
t5357,i33
t5357,i106
t5358,i111
t5358,i43
t5359,i55
t5359,i72
t5359,i99
t5360,i43
t5361,i25
t5361,i55
t5361,i107
t5361,i100
t5361,i30
t5361,i95
t5361,i54
t5362,i4
t5362,i111
t5362,i43
t5362,i70
t5363,i15
t5363,i39
t5364,i100
t5364,i72
t5364,i71
t5364,i38
t5364,i44
t5364,i48
t5365,i43
t5365,i48
t5366,i59
t5366,i21
t5366,i65
t5367,i115
t5367,i117
t5367,i71
t5367,i37
t5367,i22
t5368,i46
t5368,i72
t5368,i37
t5368,i25
t5368,i22
t5369,i97
t5369,i81
t5370,i115
t5370,i81
t5370,i82
t5371,i57
t5371,i25
t5371,i100
t5371,i72
t5372,i54
t5372,i43
t5372,i30
t5373,i33
t5374,i72
t5374,i38
t5374,i116
t5374,i17
t5374,i118
t5375,i55
t5375,i72
t5375,i71
t5375,i116
t5375,i17
t5375,i118
t5375,i64
t5376,i51
t5376,i55
t5376,i90
t5376,i94
t5376,i106
t5376,i65
t5376,i54
t5376,i60
t5377,i71
t5377,i82
t5378,i43
t5379,i110
t5379,i15
t5379,i116
t5379,i36
t5379,i25
t5379,i30
t5379,i109
t5380,i18
t5381,i49
t5381,i4
t5381,i8
t5381,i116
t5381,i54
t5382,i25
t5382,i71
t5382,i23
t5382,i104
t5382,i31
t5382,i52
t5382,i43
t5382,i64
t5382,i106
t5382,i113
t5383,i43
t5383,i40
t5383,i54
t5384,i15
t5384,i72
t5384,i30
t5385,i97
t5385,i55
t5385,i100
t5385,i75
t5386,i17
t5387,i44
t5387,i90
t5387,i52
t5387,i36
t5387,i43
t5388,i99
t5388,i63
t5388,i30
t5389,i115
t5389,i81
t5389,i54
t5389,i25
t5389,i43
t5389,i22
t5389,i61
t5389,i106
t5390,i21
t5390,i30
t5390,i118
t5390,i106
t5390,i45
t5390,i54
t5391,i25
t5392,i43
t5392,i119
t5393,i48
t5393,i106
t5393,i45
t5394,i116
t5395,i97
t5395,i55
t5395,i72
t5395,i99
t5396,i81
t5396,i92
t5396,i65
t5397,i71
t5397,i1
t5397,i111
t5398,i25
t5398,i100
t5399,i18
t5400,i15
t5400,i97
t5400,i49
t5400,i108
t5400,i83
t5400,i25
t5400,i43
t5400,i40
t5400,i10
t5401,i49
t5401,i7
t5401,i26
t5402,i72
t5402,i31
t5402,i43
t5402,i45
t5402,i18
t5403,i25
t5403,i99
t5404,i97
t5404,i49
t5404,i108
t5404,i16
t5404,i78
t5404,i43
t5404,i48
t5404,i106
t5404,i45
t5405,i51
t5406,i78
t5407,i59
t5408,i100
t5408,i16
t5408,i52
t5408,i25
t5408,i10
t5408,i54
t5409,i38
t5410,i51
t5411,i64
t5411,i18
t5412,i72
t5413,i100
t5413,i92
t5413,i82
t5413,i43
t5413,i30
t5413,i84
t5413,i54
t5414,i54
t5415,i43
t5415,i88
t5416,i49
t5416,i71
t5416,i43
t5416,i65
t5416,i54
t5417,i46
t5417,i55
t5417,i85
t5417,i107
t5417,i23
t5417,i98
t5417,i73
t5418,i15
t5418,i22
t5418,i30
t5418,i12
t5418,i54
t5419,i113
t5420,i100
t5420,i37
t5420,i22
t5421,i56
t5421,i40
t5421,i84
t5421,i64
t5422,i15
t5422,i49
t5422,i55
t5422,i100
t5422,i99
t5422,i71
t5422,i1
t5422,i23
t5422,i104
t5422,i92
t5422,i82
t5422,i25
t5423,i97
t5423,i37
t5423,i39
t5424,i40
t5425,i43
t5425,i22
t5425,i64
t5426,i17
t5426,i33
t5426,i12
t5426,i45
t5427,i40
t5428,i118
t5429,i43
t5429,i48
t5430,i22
t5431,i70
t5432,i71
t5432,i39
t5433,i110
t5433,i49
t5433,i72
t5433,i23
t5433,i37
t5433,i2
t5433,i25
t5433,i45
t5433,i113
t5433,i54
t5434,i110
t5434,i85
t5434,i19
t5435,i117
t5436,i55
t5436,i71
t5436,i81
t5436,i38
t5436,i44
t5436,i23
t5436,i43
t5436,i22
t5436,i48
t5436,i95
t5436,i118
t5436,i54
t5437,i17
t5438,i110
t5438,i117
t5438,i8
t5438,i43
t5439,i72
t5439,i25
t5439,i116
t5439,i17
t5439,i114
t5439,i43
t5439,i65
t5440,i97
t5440,i49
t5441,i59
t5441,i72
t5441,i60
t5442,i110
t5442,i15
t5442,i55
t5442,i100
t5442,i71
t5442,i16
t5442,i60
t5442,i33
t5442,i82
t5442,i39
t5442,i64
t5443,i4
t5443,i40
t5443,i64
t5444,i4
t5444,i17
t5444,i30
t5445,i100
t5445,i72
t5445,i71
t5445,i25
t5445,i95
t5446,i38
t5446,i21
t5446,i93
t5446,i45
t5446,i54
t5447,i110
t5447,i97
t5447,i83
t5447,i37
t5447,i17
t5447,i48
t5447,i82
t5447,i64
t5447,i54
t5448,i97
t5448,i83
t5448,i81
t5448,i63
t5448,i31
t5448,i23
t5448,i24
t5448,i41
t5448,i33
t5448,i12
t5448,i82
t5448,i39
t5448,i93
t5448,i91
t5448,i66
t5449,i17
t5449,i10
t5450,i71
t5450,i25
t5450,i39
t5451,i72
t5451,i116
t5451,i43
t5452,i15
t5452,i51
t5452,i97
t5452,i25
t5452,i43
t5452,i22
t5452,i30
t5452,i76
t5453,i108
t5453,i100
t5453,i111
t5454,i15
t5454,i60
t5455,i25
t5456,i87
t5457,i100
t5458,i82
t5459,i43
t5460,i25
t5460,i97
t5460,i49
t5460,i108
t5460,i72
t5460,i60
t5461,i43
t5461,i39
t5462,i72
t5462,i56
t5462,i98
t5462,i43
t5462,i30
t5463,i37
t5464,i30
t5465,i40
t5466,i97
t5466,i72
t5466,i71
t5466,i82
t5466,i103
t5467,i45
t5468,i59
t5468,i49
t5468,i72
t5468,i38
t5468,i92
t5469,i30
t5470,i46
t5470,i55
t5470,i72
t5470,i25
t5470,i81
t5470,i44
t5470,i37
t5471,i110
t5471,i57
t5471,i51
t5471,i59
t5471,i115
t5471,i100
t5471,i72
t5471,i82
t5471,i86
t5471,i54
t5472,i71
t5472,i8
t5472,i37
t5472,i39
t5473,i110
t5473,i59
t5473,i55
t5473,i72
t5474,i72
t5475,i71
t5475,i23
t5475,i41
t5475,i48
t5475,i65
t5476,i25
t5476,i100
t5476,i72
t5476,i92
t5476,i37
t5476,i17
t5477,i72
t5477,i82
t5477,i25
t5477,i43
t5477,i54
t5478,i15
t5478,i51
t5478,i100
t5478,i72
t5478,i54
t5479,i97
t5479,i115
t5479,i100
t5479,i72
t5479,i4
t5479,i81
t5479,i23
t5479,i25
t5480,i49
t5480,i100
t5480,i71
t5481,i37
t5482,i16
t5482,i106
t5482,i45
t5482,i66
t5483,i64
t5484,i108
t5484,i25
t5484,i22
t5484,i65
t5485,i72
t5485,i71
t5485,i7
t5485,i25
t5485,i65
t5486,i15
t5486,i57
t5486,i116
t5486,i25
t5486,i43
t5486,i30
t5486,i54
t5487,i97
t5487,i100
t5487,i36
t5487,i25
t5488,i37
t5489,i72
t5489,i71
t5489,i54
t5490,i81
t5490,i37
t5491,i97
t5491,i49
t5491,i60
t5491,i48
t5491,i45
t5491,i54
t5492,i69
t5492,i13
t5492,i14
t5492,i21
t5493,i110
t5493,i59
t5493,i100
t5493,i72
t5493,i82
t5493,i37
t5494,i110
t5494,i69
t5494,i37
t5494,i54
t5495,i25
t5495,i43
t5496,i51
t5496,i106
t5497,i75
t5497,i116
t5497,i25
t5497,i43
t5498,i46
t5498,i100
t5498,i111
t5498,i90
t5498,i19
t5498,i43
t5498,i22
t5498,i64
t5499,i69
t5499,i81
t5499,i29
t5499,i54
t5499,i43
t5499,i65
t5500,i110
t5501,i51
t5501,i116
t5501,i25
t5501,i43
t5502,i15
t5502,i51
t5502,i49
t5502,i100
t5502,i71
t5502,i92
t5502,i37
t5502,i25
t5503,i72
t5504,i100
t5504,i37
t5505,i15
t5505,i100
t5505,i37
t5505,i30
t5505,i54
t5506,i37
t5506,i25
t5506,i30
t5506,i65
t5507,i71
t5508,i55
t5508,i117
t5508,i17
t5509,i37
t5509,i43
t5510,i107
t5510,i117
t5511,i100
t5511,i72
t5511,i17
t5511,i12
t5511,i39
t5511,i54
t5512,i108
t5512,i72
t5512,i99
t5512,i71
t5512,i81
t5512,i37
t5512,i80
t5512,i31
t5512,i7
t5512,i109
t5512,i65
t5513,i51
t5513,i55
t5513,i100
t5514,i43
t5515,i100
t5516,i67
t5517,i54
t5518,i100
t5518,i72
t5519,i59
t5519,i97
t5519,i90
t5519,i29
t5519,i43
t5519,i48
t5519,i113
t5519,i54
t5520,i55
t5521,i110
t5522,i110
t5522,i100
t5522,i72
t5522,i99
t5522,i78
t5522,i82
t5522,i31
t5522,i105
t5522,i40
t5522,i30
t5523,i75
t5523,i53
t5524,i17
t5524,i43
t5525,i25
t5526,i41
t5526,i43
t5526,i54
t5527,i115
t5527,i100
t5528,i2
t5529,i22
t5530,i15
t5530,i59
t5530,i108
t5530,i72
t5530,i23
t5530,i60
t5530,i116
t5530,i70
t5530,i106
t5531,i81
t5531,i27
t5531,i118
t5532,i82
t5533,i51
t5533,i55
t5533,i38
t5533,i60
t5533,i23
t5534,i37
t5535,i110
t5535,i72
t5535,i71
t5535,i92
t5535,i37
t5535,i88
t5536,i61
t5536,i65
t5536,i18
t5537,i18
t5538,i18
t5539,i43
t5539,i30
t5540,i40
t5540,i30
t5541,i111
t5541,i43
t5542,i97
t5542,i4
t5542,i70
t5543,i82
t5543,i116
t5543,i48
t5543,i12
t5544,i49
t5544,i71
t5544,i25
t5544,i43
t5544,i39
t5545,i70
t5546,i83
t5546,i72
t5546,i75
t5546,i25
t5546,i82
t5547,i54
t5548,i56
t5549,i49
t5549,i69
t5549,i82
t5549,i37
t5549,i25
t5549,i43
t5549,i48
t5550,i70
t5551,i61
t5551,i39
t5551,i45
t5551,i65
t5552,i97
t5552,i39
t5553,i37
t5553,i30
t5553,i54
t5553,i60
t5554,i75
t5554,i43
t5555,i15
t5555,i37
t5556,i71
t5556,i43
t5557,i17
t5557,i43
t5557,i39
t5558,i89
t5558,i100
t5558,i37
t5558,i74
t5558,i106
t5559,i85
t5559,i100
t5559,i104
t5559,i25
t5559,i54
t5560,i81
t5560,i92
t5561,i65
t5562,i100
t5562,i9
t5562,i25
t5562,i40
t5563,i35
t5563,i72
t5563,i71
t5563,i102
t5563,i82
t5563,i37
t5563,i22
t5564,i37
t5564,i90
t5564,i40
t5565,i30
t5565,i54
t5566,i40
t5566,i65
t5567,i111
t5568,i73
t5568,i54
t5569,i51
t5569,i49
t5569,i12
t5569,i65
t5570,i115
t5570,i61
t5571,i15
t5571,i59
t5571,i55
t5571,i100
t5571,i99
t5571,i21
t5571,i43
t5571,i12
t5572,i60
t5572,i56
t5572,i43
t5573,i54
t5574,i23
t5574,i37
t5574,i43
t5574,i103
t5575,i115
t5575,i43
t5576,i49
t5577,i111
t5578,i75
t5578,i20
t5579,i110
t5579,i37
t5579,i82
t5580,i37
t5581,i48
t5581,i82
t5582,i38
t5582,i23
t5582,i37
t5583,i115
t5583,i72
t5583,i81
t5583,i38
t5583,i48
t5583,i65
t5584,i48
t5585,i15
t5585,i43
t5585,i40
t5585,i84
t5585,i76
t5586,i49
t5586,i43
t5587,i43
t5588,i87
t5588,i23
t5588,i25
t5588,i39
t5588,i54
t5589,i13
t5590,i115
t5590,i71
t5590,i38
t5590,i16
t5590,i82
t5590,i37
t5590,i7
t5591,i11
t5592,i46
t5592,i37
t5592,i40
t5593,i118
t5593,i65
t5594,i72
t5594,i81
t5594,i73
t5595,i17
t5596,i83
t5596,i115
t5596,i2
t5596,i73
t5597,i73
t5598,i100
t5598,i72
t5598,i99
t5599,i55
t5599,i100
t5600,i43
t5601,i40
t5602,i37
t5602,i22
t5603,i83
t5603,i115
t5603,i55
t5603,i100
t5603,i117
t5603,i99
t5603,i71
t5603,i116
t5603,i17
t5604,i49
t5604,i4
t5604,i16
t5604,i23
t5604,i92
t5604,i116
t5604,i22
t5605,i97
t5605,i54
t5606,i25
t5606,i72
t5607,i97
t5607,i49
t5607,i55
t5607,i100
t5607,i72
t5607,i104
t5607,i52
t5608,i3
t5609,i30
t5610,i22
t5611,i88
t5611,i45
t5612,i118
t5613,i108
t5613,i72
t5613,i92
t5613,i45
t5613,i109
t5614,i51
t5614,i27
t5614,i37
t5615,i51
t5615,i107
t5615,i72
t5615,i71
t5615,i81
t5615,i92
t5615,i80
t5615,i95
t5616,i21
t5616,i2
t5616,i61
t5616,i54
t5617,i49
t5618,i94
t5619,i100
t5619,i4
t5619,i30
t5619,i103
t5619,i119
t5619,i60
t5620,i93
t5621,i49
t5621,i71
t5621,i37
t5621,i12
t5622,i51
t5622,i25
t5622,i43
t5622,i106
t5623,i51
t5623,i59
t5623,i83
t5623,i100
t5623,i41
t5623,i43
t5624,i110
t5624,i59
t5624,i83
t5624,i55
t5624,i37
t5624,i43
t5624,i33
t5625,i37
t5625,i25
t5625,i40
t5626,i71
t5626,i33
t5627,i117
t5627,i43
t5627,i45
t5628,i15
t5628,i115
t5628,i117
t5629,i49
t5629,i100
t5629,i72
t5629,i4
t5629,i60
t5629,i25
t5629,i22
t5629,i10
t5630,i23
t5630,i37
t5631,i99
t5631,i37
t5632,i72
t5632,i38
t5633,i72
t5634,i100
t5635,i15
t5635,i59
t5635,i55
t5635,i72
t5635,i25
t5635,i99
t5635,i71
t5635,i23
t5635,i37
t5635,i31
t5636,i25
t5636,i60
t5637,i49
t5637,i100
t5637,i92
t5637,i60
t5637,i17
t5637,i23
t5637,i43
t5637,i54
t5638,i89
t5639,i25
t5639,i97
t5639,i49
t5639,i83
t5639,i100
t5639,i72
t5639,i71
t5639,i82
t5639,i63
t5639,i80
t5639,i54
t5639,i48
t5640,i98
t5640,i33
t5641,i23
t5641,i118
t5642,i15
t5643,i98
t5644,i12
t5645,i71
t5645,i17
t5645,i24
t5645,i88
t5645,i119
t5646,i57
t5646,i100
t5646,i99
t5646,i1
t5646,i90
t5646,i54
t5647,i15
t5648,i110
t5648,i97
t5648,i49
t5648,i108
t5648,i83
t5648,i23
t5648,i56
t5648,i31
t5648,i48
t5648,i39
t5648,i54
t5649,i97
t5649,i108
t5649,i16
t5649,i2
t5649,i54
t5649,i40
t5650,i30
t5650,i39
t5651,i72
t5651,i10
t5652,i72
t5653,i115
t5653,i100
t5653,i69
t5653,i71
t5653,i25
t5654,i89
t5654,i90
t5654,i24
t5654,i26
t5655,i84
t5655,i50
t5656,i82
t5657,i15
t5657,i37
t5657,i82
t5658,i82
t5658,i50
t5658,i65
t5659,i15
t5659,i25
t5659,i49
t5659,i83
t5659,i115
t5659,i75
t5659,i22
t5660,i69
t5660,i54
t5661,i46
t5661,i59
t5661,i72
t5661,i81
t5661,i23
t5661,i75
t5661,i25
t5661,i118
t5662,i72
t5662,i4
t5662,i17
t5662,i33
t5663,i59
t5663,i97
t5663,i108
t5664,i39
t5665,i54
t5666,i38
t5667,i108
t5667,i100
t5667,i72
t5667,i92
t5667,i103
t5668,i54
t5669,i30
t5670,i78
t5670,i50
t5670,i64
t5670,i5
t5671,i72
t5671,i37
t5671,i17
t5672,i72
t5672,i4
t5672,i37
t5672,i9
t5672,i63
t5672,i14
t5672,i23
t5672,i24
t5672,i48
t5672,i82
t5673,i17
t5674,i15
t5674,i28
t5674,i37
t5675,i59
t5676,i110
t5676,i100
t5676,i4
t5677,i72
t5677,i65
t5678,i30
t5678,i22
t5679,i37
t5679,i43
t5680,i108
t5681,i72
t5681,i75
t5681,i43
t5682,i15
t5682,i55
t5682,i100
t5682,i4
t5682,i45
t5683,i59
t5683,i115
t5683,i71
t5683,i56
t5683,i90
t5683,i25
t5683,i22
t5683,i106
t5684,i17
t5684,i40
t5684,i84
t5684,i76
t5685,i110
t5685,i100
t5685,i72
t5685,i99
t5685,i82
t5685,i60
t5685,i114
t5685,i54
t5686,i71
t5686,i111
t5686,i43
t5687,i21
t5687,i22
t5687,i54
t5688,i2
t5688,i43
t5688,i22
t5689,i46
t5689,i49
t5689,i25
t5689,i71
t5689,i47
t5689,i60
t5689,i43
t5689,i48
t5689,i39
t5690,i15
t5690,i49
t5690,i115
t5690,i72
t5690,i25
t5690,i4
t5690,i17
t5690,i43
t5690,i48
t5690,i33
t5690,i103
t5690,i106
t5691,i49
t5691,i108
t5691,i72
t5692,i72
t5692,i17
t5692,i65
t5693,i52
t5693,i40
t5694,i51
t5695,i108
t5695,i111
t5695,i43
t5695,i54
t5696,i15
t5696,i85
t5696,i71
t5696,i88
t5696,i60
t5697,i51
t5697,i59
t5697,i97
t5697,i55
t5697,i107
t5697,i100
t5697,i9
t5697,i25
t5697,i40
t5697,i118
t5698,i97
t5698,i72
t5698,i71
t5698,i60
t5698,i23
t5698,i43
t5698,i45
t5698,i54
t5699,i97
t5700,i15
t5700,i51
t5700,i71
t5700,i28
t5700,i21
t5700,i52
t5700,i61
t5700,i66
t5700,i54
t5701,i115
t5701,i65
t5702,i116
t5702,i57
t5702,i25
t5702,i48
t5703,i99
t5703,i81
t5703,i23
t5703,i31
t5703,i33
t5704,i81
t5705,i108
t5705,i72
t5705,i25
t5705,i4
t5705,i82
t5705,i90
t5705,i23
t5705,i61
t5706,i15
t5706,i99
t5706,i43
t5707,i54
t5708,i97
t5708,i106
t5708,i66
t5709,i80
t5709,i40
t5710,i38
t5711,i43
t5711,i10
t5711,i64
t5712,i72
t5712,i43
t5712,i70
t5713,i51
t5713,i59
t5713,i23
t5713,i43
t5714,i25
t5715,i116
t5716,i72
t5716,i92
t5717,i37
t5718,i72
t5718,i32
t5719,i46
t5719,i87
t5719,i81
t5719,i44
t5719,i90
t5720,i110
t5720,i97
t5720,i85
t5720,i100
t5720,i30
t5720,i82
t5721,i104
t5721,i43
t5722,i51
t5722,i49
t5722,i43
t5722,i30
t5722,i95
t5722,i65
t5723,i97
t5723,i7
t5723,i43
t5723,i30
t5723,i61
t5723,i82
t5723,i64
t5723,i54
t5724,i52
t5724,i25
t5725,i15
t5725,i108
t5725,i100
t5725,i44
t5725,i116
t5725,i80
t5725,i106
t5726,i110
t5726,i46
t5726,i4
t5726,i71
t5726,i47
t5726,i60
t5726,i17
t5726,i43
t5727,i82
t5727,i30
t5728,i15
t5728,i71
t5728,i22
t5729,i28
t5729,i22
t5730,i100
t5730,i82
t5730,i45
t5730,i113
t5731,i22
t5731,i118
t5731,i64
t5732,i97
t5732,i49
t5732,i71
t5732,i78
t5732,i37
t5732,i52
t5732,i43
t5732,i48
t5732,i76
t5732,i82
t5732,i64
t5732,i70
t5732,i106
t5733,i59
t5733,i55
t5733,i106
t5734,i71
t5734,i70
t5735,i15
t5735,i51
t5735,i55
t5735,i100
t5735,i72
t5735,i25
t5735,i71
t5735,i81
t5735,i1
t5735,i98
t5735,i23
t5735,i54
t5736,i82
t5737,i100
t5737,i78
t5737,i19
t5737,i29
t5737,i61
t5737,i54
t5738,i25
t5738,i75
t5738,i116
t5738,i40
t5738,i67
t5739,i49
t5739,i70
t5740,i100
t5740,i114
t5740,i33
t5740,i88
t5741,i30
t5741,i82
t5741,i73
t5742,i15
t5742,i17
t5743,i99
t5743,i61
t5744,i61
t5745,i100
t5745,i72
t5745,i71
t5745,i37
t5745,i62
t5745,i52
t5745,i45
t5745,i18
t5746,i97
t5746,i49
t5746,i72
t5746,i71
t5746,i8
t5746,i21
t5746,i25
t5746,i82
t5746,i118
t5747,i15
t5747,i43
t5747,i54
t5748,i97
t5748,i49
t5748,i37
t5748,i80
t5748,i7
t5748,i24
t5748,i114
t5748,i43
t5748,i30
t5748,i12
t5748,i82
t5748,i39
t5748,i93
t5749,i49
t5749,i54
t5749,i43
t5749,i22
t5749,i30
t5749,i12
t5749,i82
t5750,i22
t5750,i82
t5750,i54
t5751,i15
t5751,i100
t5751,i116
t5752,i15
t5752,i32
t5752,i65
t5753,i21
t5753,i91
t5754,i59
t5754,i55
t5754,i107
t5754,i117
t5754,i116
t5754,i52
t5755,i110
t5755,i49
t5756,i49
t5756,i33
t5757,i25
t5757,i118
t5758,i72
t5758,i4
t5758,i75
t5758,i22
t5758,i30
t5758,i10
t5759,i2
t5760,i46
t5760,i71
t5760,i16
t5760,i1
t5760,i92
t5760,i53
t5760,i56
t5760,i114
t5760,i48
t5760,i65
t5760,i54
t5761,i108
t5761,i4
t5761,i69
t5761,i71
t5761,i81
t5761,i92
t5761,i37
t5762,i25
t5762,i5
t5763,i49
t5763,i116
t5763,i31
t5763,i21
t5763,i88
t5763,i66
t5763,i65
t5764,i51
t5764,i55
t5764,i17
t5764,i40
t5765,i97
t5765,i72
t5765,i17
t5765,i43
t5765,i76
t5766,i65
t5767,i99
t5767,i104
t5767,i63
t5767,i33
t5768,i72
t5768,i23
t5768,i118
t5768,i64
t5769,i15
t5769,i25
t5769,i40
t5770,i16
t5770,i30
t5771,i49
t5771,i42
t5771,i29
t5771,i25
t5771,i48
t5771,i118
t5772,i71
t5772,i25
t5772,i22
t5772,i48
t5772,i64
t5772,i65
t5773,i100
t5773,i71
t5773,i38
t5773,i16
t5773,i23
t5773,i33
t5773,i106
t5773,i45
t5774,i17
t5774,i62
t5774,i82
t5774,i45
t5775,i81
t5775,i64
t5776,i22
t5777,i116
t5778,i46
t5778,i25
t5778,i100
t5778,i47
t5778,i60
t5778,i88
t5779,i15
t5779,i4
t5779,i1
t5779,i116
t5779,i88
t5779,i20
t5779,i73
t5779,i54
t5780,i49
t5780,i71
t5780,i38
t5780,i37
t5780,i12
t5780,i118
t5780,i54
t5781,i97
t5781,i55
t5781,i71
t5781,i44
t5781,i48
t5782,i18
t5783,i15
t5783,i100
t5783,i37
t5783,i116
t5783,i31
t5783,i23
t5783,i25
t5783,i30
t5783,i54
t5784,i51
t5784,i102
t5784,i90
t5784,i119
t5785,i110
t5785,i97
t5785,i49
t5785,i72
t5785,i60
t5785,i103
t5786,i116
t5786,i17
t5786,i25
t5787,i51
t5787,i55
t5787,i85
t5787,i4
t5787,i81
t5787,i16
t5787,i116
t5787,i65
t5788,i82
t5788,i73
t5788,i54
t5789,i110
t5789,i71
t5789,i31
t5789,i25
t5790,i72
t5790,i38
t5790,i40
t5791,i25
t5791,i108
t5791,i55
t5791,i107
t5791,i72
t5791,i92
t5791,i82
t5792,i97
t5792,i55
t5792,i117
t5792,i72
t5792,i71
t5792,i21
t5792,i25
t5792,i82
t5792,i45
t5793,i89
t5793,i49
t5793,i55
t5793,i100
t5793,i71
t5793,i81
t5793,i23
t5793,i37
t5793,i41
t5794,i55
t5794,i72
t5794,i25
t5794,i66
t5795,i87
t5795,i2
t5795,i43
t5796,i30
t5797,i72
t5797,i90
t5797,i7
t5797,i62
t5797,i29
t5797,i43
t5797,i65
t5798,i25
t5798,i48
t5798,i22
t5799,i110
t5799,i72
t5799,i82
t5799,i37
t5799,i63
t5799,i7
t5799,i21
t5799,i33
t5800,i49
t5800,i108
t5800,i71
t5800,i111
t5800,i37
t5800,i25
t5800,i43
t5800,i65
t5801,i88
t5801,i58
t5801,i54
t5802,i84
t5803,i97
t5803,i72
t5803,i73
t5804,i72
t5805,i110
t5805,i108
t5805,i100
t5805,i43
t5805,i40
t5806,i110
t5806,i31
t5806,i65
t5806,i54
t5807,i12
t5808,i72
t5808,i71
t5808,i37
t5808,i24
t5808,i54
t5809,i115
t5809,i72
t5809,i44
t5809,i47
t5809,i82
t5809,i37
t5809,i60
t5809,i31
t5809,i23
t5809,i12
t5810,i110
t5810,i15
t5810,i89
t5810,i108
t5810,i100
t5810,i72
t5810,i4
t5810,i111
t5810,i82
t5810,i43
t5811,i97
t5811,i49
t5811,i71
t5811,i37
t5811,i76
t5812,i43
t5813,i51
t5813,i55
t5813,i72
t5813,i19
t5813,i54
t5814,i110
t5814,i51
t5814,i49
t5814,i108
t5814,i100
t5814,i81
t5814,i38
t5814,i60
t5815,i46
t5815,i72
t5815,i1
t5815,i25
t5815,i45
t5816,i110
t5816,i72
t5816,i25
t5817,i76
t5818,i25
t5818,i43
t5818,i73
t5819,i43
t5820,i43
t5821,i71
t5822,i3
t5823,i110
t5823,i100
t5823,i71
t5823,i16
t5823,i8
t5823,i82
t5823,i37
t5823,i93
t5824,i110
t5824,i85
t5824,i72
t5825,i108
t5825,i71
t5825,i8
t5825,i116
t5825,i70
t5826,i46
t5826,i72
t5826,i8
t5826,i33
t5827,i42
t5827,i37
t5827,i23
t5827,i21
t5828,i43
t5828,i33
t5828,i54
t5829,i59
t5829,i37
t5829,i29
t5829,i43
t5830,i37
t5831,i51
t5831,i100
t5831,i37
t5832,i15
t5832,i46
t5832,i55
t5832,i100
t5832,i8
t5832,i1
t5832,i7
t5832,i40
t5832,i67
t5832,i33
t5833,i15
t5833,i57
t5833,i25
t5833,i89
t5833,i49
t5833,i107
t5833,i100
t5833,i75
t5833,i60
t5833,i43
t5833,i118
t5833,i93
t5834,i25
t5834,i92
t5834,i31
t5834,i10
t5835,i115
t5835,i38
t5836,i15
t5836,i72
t5836,i25
t5836,i23
t5836,i19
t5836,i48
t5836,i33
t5837,i15
t5837,i55
t5837,i72
t5837,i17
t5837,i43
t5837,i88
t5838,i15
t5838,i97
t5838,i108
t5838,i72
t5838,i69
t5839,i89
t5839,i100
t5839,i37
t5840,i100
t5840,i25
t5840,i1
t5840,i23
t5840,i37
t5840,i31
t5840,i43
t5840,i22
t5841,i43
t5841,i40
t5842,i15
t5842,i43
t5842,i22
t5842,i103
t5842,i54
t5843,i37
t5843,i116
t5843,i30
t5844,i59
t5844,i85
t5844,i100
t5844,i81
t5844,i82
t5844,i17
t5844,i63
t5844,i2
t5844,i48
t5844,i30
t5844,i65
t5845,i51
t5845,i59
t5845,i55
t5845,i100
t5845,i72
t5845,i82
t5845,i90
t5845,i23
t5845,i48
t5845,i40
t5845,i88
t5845,i65
t5846,i37
t5847,i108
t5847,i55
t5847,i107
t5847,i72
t5847,i99
t5847,i71
t5847,i36
t5847,i73
t5848,i72
t5848,i25
t5848,i73
t5849,i110
t5849,i55
t5849,i72
t5849,i31
t5850,i51
t5850,i59
t5850,i55
t5851,i15
t5851,i72
t5851,i31
t5852,i117
t5852,i72
t5852,i38
t5852,i37
t5852,i45
t5853,i54
t5853,i25
t5853,i66
t5854,i100
t5854,i72
t5854,i99
t5854,i82
t5854,i106
t5855,i15
t5855,i97
t5855,i85
t5855,i100
t5855,i72
t5855,i1
t5855,i23
t5855,i13
t5855,i65
t5856,i46
t5856,i49
t5856,i38
t5856,i60
t5856,i17
t5856,i12
t5856,i118
t5856,i39
t5857,i25
t5857,i22
t5858,i25
t5858,i43
t5859,i46
t5859,i55
t5859,i85
t5859,i72
t5859,i82
t5859,i37
t5859,i116
t5859,i17
t5859,i65
t5860,i49
t5860,i55
t5860,i72
t5860,i99
t5860,i82
t5860,i116
t5860,i48
t5861,i49
t5861,i108
t5861,i100
t5861,i43
t5861,i40
t5861,i95
t5862,i115
t5863,i72
t5863,i37
t5863,i116
t5863,i31
t5864,i52
t5864,i65
t5865,i100
t5865,i102
t5865,i80
t5865,i54
t5866,i108
t5866,i16
t5866,i60
t5866,i116
t5866,i31
t5866,i58
t5866,i45
t5867,i100
t5867,i72
t5867,i2
t5867,i43
t5867,i30
t5867,i61
t5868,i49
t5868,i71
t5868,i60
t5868,i43
t5868,i48
t5868,i64
t5868,i45
t5869,i37
t5869,i30
t5870,i25
t5870,i37
t5871,i72
t5871,i81
t5872,i115
t5872,i100
t5872,i71
t5872,i81
t5872,i8
t5872,i47
t5872,i17
t5872,i9
t5872,i63
t5872,i21
t5873,i51
t5873,i100
t5874,i21
t5874,i30
t5874,i65
t5875,i100
t5875,i117
t5875,i72
t5875,i60
t5876,i72
t5876,i73
t5877,i113
t5878,i72
t5878,i37
t5878,i73
t5878,i54
t5879,i72
t5879,i71
t5879,i54
t5880,i51
t5880,i55
t5880,i25
t5880,i43
t5881,i15
t5881,i37
t5881,i43
t5882,i81
t5882,i12
t5882,i118
t5883,i51
t5883,i49
t5883,i83
t5883,i55
t5883,i100
t5883,i72
t5883,i25
t5883,i71
t5883,i37
t5884,i82
t5885,i33
t5885,i65
t5886,i59
t5886,i49
t5886,i55
t5886,i100
t5886,i99
t5886,i37
t5886,i105
t5886,i25
t5886,i106
t5886,i119
t5887,i25
t5887,i89
t5887,i49
t5887,i108
t5887,i55
t5887,i100
t5887,i37
t5887,i13
t5887,i52
t5887,i54
t5887,i43
t5887,i30
t5888,i100
t5888,i72
t5888,i99
t5888,i81
t5888,i82
t5888,i37
t5889,i72
t5889,i25
t5889,i71
t5889,i111
t5889,i37
t5889,i98
t5889,i31
t5889,i19
t5889,i48
t5889,i40
t5890,i81
t5891,i98
t5891,i61
t5891,i101
t5891,i12
t5891,i82
t5892,i51
t5892,i40
t5892,i61
t5892,i88
t5892,i45
t5893,i37
t5893,i9
t5893,i21
t5893,i54
t5894,i55
t5894,i100
t5894,i25
t5895,i97
t5895,i85
t5895,i71
t5895,i37
t5896,i108
t5896,i85
t5896,i100
t5896,i14
t5896,i12
t5897,i15
t5897,i28
t5897,i7
t5897,i25
t5897,i3
t5897,i54
t5898,i110
t5898,i89
t5898,i108
t5898,i100
t5898,i69
t5898,i71
t5898,i1
t5898,i54
t5898,i39
t5899,i25
t5899,i72
t5899,i61
t5899,i33
t5900,i15
t5900,i100
t5900,i117
t5900,i40
t5900,i76
t5901,i33
t5902,i115
t5902,i71
t5902,i82
t5902,i65
t5903,i75
t5903,i21
t5903,i103
t5904,i81
t5904,i75
t5904,i73
t5905,i25
t5905,i89
t5905,i107
t5905,i100
t5905,i72
t5905,i71
t5905,i82
t5905,i37
t5906,i40
t5906,i84
t5906,i95
t5906,i33
t5907,i45
t5908,i15
t5908,i97
t5908,i71
t5908,i17
t5908,i74
t5908,i43
t5908,i45
t5908,i65
t5909,i49
t5909,i100
t5909,i71
t5909,i92
t5909,i31
t5909,i19
t5909,i21
t5909,i88
t5909,i73
t5910,i59
t5910,i43
t5910,i88
t5910,i119
t5911,i81
t5912,i80
t5913,i100
t5913,i81
t5913,i37
t5913,i17
t5913,i114
t5913,i82
t5914,i75
t5915,i110
t5915,i46
t5915,i59
t5915,i115
t5915,i100
t5915,i72
t5915,i71
t5915,i82
t5915,i17
t5915,i43
t5915,i40
t5915,i76
t5915,i119
t5916,i44
t5917,i30
t5918,i100
t5919,i72
t5919,i99
t5919,i4
t5919,i9
t5919,i105
t5919,i40
t5919,i30
t5919,i66
t5920,i15
t5920,i37
t5920,i17
t5920,i43
t5920,i70
t5920,i54
t5921,i55
t5921,i82
t5922,i100
t5922,i40
t5922,i76
t5922,i118
t5923,i1
t5923,i44
t5923,i54
t5923,i43
t5923,i40
t5923,i103
t5923,i106
t5923,i60
t5924,i72
t5924,i4
t5925,i71
t5925,i8
t5926,i97
t5926,i108
t5926,i100
t5927,i110
t5927,i57
t5927,i60
t5927,i65
t5928,i25
t5928,i119
t5929,i87
t5929,i4
t5929,i17
t5929,i54
t5930,i4
t5930,i22
t5930,i48
t5931,i100
t5931,i72
t5931,i25
t5931,i71
t5931,i38
t5931,i1
t5931,i21
t5931,i73
t5932,i99
t5932,i81
t5932,i25
t5933,i40
t5934,i81
t5934,i65
t5935,i110
t5936,i43
t5937,i104
t5937,i88
t5938,i100
t5938,i72
t5938,i92
t5938,i53
t5938,i24
t5938,i43
t5938,i45
t5938,i119
t5939,i22
t5939,i82
t5939,i54
t5940,i25
t5941,i43
t5941,i103
t5942,i100
t5943,i97
t5943,i56
t5943,i65
t5944,i55
t5944,i100
t5944,i72
t5944,i2
t5944,i43
t5945,i71
t5945,i30
t5946,i97
t5946,i100
t5946,i60
t5946,i116
t5946,i9
t5946,i31
t5946,i54
t5946,i48
t5947,i108
t5947,i22
t5948,i99
t5948,i71
t5948,i80
t5948,i25
t5948,i40
t5948,i5
t5949,i35
t5950,i72
t5950,i47
t5950,i17
t5950,i43
t5951,i59
t5951,i100
t5951,i117
t5951,i29
t5952,i75
t5952,i113
t5953,i59
t5953,i75
t5954,i51
t5954,i59
t5954,i25
t5954,i81
t5954,i111
t5954,i78
t5954,i37
t5954,i17
t5954,i36
t5954,i21
t5954,i12
t5954,i82
t5954,i54
t5955,i108
t5955,i31
t5955,i43
t5955,i33
t5955,i12
t5955,i118
t5955,i88
t5955,i93
t5955,i106
t5955,i68
t5956,i25
t5956,i100
t5956,i38
t5956,i32
t5956,i106
t5957,i115
t5957,i71
t5957,i81
t5958,i15
t5958,i16
t5958,i82
t5958,i60
t5958,i43
t5958,i10
t5959,i15
t5959,i55
t5959,i25
t5959,i80
t5959,i19
t5959,i40
t5959,i54
t5960,i100
t5960,i17
t5960,i82
t5960,i113
t5961,i40
t5962,i15
t5962,i57
t5962,i115
t5962,i72
t5962,i81
t5962,i60
t5962,i48
t5962,i33
t5962,i12
t5963,i25
t5963,i43
t5964,i65
t5965,i43
t5966,i117
t5967,i4
t5967,i37
t5967,i12
t5968,i89
t5968,i108
t5968,i105
t5968,i40
t5968,i22
t5969,i60
t5969,i43
t5969,i54
t5970,i15
t5970,i57
t5970,i97
t5970,i71
t5970,i44
t5970,i111
t5970,i43
t5970,i48
t5970,i45
t5970,i65
t5971,i59
t5971,i55
t5971,i107
t5971,i92
t5971,i48
t5971,i118
t5972,i97
t5972,i108
t5972,i100
t5972,i37
t5973,i102
t5973,i70
t5974,i99
t5974,i38
t5974,i17
t5974,i73
t5975,i110
t5975,i59
t5975,i100
t5975,i82
t5975,i54
t5976,i81
t5976,i16
t5976,i82
t5977,i72
t5977,i43
t5977,i39
t5977,i65
t5978,i17
t5978,i30
t5978,i82
t5978,i65
t5979,i72
t5979,i99
t5979,i43
t5979,i40
t5979,i66
t5980,i72
t5980,i22
t5980,i61
t5980,i33
t5980,i54
t5981,i97
t5981,i80
t5981,i41
t5981,i64
t5981,i113
t5982,i72
t5982,i36
t5982,i40
t5982,i3
t5983,i80
t5983,i64
t5984,i57
t5984,i89
t5984,i116
t5985,i118
t5986,i40
t5987,i75
t5988,i100
t5989,i59
t5989,i81
t5989,i9
t5990,i52
t5990,i91
t5990,i54
t5991,i59
t5991,i97
t5991,i55
t5991,i100
t5991,i72
t5991,i71
t5991,i82
t5991,i17
t5991,i56
t5991,i13
t5991,i23
t5991,i114
t5991,i43
t5991,i48
t5991,i76
t5992,i15
t5992,i97
t5993,i25
t5993,i40
t5994,i49
t5995,i100
t5995,i72
t5995,i4
t5995,i69
t5995,i71
t5995,i23
t5995,i19
t5996,i55
t5997,i4
t5997,i25
t5997,i48
t5998,i103
t5998,i39
t5999,i85
t5999,i72
t5999,i99
t5999,i43
t6000,i108
t6000,i55
t6000,i100
t6000,i72
t6000,i31
t6000,i25
t6001,i43
t6002,i117
t6003,i30
t6004,i43
t6004,i22
t6004,i39
t6005,i80
t6005,i30
t6006,i49
t6007,i43
t6008,i25
t6008,i99
t6009,i100
t6009,i117
t6009,i4
t6009,i92
t6009,i82
t6009,i63
t6009,i13
t6009,i23
t6010,i4
t6010,i119
t6011,i15
t6011,i100
t6011,i53
t6011,i17
t6011,i48
t6011,i33
t6012,i42
t6012,i17
t6012,i82
t6013,i116
t6013,i43
t6014,i108
t6015,i25
t6015,i43
t6015,i48
t6015,i61
t6015,i65
t6016,i54
t6017,i15
t6017,i94
t6018,i72
t6018,i92
t6018,i25
t6019,i43
t6020,i72
t6020,i71
t6020,i92
t6021,i17
t6021,i82
t6021,i39
t6022,i97
t6022,i49
t6022,i72
t6022,i99
t6022,i71
t6022,i82
t6022,i25
t6022,i43
t6022,i54
t6023,i75
t6024,i72
t6024,i16
t6024,i102
t6024,i41
t6024,i2
t6024,i101
t6024,i64
t6025,i72
t6025,i4
t6025,i71
t6025,i60
t6026,i110
t6026,i83
t6027,i97
t6027,i80
t6027,i22
t6028,i71
t6028,i25
t6028,i43
t6028,i65
t6029,i71
t6029,i12
t6029,i106
t6030,i37
t6030,i40
t6030,i106
t6031,i43
t6031,i48
t6031,i40
t6032,i85
t6032,i72
t6032,i47
t6032,i17
t6032,i80
t6033,i69
t6033,i60
t6033,i2
t6033,i65
t6034,i110
t6034,i4
t6034,i37
t6034,i7
t6034,i30
t6034,i93
t6034,i5
t6035,i53
t6035,i58
t6036,i97
t6036,i49
t6036,i108
t6036,i71
t6036,i75
t6036,i43
t6037,i49
t6037,i100
t6037,i72
t6037,i99
t6037,i78
t6037,i82
t6037,i41
t6037,i66
t6038,i44
t6038,i17
t6038,i101
t6038,i73
t6039,i81
t6040,i51
t6040,i25
t6040,i22
t6041,i85
t6041,i60
t6041,i106
t6042,i49
t6042,i108
t6042,i72
t6042,i44
t6042,i111
t6042,i60
t6042,i98
t6042,i94
t6042,i58
t6042,i106
t6042,i65
t6043,i100
t6044,i15
t6044,i100
t6044,i116
t6044,i22
t6044,i48
t6044,i82
t6044,i64
t6045,i82
t6046,i43
t6047,i71
t6047,i111
t6047,i43
t6048,i108
t6048,i30
t6049,i25
t6049,i43
t6049,i82
t6049,i54
t6050,i40
t6051,i92
t6052,i88
t6053,i25
t6053,i43
t6053,i10
t6053,i82
t6053,i54
t6054,i100
t6055,i71
t6055,i31
t6055,i25
t6055,i103
t6056,i114
t6056,i12
t6057,i49
t6057,i71
t6057,i28
t6057,i116
t6058,i72
t6058,i116
t6058,i65
t6059,i97
t6059,i43
t6060,i97
t6060,i108
t6060,i83
t6060,i100
t6060,i116
t6060,i21
t6060,i25
t6060,i45
t6061,i97
t6061,i100
t6061,i111
t6061,i90
t6061,i40
t6061,i30
t6062,i51
t6063,i71
t6063,i43
t6063,i48
t6064,i59
t6064,i49
t6064,i55
t6064,i72
t6064,i37
t6064,i25
t6064,i61
t6065,i54
t6066,i81
t6066,i45
t6067,i100
t6067,i116
t6068,i23
t6069,i117
t6069,i72
t6069,i43
t6070,i49
t6070,i25
t6070,i81
t6070,i37
t6071,i72
t6071,i75
t6072,i30
t6073,i49
t6073,i72
t6073,i71
t6073,i17
t6073,i43
t6073,i22
t6074,i103
t6074,i106
t6075,i49
t6075,i72
t6075,i33
t6075,i82
t6076,i22
t6077,i72
t6077,i54
t6078,i30
t6079,i49
t6079,i108
t6079,i100
t6079,i99
t6079,i38
t6079,i17
t6079,i43
t6079,i12
t6080,i25
t6080,i59
t6080,i117
t6080,i4
t6080,i81
t6080,i8
t6080,i111
t6080,i37
t6080,i60
t6080,i90
t6080,i54
t6081,i114
t6081,i106
t6081,i68
t6082,i117
t6082,i48
t6082,i61
t6083,i100
t6083,i72
t6084,i97
t6084,i42
t6084,i63
t6085,i81
t6086,i89
t6086,i97
t6086,i55
t6086,i100
t6086,i75
t6086,i82
t6086,i37
t6086,i60
t6086,i30
t6086,i33
t6086,i66
t6087,i25
t6087,i43
t6088,i111
t6088,i78
t6088,i53
t6088,i17
t6088,i30
t6088,i33
t6088,i12
t6088,i45
t6088,i54
t6089,i60
t6089,i63
t6089,i48
t6089,i106
t6090,i17
t6090,i19
t6090,i30
t6091,i40
t6092,i49
t6092,i71
t6092,i81
t6092,i1
t6092,i54
t6092,i43
t6092,i48
t6092,i88
t6093,i15
t6093,i49
t6093,i72
t6093,i8
t6093,i116
t6093,i48
t6094,i43
t6095,i37
t6096,i16
t6096,i25
t6097,i30
t6098,i49
t6098,i55
t6098,i72
t6098,i42
t6098,i37
t6098,i40
t6098,i12
t6099,i80
t6099,i19
t6099,i106
t6100,i37
t6101,i97
t6101,i49
t6101,i72
t6101,i37
t6101,i60
t6102,i115
t6102,i71
t6103,i59
t6103,i97
t6103,i55
t6103,i90
t6103,i30
t6103,i5
t6103,i106
t6104,i97
t6104,i37
t6104,i103
t6104,i54
t6105,i110
t6105,i17
t6105,i43
t6106,i72
t6106,i1
t6106,i37
t6106,i54
t6107,i59
t6107,i85
t6107,i100
t6107,i37
t6108,i108
t6108,i93
t6108,i45
t6109,i82
t6109,i64
t6110,i55
t6110,i25
t6110,i99
t6110,i17
t6110,i82
t6110,i20
t6111,i58
t6112,i72
t6112,i25
t6112,i23
t6112,i54
t6113,i110
t6113,i106
t6114,i25
t6114,i55
t6114,i100
t6114,i99
t6114,i71
t6114,i38
t6114,i31
t6114,i109
t6114,i119
t6115,i99
t6115,i71
t6115,i60
t6116,i110
t6116,i54
t6117,i108
t6117,i99
t6117,i31
t6117,i41
t6118,i71
t6119,i37
t6120,i25
t6120,i55
t6120,i99
t6120,i39
t6120,i65
t6121,i59
t6122,i59
t6122,i8
t6122,i40
t6123,i37
t6123,i25
t6124,i17
t6124,i43
t6125,i30
t6126,i72
t6127,i59
t6127,i22
t6128,i57
t6129,i16
t6129,i42
t6129,i23
t6129,i54
t6129,i66
t6130,i15
t6130,i1
t6130,i37
t6130,i43
t6131,i40
t6131,i84
t6131,i54
t6132,i43
t6133,i49
t6133,i72
t6133,i99
t6133,i71
t6133,i116
t6133,i17
t6133,i21
t6133,i70
t6134,i100
t6134,i72
t6134,i37
t6134,i63
t6135,i89
t6135,i37
t6135,i109
t6136,i71
t6136,i23
t6136,i28
t6136,i37
t6136,i25
t6136,i43
t6136,i48
t6136,i40
t6136,i82
t6136,i65
t6137,i49
t6137,i71
t6137,i54
t6137,i66
t6137,i65
t6138,i57
t6138,i55
t6138,i17
t6139,i25
t6139,i43
t6139,i61
t6140,i89
t6140,i72
t6140,i71
t6140,i13
t6140,i52
t6140,i43
t6140,i66
t6141,i57
t6141,i55
t6141,i44
t6141,i116
t6142,i110
t6143,i25
t6143,i100
t6143,i81
t6143,i19
t6144,i61
t6145,i72
t6145,i81
t6146,i37
t6147,i59
t6147,i89
t6148,i97
t6148,i85
t6148,i24
t6149,i25
t6149,i107
t6149,i99
t6149,i80
t6149,i43
t6149,i30
t6149,i45
t6150,i97
t6150,i100
t6150,i99
t6150,i116
t6150,i106
t6151,i25
t6151,i22
t6151,i61
t6152,i15
t6152,i100
t6152,i72
t6152,i16
t6152,i92
t6152,i78
t6152,i66
t6152,i68
t6152,i54
t6153,i108
t6153,i83
t6153,i72
t6153,i37
t6154,i110
t6154,i59
t6154,i72
t6154,i50
t6155,i46
t6155,i89
t6155,i72
t6155,i47
t6155,i37
t6155,i17
t6155,i86
t6155,i48
t6155,i61
t6155,i50
t6156,i25
t6156,i1
t6156,i116
t6157,i51
t6157,i97
t6157,i72
t6157,i99
t6157,i71
t6157,i40
t6157,i113
t6158,i51
t6158,i38
t6159,i97
t6159,i108
t6159,i100
t6159,i42
t6159,i92
t6159,i17
t6159,i12
t6160,i30
t6161,i115
t6161,i84
t6162,i42
t6162,i25
t6162,i48
t6162,i40
t6162,i30
t6163,i37
t6164,i51
t6164,i97
t6164,i49
t6164,i108
t6165,i72
t6165,i37
t6165,i88
t6165,i45
t6165,i65
t6166,i55
t6166,i92
t6167,i25
t6167,i59
t6167,i55
t6167,i72
t6167,i99
t6167,i71
t6167,i44
t6167,i23
t6167,i82
t6167,i114
t6167,i29
t6167,i45
t6168,i55
t6168,i100
t6168,i72
t6168,i71
t6168,i44
t6168,i92
t6168,i37
t6169,i49
t6169,i100
t6169,i72
t6169,i31
t6170,i55
t6170,i100
t6170,i71
t6170,i23
t6170,i37
t6171,i103
t6172,i55
t6172,i72
t6172,i38
t6172,i13
t6173,i25
t6173,i83
t6173,i72
t6173,i37
t6173,i22
t6173,i113
t6174,i30
t6175,i72
t6176,i97
t6176,i49
t6176,i55
t6176,i111
t6176,i78
t6176,i25
t6177,i40
t6178,i72
t6179,i85
t6179,i100
t6179,i71
t6179,i81
t6179,i16
t6179,i23
t6180,i15
t6180,i49
t6180,i115
t6180,i100
t6180,i72
t6180,i99
t6180,i6
t6180,i37
t6180,i63
t6180,i31
t6180,i23
t6180,i10
t6180,i82
t6181,i100
t6182,i40
t6183,i72
t6184,i71
t6184,i36
t6185,i15
t6185,i17
t6185,i43
t6185,i61
t6185,i65
t6185,i54
t6186,i118
t6187,i98
t6187,i113
t6188,i92
t6189,i110
t6189,i37
t6190,i72
t6190,i37
t6190,i25
t6191,i110
t6191,i49
t6191,i55
t6191,i69
t6191,i38
t6191,i116
t6191,i48
t6192,i51
t6192,i30
t6192,i70
t6193,i52
t6194,i25
t6194,i115
t6194,i100
t6194,i71
t6194,i92
t6195,i108
t6195,i55
t6195,i100
t6195,i38
t6196,i15
t6196,i1
t6196,i37
t6196,i23
t6196,i64
t6197,i72
t6197,i80
t6197,i109
t6198,i51
t6199,i25
t6200,i54
t6200,i91
t6200,i45
t6201,i15
t6201,i55
t6201,i92
t6201,i111
t6201,i37
t6201,i25
t6202,i15
t6202,i37
t6202,i5
t6203,i40
t6204,i27
t6205,i110
t6205,i37
t6206,i15
t6206,i49
t6206,i37
t6206,i17
t6207,i43
t6207,i61
t6208,i37
t6208,i36
t6208,i30
t6208,i12
t6208,i65
t6209,i49
t6210,i25
t6210,i38
t6210,i1
t6210,i17
t6210,i54
t6211,i110
t6211,i22
t6211,i93
t6212,i87
t6213,i35
t6213,i108
t6213,i83
t6213,i100
t6214,i69
t6214,i74
t6215,i72
t6215,i99
t6215,i76
t6215,i65
t6215,i60
t6216,i72
t6216,i25
t6216,i37
t6216,i90
t6216,i64
t6217,i72
t6217,i71
t6217,i111
t6217,i12
t6217,i45
t6217,i65
t6218,i15
t6218,i59
t6218,i72
t6218,i37
t6218,i17
t6218,i48
t6219,i12
t6220,i97
t6221,i72
t6222,i51
t6222,i65
t6223,i115
t6223,i100
t6223,i71
t6223,i28
t6223,i37
t6224,i25
t6224,i118
t6225,i82
t6226,i48
t6227,i72
t6228,i50
t6229,i25
t6229,i72
t6230,i106
t6231,i51
t6232,i55
t6232,i16
t6232,i42
t6232,i60
t6232,i54
t6233,i25
t6233,i75
t6234,i55
t6234,i85
t6234,i71
t6234,i81
t6234,i16
t6234,i13
t6234,i54
t6234,i25
t6234,i40
t6235,i108
t6235,i72
t6235,i82
t6235,i114
t6235,i43
t6236,i108
t6236,i72
t6236,i37
t6236,i62
t6236,i32
t6236,i82
t6237,i40
t6238,i37
t6238,i65
t6239,i72
t6239,i25
t6239,i40
t6240,i64
t6241,i99
t6241,i86
t6241,i39
t6242,i15
t6242,i110
t6242,i108
t6242,i99
t6242,i71
t6242,i92
t6242,i60
t6242,i52
t6242,i114
t6242,i43
t6242,i48
t6242,i106
t6243,i110
t6243,i15
t6243,i49
t6243,i100
t6243,i81
t6243,i44
t6243,i37
t6243,i56
t6243,i82
t6243,i93
t6243,i54
t6244,i107
t6244,i100
t6244,i106
t6244,i45
t6245,i83
t6245,i115
t6246,i15
t6246,i55
t6246,i100
t6246,i72
t6246,i43
t6246,i64
t6247,i40
t6247,i76
t6248,i71
t6248,i28
t6248,i17
t6248,i54
t6249,i30
t6249,i76
t6250,i83
t6250,i115
t6250,i43
t6251,i83
t6251,i100
t6251,i53
t6252,i97
t6252,i56
t6253,i72
t6253,i30
t6254,i37
t6254,i116
t6255,i37
t6256,i30
t6257,i25
t6258,i59
t6258,i49
t6258,i55
t6258,i71
t6258,i116
t6258,i36
t6258,i30
t6258,i76
t6258,i65
t6259,i43
t6260,i15
t6260,i72
t6260,i37
t6260,i54
t6260,i65
t6261,i15
t6261,i37
t6261,i43
t6262,i23
t6262,i54
t6262,i25
t6263,i33
t6263,i12
t6263,i65
t6264,i100
t6264,i69
t6264,i71
t6265,i30
t6265,i65
t6266,i25
t6266,i43
t6266,i40
t6267,i83
t6268,i40
t6269,i74
t6270,i115
t6270,i71
t6270,i21
t6270,i82
t6271,i97
t6271,i19
t6271,i57
t6271,i118
t6272,i59
t6272,i72
t6273,i71
t6273,i40
t6273,i22
t6273,i61
t6273,i45
t6274,i111
t6274,i98
t6274,i48
t6274,i61
t6274,i33
t6274,i118
t6274,i106
t6274,i45
t6275,i49
t6275,i19
t6275,i48
t6276,i97
t6276,i25
t6276,i1
t6276,i82
t6277,i61
t6278,i43
t6278,i82
t6279,i59
t6279,i55
t6279,i71
t6279,i81
t6279,i92
t6279,i24
t6280,i97
t6280,i49
t6280,i108
t6280,i100
t6280,i98
t6280,i54
t6281,i15
t6281,i71
t6282,i55
t6282,i72
t6283,i110
t6283,i100
t6283,i25
t6283,i71
t6283,i8
t6283,i37
t6283,i65
t6284,i99
t6284,i4
t6284,i43
t6284,i40
t6284,i10
t6285,i99
t6286,i72
t6286,i7
t6287,i72
t6287,i37
t6288,i85
t6288,i100
t6288,i72
t6288,i71
t6288,i92
t6288,i25
t6288,i48
t6288,i40
t6288,i61
t6288,i101
t6289,i55
t6289,i85
t6289,i72
t6289,i25
t6289,i80
t6289,i24
t6289,i40
t6290,i108
t6290,i100
t6290,i116
t6290,i48
t6290,i118
t6291,i59
t6291,i108
t6291,i100
t6291,i72
t6291,i27
t6291,i37
t6291,i17
t6291,i43
t6292,i15
t6292,i89
t6292,i55
t6292,i85
t6292,i57
t6292,i45
t6292,i65
t6293,i75
t6293,i37
t6294,i75
t6294,i82
t6295,i49
t6295,i72
t6295,i25
t6295,i43
t6296,i49
t6296,i37
t6296,i36
t6296,i118
t6296,i45
t6297,i94
t6298,i15
t6298,i100
t6298,i72
t6298,i81
t6298,i82
t6298,i17
t6298,i57
t6298,i74
t6298,i25
t6298,i43
t6299,i49
t6299,i43
t6299,i67
t6300,i33
t6300,i65
t6301,i72
t6301,i37
t6302,i46
t6302,i51
t6302,i44
t6302,i82
t6302,i37
t6302,i17
t6302,i23
t6302,i61
t6303,i110
t6303,i57
t6303,i97
t6303,i108
t6303,i116
t6303,i19
t6303,i54
t6303,i118
t6303,i65
t6304,i37
t6304,i86
t6305,i89
t6305,i92
t6306,i42
t6306,i54
t6307,i72
t6307,i19
t6308,i40
t6309,i15
t6309,i46
t6309,i108
t6309,i47
t6310,i60
t6310,i54
t6310,i70
t6311,i100
t6311,i40
t6312,i15
t6312,i108
t6312,i115
t6312,i72
t6312,i25
t6312,i81
t6313,i59
t6313,i49
t6313,i55
t6313,i100
t6313,i72
t6313,i99
t6313,i82
t6314,i115
t6314,i16
t6314,i56
t6314,i21
t6314,i10
t6314,i54
t6315,i59
t6315,i55
t6315,i72
t6315,i71
t6315,i114
t6316,i110
t6316,i99
t6316,i71
t6316,i44
t6316,i116
t6316,i30
t6317,i49
t6317,i72
t6317,i82
t6317,i116
t6317,i43
t6317,i30
t6318,i72
t6318,i68
t6319,i97
t6319,i116
t6319,i17
t6319,i22
t6319,i82
t6319,i54
t6320,i4
t6320,i16
t6320,i65
t6320,i54
t6321,i72
t6321,i43
t6321,i88
t6322,i17
t6322,i118
t6322,i91
t6323,i27
t6323,i37
t6323,i40
t6324,i100
t6324,i72
t6324,i47
t6324,i43
t6325,i5
t6326,i100
t6326,i71
t6326,i104
t6326,i25
t6327,i87
t6327,i37
t6328,i100
t6328,i111
t6328,i37
t6328,i25
t6328,i40
t6328,i76
t6329,i48
t6330,i115
t6330,i100
t6330,i71
t6331,i100
t6331,i72
t6331,i25
t6331,i71
t6331,i81
t6331,i92
t6331,i37
t6331,i31
t6331,i45
t6332,i9
t6333,i118
t6334,i25
t6334,i43
t6334,i40
t6335,i15
t6335,i71
t6335,i31
t6335,i61
t6336,i72
t6336,i118
t6337,i38
t6337,i39
t6338,i57
t6338,i100
t6338,i71
t6338,i75
t6338,i48
t6338,i61
t6338,i65
t6339,i61
t6339,i118
t6340,i87
t6340,i59
t6340,i111
t6340,i37
t6340,i43
t6341,i40
t6341,i84
t6342,i97
t6342,i49
t6342,i17
t6342,i70
t6343,i75
t6343,i43
t6343,i22
t6343,i95
t6344,i49
t6344,i55
t6344,i71
t6344,i23
t6344,i47
t6344,i116
t6344,i62
t6344,i61
t6344,i12
t6344,i64
t6345,i31
t6346,i43
t6347,i15
t6347,i116
t6348,i38
t6349,i81
t6350,i49
t6351,i107
t6351,i81
t6351,i56
t6351,i103
t6351,i65
t6352,i72
t6353,i71
t6353,i40
t6353,i22
t6354,i89
t6354,i55
t6354,i107
t6354,i100
t6354,i25
t6354,i40
t6354,i65
t6355,i108
t6355,i37
t6356,i102
t6357,i72
t6358,i72
t6358,i116
t6358,i48
t6359,i15
t6359,i37
t6360,i91
t6361,i59
t6361,i72
t6361,i71
t6361,i8
t6362,i15
t6362,i72
t6362,i37
t6362,i43
t6362,i61
t6362,i33
t6362,i12
t6362,i50
t6362,i64
t6363,i15
t6363,i38
t6363,i116
t6363,i13
t6363,i43
t6363,i61
t6363,i101
t6363,i96
t6364,i49
t6364,i53
t6365,i110
t6365,i54
t6366,i59
t6366,i55
t6366,i82
t6366,i14
t6366,i43
t6367,i99
t6367,i75
t6367,i90
t6367,i21
t6368,i25
t6368,i30
t6368,i64
t6369,i71
t6369,i65
t6370,i55
t6370,i100
t6370,i19
t6370,i25
t6370,i48
t6371,i108
t6371,i38
t6371,i111
t6371,i33
t6371,i82
t6371,i45
t6372,i25
t6372,i72
t6373,i46
t6373,i72
t6373,i44
t6373,i21
t6374,i118
t6375,i88
t6375,i106
t6375,i45
t6375,i60
t6376,i37
t6376,i31
t6376,i36
t6377,i15
t6377,i46
t6377,i71
t6377,i23
t6377,i22
t6377,i3
t6377,i113
t6378,i54
t6378,i48
t6379,i110
t6379,i72
t6380,i15
t6380,i38
t6380,i116
t6380,i17
t6381,i72
t6381,i25
t6381,i71
t6381,i82
t6381,i37
t6382,i4
t6382,i38
t6383,i108
t6383,i100
t6383,i72
t6383,i69
t6383,i93
t6384,i15
t6384,i100
t6384,i71
t6384,i19
t6384,i25
t6384,i84
t6384,i54
t6385,i72
t6385,i31
t6385,i41
t6385,i25
t6385,i40
t6385,i12
t6385,i45
t6386,i61
t6386,i118
t6387,i15
t6387,i37
t6387,i40
t6388,i40
t6389,i114
t6390,i108
t6391,i51
t6391,i25
t6391,i22
t6391,i54
t6392,i38
t6392,i17
t6392,i25
t6392,i48
t6392,i40
t6393,i72
t6394,i49
t6394,i108
t6394,i55
t6394,i25
t6394,i99
t6394,i103
t6394,i82
t6395,i110
t6395,i23
t6395,i60
t6396,i114
t6397,i24
t6397,i5
t6398,i43
t6399,i55
t6399,i71
t6399,i38
t6400,i72
t6401,i97
t6401,i21
t6401,i54
t6401,i61
t6401,i45
t6402,i72
t6402,i99
t6402,i23
t6402,i54
t6403,i43
t6403,i39
t6404,i15
t6404,i71
t6404,i48
t6404,i54
t6405,i81
t6406,i110
t6406,i51
t6406,i49
t6406,i4
t6406,i19
t6406,i61
t6406,i54
t6407,i100
t6407,i116
t6407,i32
t6407,i22
t6408,i40
t6409,i108
t6409,i55
t6409,i99
t6409,i44
t6409,i104
t6410,i97
t6410,i72
t6410,i82
t6410,i118
t6410,i54
t6411,i81
t6412,i81
t6412,i65
t6413,i100
t6413,i69
t6413,i16
t6413,i1
t6413,i23
t6413,i47
t6413,i104
t6413,i52
t6414,i49
t6414,i72
t6414,i23
t6414,i116
t6415,i49
t6415,i37
t6415,i60
t6415,i61
t6415,i64
t6416,i39
t6417,i57
t6417,i116
t6417,i70
t6417,i54
t6418,i43
t6418,i30
t6418,i95
t6418,i61
t6418,i54
t6419,i71
t6419,i39
t6420,i110
t6420,i85
t6420,i117
t6420,i23
t6420,i116
t6420,i36
t6420,i54
t6421,i46
t6421,i108
t6421,i82
t6421,i17
t6421,i56
t6421,i21
t6421,i65
t6422,i30
t6423,i15
t6423,i16
t6423,i19
t6423,i25
t6423,i30
t6424,i110
t6424,i51
t6424,i99
t6424,i54
t6425,i5
t6426,i111
t6427,i72
t6427,i17
t6427,i56
t6427,i23
t6427,i43
t6427,i61
t6427,i39
t6428,i16
t6429,i22
t6430,i48
t6431,i55
t6431,i100
t6431,i72
t6431,i71
t6431,i33
t6431,i65
t6432,i110
t6432,i72
t6432,i92
t6433,i83
t6433,i116
t6434,i83
t6434,i23
t6434,i66
t6435,i40
t6436,i37
t6436,i45
t6436,i54
t6437,i37
t6437,i25
t6438,i99
t6438,i71
t6438,i65
t6439,i15
t6439,i97
t6439,i25
t6439,i71
t6439,i116
t6439,i31
t6439,i48
t6439,i106
t6439,i65
t6440,i110
t6440,i15
t6440,i97
t6440,i92
t6440,i111
t6440,i14
t6440,i80
t6440,i54
t6440,i12
t6440,i106
t6441,i35
t6441,i72
t6441,i37
t6441,i22
t6441,i82
t6442,i30
t6443,i8
t6443,i54
t6443,i64
t6444,i51
t6444,i59
t6444,i115
t6444,i82
t6444,i80
t6445,i49
t6446,i108
t6446,i83
t6446,i111
t6446,i37
t6446,i7
t6446,i30
t6447,i97
t6447,i49
t6447,i37
t6447,i43
t6447,i39
t6448,i57
t6448,i89
t6448,i100
t6448,i72
t6448,i37
t6448,i64
t6449,i54
t6450,i89
t6450,i72
t6450,i1
t6450,i90
t6450,i54
t6451,i55
t6451,i31
t6451,i109
t6452,i59
t6452,i55
t6452,i72
t6452,i42
t6453,i30
t6453,i61
t6454,i81
t6454,i16
t6454,i17
t6454,i31
t6454,i21
t6454,i82
t6454,i113
t6454,i65
t6455,i49
t6455,i71
t6455,i37
t6455,i54
t6456,i49
t6456,i72
t6456,i37
t6457,i17
t6458,i49
t6458,i69
t6458,i116
t6458,i63
t6459,i23
t6459,i39
t6460,i87
t6460,i72
t6460,i58
t6461,i57
t6461,i108
t6461,i72
t6461,i43
t6461,i65
t6462,i110
t6462,i15
t6462,i37
t6462,i43
t6462,i95
t6462,i39
t6462,i54
t6463,i15
t6463,i43
t6464,i49
t6464,i85
t6464,i72
t6464,i23
t6464,i104
t6464,i25
t6464,i43
t6465,i110
t6465,i115
t6465,i72
t6465,i90
t6465,i54
t6465,i66
t6466,i49
t6466,i44
t6466,i92
t6466,i82
t6466,i56
t6467,i81
t6468,i59
t6468,i72
t6468,i37
t6468,i54
t6469,i46
t6469,i59
t6469,i97
t6469,i65
t6470,i49
t6470,i53
t6470,i37
t6470,i25
t6470,i119
t6471,i110
t6471,i82
t6471,i7
t6471,i70
t6472,i15
t6472,i108
t6472,i55
t6472,i100
t6472,i72
t6472,i71
t6472,i17
t6472,i43
t6472,i45
t6472,i54
t6473,i110
t6473,i15
t6473,i51
t6473,i59
t6473,i89
t6473,i49
t6473,i55
t6473,i72
t6473,i71
t6473,i28
t6473,i37
t6473,i17
t6473,i40
t6473,i30
t6473,i65
t6474,i59
t6474,i49
t6474,i31
t6474,i25
t6475,i110
t6475,i15
t6475,i46
t6475,i83
t6475,i100
t6475,i4
t6475,i81
t6475,i25
t6475,i43
t6476,i25
t6476,i76
t6477,i38
t6478,i30
t6479,i17
t6479,i43
t6480,i110
t6480,i49
t6480,i100
t6480,i32
t6480,i119
t6481,i100
t6481,i43
t6481,i54
t6482,i110
t6482,i37
t6482,i17
t6483,i51
t6483,i81
t6483,i37
t6483,i80
t6483,i43
t6483,i33
t6483,i82
t6483,i64
t6484,i30
t6485,i83
t6485,i90
t6485,i113
t6486,i25
t6486,i22
t6486,i48
t6486,i40
t6487,i59
t6487,i97
t6487,i82
t6487,i61
t6487,i33
t6487,i45
t6488,i110
t6488,i57
t6488,i72
t6488,i25
t6488,i71
t6488,i23
t6488,i37
t6488,i17
t6489,i15
t6489,i37
t6490,i65
t6491,i46
t6491,i44
t6491,i17
t6491,i48
t6492,i87
t6492,i100
t6492,i33
t6493,i97
t6493,i115
t6493,i17
t6493,i5
t6493,i106
t6494,i115
t6494,i100
t6494,i71
t6494,i78
t6494,i80
t6494,i31
t6494,i61
t6495,i100
t6496,i43
t6497,i15
t6497,i72
t6497,i71
t6497,i16
t6497,i37
t6498,i35
t6498,i59
t6498,i72
t6498,i71
t6498,i8
t6498,i92
t6498,i60
t6498,i9
t6498,i14
t6498,i41
t6498,i48
t6499,i43
t6500,i38
t6501,i25
t6501,i49
t6501,i55
t6501,i100
t6501,i38
t6501,i54
t6501,i40
t6501,i84
t6502,i51
t6502,i55
t6502,i72
t6502,i1
t6502,i78
t6502,i82
t6502,i10
t6502,i50
t6502,i64
t6503,i83
t6503,i44
t6503,i31
t6503,i65
t6504,i15
t6504,i87
t6504,i56
t6504,i43
t6505,i43
t6506,i59
t6506,i43
t6506,i65
t6507,i72
t6507,i25
t6507,i99
t6508,i80
t6509,i100
t6509,i72
t6509,i38
t6509,i63
t6509,i119
t6510,i108
t6510,i25
t6510,i71
t6511,i110
t6511,i59
t6511,i55
t6511,i69
t6511,i82
t6512,i72
t6513,i37
t6513,i54
t6514,i89
t6514,i55
t6514,i72
t6514,i92
t6514,i37
t6514,i86
t6515,i25
t6515,i28
t6515,i111
t6515,i82
t6516,i15
t6516,i100
t6516,i81
t6516,i75
t6516,i82
t6516,i37
t6516,i54
t6516,i25
t6516,i65
t6517,i89
t6517,i115
t6517,i100
t6517,i72
t6517,i38
t6517,i8
t6517,i44
t6517,i17
t6517,i26
t6517,i12
t6518,i31
t6519,i30
t6520,i40
t6521,i89
t6521,i108
t6521,i100
t6521,i72
t6521,i99
t6521,i9
t6522,i54
t6523,i97
t6523,i49
t6523,i83
t6523,i55
t6523,i107
t6523,i100
t6523,i72
t6523,i92
t6523,i90
t6523,i29
t6523,i25
t6523,i22
t6523,i48
t6523,i45
t6524,i55
t6524,i82
t6524,i60
t6525,i115
t6525,i72
t6525,i71
t6525,i23
t6525,i66
t6525,i68
t6526,i72
t6526,i25
t6526,i99
t6526,i81
t6526,i65
t6527,i110
t6527,i51
t6527,i59
t6527,i49
t6527,i100
t6527,i72
t6527,i71
t6527,i37
t6527,i56
t6527,i19
t6527,i43
t6527,i65
t6528,i100
t6528,i72
t6528,i17
t6528,i31
t6528,i25
t6529,i23
t6529,i37
t6529,i116
t6530,i97
t6530,i71
t6530,i37
t6530,i17
t6531,i49
t6531,i100
t6531,i72
t6531,i17
t6531,i90
t6531,i119
t6532,i100
t6532,i37
t6533,i116
t6533,i23
t6533,i36
t6533,i54
t6533,i43
t6534,i39
t6535,i47
t6535,i37
t6535,i118
t6536,i25
t6536,i51
t6536,i92
t6536,i31
t6537,i15
t6537,i1
t6537,i37
t6537,i48
t6538,i15
t6538,i37
t6538,i30
t6539,i25
t6539,i100
t6539,i103
t6539,i54
t6540,i23
t6540,i47
t6540,i39
t6541,i100
t6541,i72
t6541,i82
t6542,i17
t6542,i30
t6543,i43
t6544,i97
t6544,i100
t6544,i72
t6544,i43
t6545,i72
t6545,i23
t6545,i103
t6546,i99
t6546,i48
t6546,i118
t6547,i100
t6548,i59
t6548,i72
t6548,i1
t6549,i71
t6549,i37
t6550,i87
t6550,i25
t6550,i99
t6550,i43
t6551,i83
t6551,i48
t6551,i76
t6551,i33
t6551,i12
t6551,i118
t6551,i54
t6552,i92
t6552,i63
t6552,i40
t6552,i95
t6552,i61
t6552,i113
t6553,i15
t6553,i49
t6553,i108
t6553,i32
t6553,i2
t6553,i30
t6554,i51
t6554,i97
t6554,i100
t6554,i72
t6554,i81
t6554,i104
t6554,i82
t6554,i52
t6554,i48
t6554,i30
t6554,i39
t6555,i16
t6556,i6
t6557,i49
t6557,i72
t6557,i19
t6557,i43
t6558,i110
t6558,i70
t6559,i15
t6559,i44
t6559,i17
t6560,i37
t6560,i116
t6560,i39
t6561,i43
t6561,i40
t6561,i84
t6561,i76
t6562,i9
t6563,i43
t6564,i15
t6564,i108
t6564,i55
t6564,i72
t6564,i37
t6564,i17
t6564,i54
t6565,i100
t6565,i72
t6565,i116
t6565,i31
t6566,i15
t6566,i37
t6566,i76
t6566,i54
t6567,i100
t6567,i72
t6567,i99
t6567,i81
t6567,i82
t6567,i116
t6567,i63
t6567,i54
t6568,i71
t6568,i82
t6568,i37
t6569,i57
t6569,i55
t6569,i72
t6569,i99
t6569,i17
t6570,i110
t6570,i51
t6570,i100
t6570,i116
t6570,i19
t6570,i54
t6570,i65
t6571,i100
t6571,i72
t6571,i111
t6571,i17
t6571,i48
t6571,i33
t6571,i54
t6572,i115
t6572,i71
t6572,i54
t6573,i37
t6574,i38
t6575,i63
t6576,i110
t6576,i46
t6576,i72
t6576,i23
t6576,i47
t6576,i60
t6576,i54
t6577,i16
t6577,i37
t6578,i97
t6578,i49
t6578,i85
t6578,i100
t6578,i17
t6578,i25
t6578,i65
t6579,i72
t6579,i111
t6579,i7
t6579,i36
t6579,i40
t6580,i40
t6581,i85
t6581,i116
t6582,i72
t6582,i99
t6582,i71
t6582,i67
t6582,i106
t6582,i45
t6582,i18
t6583,i59
t6583,i97
t6583,i100
t6584,i25
t6584,i83
t6585,i15
t6585,i115
t6585,i81
t6585,i54
t6586,i41
t6586,i54
t6586,i30
t6587,i37
t6588,i33
t6589,i108
t6589,i83
t6589,i71
t6589,i44
t6589,i45
t6590,i97
t6590,i111
t6590,i30
t6590,i76
t6591,i89
t6591,i19
t6591,i106
t6592,i25
t6592,i55
t6593,i59
t6593,i74
t6594,i43
t6595,i46
t6595,i115
t6595,i85
t6595,i72
t6595,i69
t6595,i71
t6595,i81
t6595,i23
t6595,i6
t6595,i17
t6595,i56
t6595,i82
t6595,i118
t6595,i106
t6595,i66
t6596,i97
t6596,i55
t6596,i37
t6597,i106
t6598,i97
t6598,i49
t6598,i4
t6598,i48
t6599,i15
t6599,i37
t6599,i43
t6599,i82
t6600,i72
t6601,i97
t6601,i71
t6601,i43
t6602,i21
t6602,i43
t6602,i64
t6603,i37
t6603,i17
t6603,i64
t6604,i10
t6604,i118
t6605,i71
t6605,i33
t6606,i111
t6606,i39
t6607,i72
t6608,i15
t6608,i49
t6608,i115
t6608,i71
t6608,i54
t6609,i51
t6609,i117
t6609,i75
t6609,i80
t6609,i88
t6610,i55
t6610,i100
t6610,i36
t6610,i54
t6611,i12
t6612,i115
t6612,i55
t6612,i72
t6612,i25
t6612,i37
t6612,i61
t6613,i89
t6613,i111
t6613,i76
t6614,i12
t6615,i25
t6615,i92
t6615,i43
t6615,i30
t6615,i106
t6616,i25
t6616,i49
t6616,i55
t6616,i72
t6616,i60
t6616,i39
t6616,i54
t6617,i110
t6617,i72
t6617,i4
t6617,i60
t6617,i54
t6618,i51
t6618,i30
t6619,i55
t6619,i72
t6619,i37
t6619,i98
t6619,i65
t6620,i23
t6620,i116
t6621,i82
t6622,i116
t6623,i25
t6623,i100
t6623,i72
t6623,i99
t6623,i33
t6624,i110
t6624,i9
t6624,i113
t6625,i100
t6625,i72
t6625,i10
t6625,i88
t6626,i83
t6627,i102
t6627,i62
t6627,i82
t6627,i106
t6627,i54
t6628,i29
t6628,i2
t6628,i54
t6629,i89
t6629,i72
t6629,i25
t6629,i16
t6629,i21
t6629,i2
t6629,i88
t6630,i49
t6630,i40
t6631,i97
t6632,i15
t6632,i72
t6632,i99
t6632,i21
t6633,i108
t6633,i71
t6633,i116
t6634,i49
t6634,i99
t6634,i71
t6634,i81
t6635,i110
t6635,i102
t6635,i37
t6636,i15
t6637,i41
t6638,i25
t6639,i55
t6640,i40
t6641,i98
t6642,i55
t6642,i1
t6643,i15
t6643,i37
t6643,i48
t6643,i10
t6644,i97
t6644,i100
t6644,i38
t6645,i100
t6645,i44
t6645,i92
t6645,i48
t6645,i33
t6646,i2
t6647,i71
t6647,i30
t6648,i108
t6648,i42
t6648,i40
t6648,i76
t6648,i82
t6648,i54
t6649,i72
t6649,i116
t6649,i43
t6649,i40
t6649,i61
t6649,i33
t6649,i82
t6649,i54
t6650,i100
t6650,i75
t6651,i57
t6651,i75
t6651,i37
t6651,i43
t6651,i33
t6651,i45
t6652,i72
t6653,i37
t6653,i113
t6654,i46
t6654,i55
t6654,i25
t6654,i16
t6654,i37
t6654,i90
t6654,i23
t6654,i54
t6654,i43
t6655,i60
t6655,i119
t6656,i25
t6656,i97
t6656,i21
t6656,i22
t6656,i54
t6657,i22
t6658,i56
t6658,i40
t6658,i76
t6659,i110
t6659,i51
t6659,i72
t6659,i71
t6659,i16
t6659,i116
t6660,i100
t6660,i99
t6660,i81
t6660,i17
t6660,i41
t6661,i72
t6661,i90
t6661,i33
t6661,i82
t6662,i15
t6663,i49
t6663,i55
t6663,i72
t6663,i44
t6663,i27
t6663,i23
t6663,i36
t6664,i100
t6664,i72
t6664,i43
t6665,i43
t6665,i40
t6666,i39
t6667,i51
t6667,i115
t6667,i72
t6667,i25
t6667,i71
t6667,i81
t6667,i44
t6668,i25
t6668,i1
t6668,i53
t6668,i37
t6668,i17
t6668,i43
t6668,i40
t6669,i71
t6669,i45
t6670,i49
t6670,i108
t6670,i83
t6671,i40
t6672,i83
t6672,i44
t6673,i51
t6673,i59
t6673,i72
t6673,i92
t6673,i23
t6673,i30
t6673,i88
t6673,i45
t6673,i119
t6674,i97
t6675,i71
t6675,i95
t6675,i33
t6675,i106
t6675,i54
t6676,i110
t6676,i102
t6676,i43
t6677,i72
t6677,i10
t6678,i87
t6678,i83
t6678,i100
t6678,i99
t6678,i38
t6678,i37
t6678,i17
t6678,i12
t6678,i39
t6679,i85
t6679,i100
t6679,i8
t6679,i44
t6679,i118
t6680,i71
t6680,i118
t6681,i99
t6681,i70
t6681,i91
t6682,i59
t6682,i55
t6682,i85
t6682,i107
t6682,i72
t6682,i27
t6682,i37
t6682,i80
t6682,i79
t6682,i25
t6682,i12
t6683,i22
t6684,i15
t6684,i72
t6684,i99
t6684,i40
t6685,i97
t6685,i81
t6685,i116
t6685,i25
t6685,i106
t6686,i25
t6686,i51
t6686,i107
t6686,i100
t6686,i36
t6686,i22
t6686,i45
t6686,i65
t6687,i100
t6687,i69
t6687,i25
t6687,i40
t6688,i75
t6689,i49
t6689,i72
t6689,i61
t6689,i20
t6690,i108
t6690,i25
t6690,i8
t6690,i60
t6690,i22
t6691,i83
t6691,i116
t6692,i115
t6692,i72
t6693,i25
t6694,i51
t6694,i49
t6694,i47
t6694,i25
t6694,i43
t6694,i40
t6695,i15
t6695,i37
t6696,i37
t6697,i72
t6697,i75
t6697,i43
t6698,i59
t6698,i97
t6698,i83
t6698,i115
t6698,i69
t6698,i71
t6698,i1
t6698,i37
t6699,i59
t6699,i8
t6699,i103
t6700,i100
t6700,i25
t6701,i115
t6701,i72
t6701,i81
t6701,i17
t6701,i43
t6701,i103
t6701,i82
t6701,i64
t6702,i15
t6702,i47
t6702,i60
t6703,i97
t6703,i100
t6703,i16
t6703,i82
t6703,i60
t6703,i19
t6704,i72
t6704,i99
t6704,i71
t6704,i81
t6704,i31
t6705,i97
t6706,i25
t6706,i33
t6707,i115
t6707,i92
t6707,i111
t6708,i100
t6708,i25
t6708,i38
t6708,i43
t6708,i18
t6708,i54
t6709,i110
t6709,i55
t6709,i69
t6709,i36
t6709,i40
t6710,i57
t6710,i89
t6710,i85
t6710,i100
t6710,i42
t6710,i116
t6711,i71
t6711,i80
t6711,i19
t6711,i48
t6711,i61
t6711,i106
t6712,i30
t6713,i72
t6713,i71
t6713,i23
t6713,i111
t6713,i54
t6714,i15
t6714,i100
t6715,i110
t6715,i100
t6716,i110
t6716,i97
t6716,i100
t6716,i72
t6716,i71
t6716,i98
t6716,i14
t6716,i3
t6717,i15
t6717,i97
t6717,i49
t6717,i55
t6717,i69
t6717,i116
t6717,i7
t6717,i101
t6717,i54
t6718,i97
t6718,i55
t6718,i100
t6718,i4
t6718,i17
t6718,i82
t6718,i113
t6718,i109
t6719,i111
t6719,i43
t6719,i45
t6720,i15
t6720,i97
t6720,i72
t6720,i1
t6720,i111
t6720,i60
t6720,i103
t6720,i18
t6721,i72
t6721,i116
t6721,i119
t6722,i46
t6722,i72
t6722,i1
t6722,i28
t6722,i116
t6722,i19
t6722,i40
t6722,i54
t6723,i66
t6724,i25
t6725,i76
t6726,i89
t6726,i55
t6726,i100
t6726,i4
t6726,i37
t6727,i25
t6727,i43
t6728,i99
t6728,i81
t6729,i110
t6729,i37
t6729,i62
t6729,i43
t6730,i51
t6731,i37
t6732,i43
t6733,i72
t6733,i37
t6734,i115
t6735,i46
t6736,i37
t6736,i84
t6737,i37
t6737,i30
t6738,i85
t6738,i72
t6738,i71
t6738,i37
t6738,i116
t6738,i48
t6739,i72
t6739,i71
t6739,i82
t6739,i41
t6739,i65
t6740,i71
t6740,i42
t6740,i1
t6740,i37
t6740,i31
t6740,i25
t6740,i43
t6740,i66
t6741,i37
t6742,i72
t6743,i37
t6744,i37
t6744,i40
t6745,i108
t6745,i115
t6745,i100
t6745,i25
t6745,i71
t6745,i43
t6745,i82
t6745,i68
t6746,i110
t6746,i81
t6746,i23
t6746,i48
t6746,i45
t6746,i65
t6747,i110
t6747,i83
t6747,i100
t6747,i44
t6747,i92
t6747,i37
t6747,i22
t6747,i65
t6748,i85
t6748,i100
t6748,i9
t6748,i40
t6748,i95
t6748,i65
t6749,i59
t6749,i108
t6749,i100
t6749,i72
t6749,i92
t6749,i37
t6750,i15
t6750,i97
t6750,i115
t6750,i81
t6750,i37
t6750,i30
t6750,i39
t6750,i45
t6751,i100
t6751,i8
t6751,i43
t6751,i40
t6752,i25
t6752,i49
t6752,i115
t6752,i72
t6752,i81
t6752,i38
t6752,i23
t6752,i113
t6753,i49
t6753,i108
t6753,i72
t6753,i37
t6753,i54
t6753,i106
t6754,i49
t6754,i55
t6754,i25
t6754,i90
t6754,i43
t6754,i45
t6755,i108
t6755,i16
t6755,i27
t6755,i54
t6756,i71
t6756,i43
t6757,i49
t6757,i55
t6757,i72
t6757,i25
t6757,i99
t6757,i71
t6757,i54
t6758,i43
t6758,i30
t6759,i37
t6759,i43
t6760,i42
t6761,i82
t6761,i17
t6761,i31
t6762,i109
t6763,i69
t6763,i116
t6763,i17
t6764,i72
t6764,i99
t6764,i56
t6765,i59
t6765,i107
t6765,i72
t6765,i19
t6765,i21
t6766,i57
t6766,i59
t6766,i115
t6766,i100
t6766,i99
t6766,i71
t6766,i81
t6766,i16
t6766,i116
t6767,i97
t6767,i72
t6767,i82
t6768,i16
t6768,i23
t6768,i43
t6769,i115
t6769,i72
t6769,i63
t6769,i41
t6769,i29
t6769,i82
t6770,i37
t6771,i72
t6771,i69
t6771,i71
t6771,i38
t6771,i25
t6771,i43
t6771,i65
t6772,i51
t6772,i72
t6773,i109
t6774,i51
t6774,i100
t6774,i81
t6774,i37
t6774,i116
t6774,i17
t6774,i23
t6774,i113
t6775,i13
t6775,i88
t6776,i97
t6776,i49
t6776,i72
t6776,i111
t6776,i37
t6776,i116
t6777,i100
t6777,i72
t6777,i92
t6778,i17
t6779,i12
t6780,i99
t6780,i37
t6780,i17
t6781,i72
t6781,i37
t6781,i80
t6781,i88
t6781,i54
t6782,i15
t6782,i55
t6782,i100
t6782,i92
t6782,i37
t6782,i60
t6782,i41
t6782,i40
t6782,i88
t6783,i43
t6783,i48
t6783,i33
t6784,i75
t6784,i116
t6784,i17
t6784,i45
t6785,i49
t6785,i72
t6785,i69
t6785,i116
t6785,i25
t6786,i46
t6786,i108
t6786,i55
t6786,i100
t6786,i72
t6786,i81
t6786,i44
t6786,i82
t6786,i31
t6787,i57
t6787,i49
t6787,i37
t6787,i74
t6787,i43
t6787,i82
t6787,i65
t6788,i115
t6788,i71
t6788,i82
t6788,i37
t6789,i100
t6789,i72
t6789,i37
t6789,i33
t6789,i119
t6790,i59
t6790,i60
t6791,i40
t6792,i25
t6792,i17
t6792,i21
t6792,i30
t6792,i106
t6792,i54
t6793,i72
t6793,i37
t6793,i60
t6793,i88
t6794,i97
t6794,i72
t6795,i110
t6795,i49
t6795,i72
t6796,i106
t6797,i54
t6798,i59
t6798,i31
t6799,i30
t6800,i110
t6800,i51
t6800,i4
t6800,i16
t6800,i31
t6800,i45
t6801,i110
t6801,i59
t6801,i115
t6801,i100
t6801,i72
t6802,i72
t6802,i39
t6803,i59
t6803,i100
t6803,i37
t6803,i17
t6803,i88
t6804,i30
t6805,i30
t6806,i72
t6806,i17
t6806,i65
t6807,i72
t6807,i74
t6807,i40
t6808,i46
t6808,i81
t6808,i92
t6808,i37
t6808,i70
t6809,i110
t6809,i83
t6809,i71
t6809,i54
t6809,i25
t6810,i55
t6810,i100
t6810,i72
t6810,i69
t6810,i111
t6811,i106
t6812,i89
t6812,i117
t6812,i72
t6812,i81
t6812,i37
t6812,i25
t6812,i61
t6812,i103
t6813,i15
t6813,i76
t6813,i65
t6814,i57
t6814,i72
t6814,i99
t6814,i1
t6814,i63
t6814,i23
t6814,i25
t6814,i43
t6814,i30
t6815,i49
t6815,i72
t6815,i38
t6815,i47
t6815,i17
t6815,i12
t6815,i39
t6816,i55
t6816,i85
t6816,i100
t6816,i72
t6816,i53
t6816,i54
t6816,i40
t6817,i108
t6817,i54
t6818,i71
t6819,i55
t6819,i72
t6819,i99
t6819,i71
t6820,i30
t6821,i51
t6821,i100
t6821,i72
t6821,i21
t6822,i55
t6822,i71
t6822,i116
t6822,i54
t6823,i15
t6823,i117
t6823,i16
t6823,i17
t6823,i24
t6823,i25
t6824,i82
t6825,i97
t6825,i72
t6825,i8
t6825,i1
t6825,i23
t6825,i36
t6826,i25
t6826,i17
t6827,i72
t6827,i25
t6827,i40
t6828,i117
t6829,i72
t6829,i4
t6830,i59
t6830,i23
t6830,i30
t6831,i46
t6831,i49
t6832,i65
t6833,i110
t6833,i47
t6833,i82
t6833,i60
t6833,i116
t6833,i62
t6833,i43
t6833,i106
t6834,i72
t6834,i56
t6834,i54
t6834,i30
t6835,i15
t6835,i108
t6835,i72
t6835,i99
t6835,i71
t6836,i113
t6837,i51
t6837,i59
t6837,i85
t6837,i71
t6837,i16
t6837,i78
t6837,i37
t6837,i31
t6837,i23
t6837,i61
t6837,i65
t6838,i49
t6838,i72
t6838,i23
t6838,i80
t6838,i10
t6839,i71
t6839,i103
t6839,i65
t6840,i89
t6840,i55
t6840,i72
t6840,i81
t6840,i63
t6840,i50
t6840,i65
t6841,i30
t6842,i2
t6842,i43
t6842,i82
t6842,i64
t6843,i59
t6843,i115
t6843,i71
t6843,i81
t6844,i25
t6844,i55
t6844,i71
t6844,i23
t6844,i45
t6845,i71
t6845,i92
t6845,i54
t6846,i23
t6847,i65
t6848,i44
t6848,i111
t6849,i59
t6849,i55
t6849,i25
t6850,i38
t6850,i82
t6850,i22
t6851,i59
t6851,i72
t6851,i37
t6851,i17
t6851,i21
t6851,i12
t6851,i82
t6851,i106
t6851,i65
t6851,i54
t6852,i37
t6853,i72
t6853,i71
t6853,i41
t6853,i88
t6853,i119
t6853,i54
t6854,i25
t6855,i15
t6855,i89
t6855,i55
t6855,i72
t6855,i82
t6855,i60
t6855,i56
t6856,i97
t6856,i83
t6857,i76
t6857,i94
t6858,i72
t6859,i108
t6859,i100
t6859,i30
t6860,i110
t6860,i49
t6860,i55
t6860,i72
t6860,i65
t6861,i110
t6861,i31
t6861,i25
t6861,i76
t6861,i33
t6862,i30
t6863,i17
t6863,i43
t6863,i82
t6864,i25
t6865,i15
t6865,i8
t6865,i37
t6865,i30
t6866,i38
t6867,i17
t6867,i43
t6867,i39
t6868,i55
t6868,i72
t6868,i71
t6868,i82
t6868,i37
t6868,i33
t6868,i45
t6869,i55
t6869,i32
t6869,i20
t6870,i59
t6870,i55
t6870,i100
t6870,i60
t6870,i43
t6870,i82
t6870,i65
t6871,i71
t6871,i16
t6871,i23
t6871,i37
t6871,i116
t6871,i17
t6871,i19
t6871,i36
t6871,i66
t6872,i110
t6872,i72
t6872,i71
t6872,i78
t6872,i82
t6873,i27
t6873,i111
t6874,i72
t6874,i23
t6874,i82
t6874,i31
t6874,i30
t6874,i33
t6874,i54
t6875,i83
t6875,i4
t6875,i71
t6875,i38
t6875,i92
t6875,i30
t6876,i25
t6876,i40
t6877,i69
t6877,i1
t6878,i1
t6878,i37
t6878,i118
t6879,i48
t6879,i82
t6880,i91
t6881,i37
t6881,i30
t6882,i30
t6883,i108
t6883,i69
t6883,i23
t6883,i37
t6884,i108
t6884,i25
t6884,i37
t6884,i82
t6885,i37
t6885,i116
t6886,i59
t6887,i78
t6887,i40
t6888,i43
t6888,i118
t6889,i30
t6890,i49
t6891,i117
t6891,i36
t6892,i37
t6893,i30
t6894,i25
t6894,i82
t6894,i63
t6894,i24
t6894,i41
t6895,i115
t6895,i43
t6895,i12
t6896,i55
t6896,i30
t6896,i109
t6896,i54
t6897,i57
t6897,i116
t6897,i43
t6897,i22
t6897,i20
t6898,i116
t6899,i97
t6899,i71
t6899,i16
t6899,i17
t6899,i26
t6899,i54
t6900,i72
t6900,i101
t6900,i118
t6900,i39
t6900,i64
t6901,i43
t6901,i40
t6901,i84
t6901,i76
t6901,i54
t6902,i55
t6902,i100
t6902,i117
t6902,i37
t6902,i30
t6902,i76
t6903,i49
t6903,i43
t6904,i55
t6904,i100
t6904,i72
t6904,i25
t6904,i92
t6904,i23
t6904,i25
t6904,i48
t6905,i83
t6905,i61
t6906,i31
t6906,i33
t6907,i59
t6907,i111
t6907,i29
t6908,i71
t6908,i37
t6908,i14
t6908,i31
t6908,i94
t6909,i25
t6909,i17
t6909,i33
t6909,i54
t6910,i37
t6910,i25
t6910,i118
t6911,i46
t6911,i100
t6911,i44
t6911,i17
t6911,i103
t6912,i110
t6912,i72
t6912,i71
t6912,i37
t6912,i31
t6913,i55
t6913,i100
t6913,i72
t6913,i47
t6913,i6
t6913,i82
t6913,i116
t6913,i80
t6913,i43
t6913,i33
t6913,i54
t6914,i116
t6914,i61
t6915,i69
t6915,i39
t6915,i45
t6916,i15
t6916,i51
t6916,i49
t6916,i55
t6916,i100
t6916,i72
t6916,i99
t6916,i37
t6916,i43
t6917,i49
t6917,i17
t6917,i43
t6917,i82
t6918,i30
t6919,i15
t6919,i72
t6919,i116
t6920,i43
t6921,i49
t6921,i62
t6921,i54
t6922,i49
t6923,i72
t6923,i111
t6923,i37
t6923,i17
t6923,i23
t6923,i43
t6924,i57
t6924,i30
t6925,i59
t6925,i55
t6925,i12
t6925,i65
t6926,i103
t6926,i70
t6927,i75
t6928,i100
t6928,i8
t6928,i104
t6928,i31
t6928,i76
t6929,i53
t6930,i37
t6930,i40
t6931,i49
t6931,i37
t6932,i15
t6932,i37
t6932,i43
t6933,i48
t6934,i72
t6934,i54
t6935,i83
t6935,i55
t6935,i100
t6935,i71
t6935,i60
t6936,i37
t6936,i31
t6937,i100
t6937,i72
t6937,i71
t6937,i81
t6937,i57
t6937,i74
t6937,i43
t6938,i15
t6938,i46
t6938,i37
t6938,i43
t6938,i22
t6939,i110
t6939,i55
t6939,i92
t6939,i60
t6940,i72
t6940,i17
t6940,i56
t6941,i30
t6941,i12
t6941,i82
t6942,i30
t6943,i5
t6943,i45
t6944,i40
t6945,i65
t6946,i72
t6947,i71
t6947,i30
t6948,i111
t6949,i100
t6950,i72
t6951,i100
t6951,i72
t6951,i81
t6951,i54
t6951,i119
t6952,i43
t6953,i99
t6953,i4
t6953,i37
t6953,i70
t6953,i113
t6954,i72
t6954,i75
t6955,i25
t6955,i30
t6955,i22
t6955,i39
t6955,i54
t6956,i97
t6956,i39
t6956,i54
t6957,i82
t6958,i65
t6959,i89
t6959,i115
t6959,i4
t6959,i81
t6959,i54
t6960,i88
t6961,i51
t6961,i55
t6961,i107
t6961,i72
t6961,i92
t6961,i37
t6961,i114
t6961,i88
t6961,i119
t6962,i30
t6963,i15
t6963,i49
t6963,i23
t6963,i17
t6963,i25
t6964,i8
t6964,i111
t6964,i82
t6964,i37
t6964,i21
t6965,i110
t6965,i72
t6965,i37
t6965,i66
t6965,i54
t6966,i115
t6966,i71
t6966,i104
t6967,i75
t6968,i15
t6968,i57
t6969,i72
t6969,i71
t6969,i9
t6970,i16
t6971,i72
t6972,i57
t6972,i92
t6972,i43
t6973,i59
t6973,i97
t6973,i49
t6973,i55
t6973,i100
t6973,i72
t6973,i81
t6973,i23
t6973,i37
t6973,i90
t6973,i14
t6973,i41
t6973,i88
t6974,i71
t6974,i13
t6974,i54
t6974,i39
t6974,i58
t6974,i106
t6975,i30
t6975,i54
t6976,i83
t6976,i82
t6977,i72
t6978,i72
t6978,i82
t6979,i30
t6980,i49
t6980,i108
t6981,i85
t6981,i80
t6981,i29
t6981,i25
t6981,i93
t6981,i54
t6982,i72
t6982,i69
t6982,i23
t6982,i48
t6983,i100
t6983,i9
t6984,i97
t6984,i44
t6985,i22
t6986,i51
t6986,i97
t6986,i49
t6986,i83
t6986,i55
t6986,i23
t6986,i2
t6986,i25
t6986,i48
t6986,i40
t6987,i72
t6988,i64
t6988,i106
t6989,i25
t6989,i43
t6989,i95
t6989,i65
t6989,i54
t6990,i97
t6990,i69
t6990,i60
t6990,i36
t6990,i25
t6990,i94
t6990,i5
t6991,i83
t6991,i37
t6991,i33
t6991,i64
t6992,i37
t6993,i89
t6993,i49
t6993,i85
t6993,i52
t6993,i43
t6993,i64
t6993,i54
t6994,i100
t6995,i64
t6996,i15
t6996,i100
t6996,i38
t6996,i37
t6996,i76
t6996,i118
t6996,i54
t6997,i51
t6997,i85
t6997,i71
t6998,i85
t6998,i100
t6998,i72
t6998,i71
t6998,i81
t6998,i105
t6998,i3
t6999,i59
t6999,i97
t6999,i83
t6999,i55
t6999,i37
t6999,i29
t6999,i82
t7000,i71
t7000,i25
t7000,i22
t7001,i94
t7002,i97
t7003,i56
t7004,i43
t7005,i110
t7005,i97
t7005,i100
t7005,i16
t7005,i70
t7005,i65
t7006,i60
t7006,i39
t7007,i22
t7008,i46
t7009,i38
t7009,i37
t7009,i25
t7010,i43
t7010,i118
t7010,i54
t7011,i1
t7011,i30
t7012,i49
t7012,i12
t7012,i65
t7013,i37
t7013,i43
t7014,i12
t7015,i40
t7016,i89
t7016,i8
t7016,i44
t7016,i41
t7016,i57
t7016,i93
t7017,i100
t7017,i111
t7017,i43
t7018,i55
t7018,i71
t7018,i16
t7018,i37
t7019,i72
t7019,i45
t7020,i46
t7020,i49
t7020,i108
t7020,i100
t7020,i16
t7020,i1
t7020,i82
t7020,i60
t7020,i48
t7021,i40
t7021,i84
t7021,i76
t7021,i12
t7021,i64
t7021,i45
t7021,i54
t7022,i75
t7022,i82
t7022,i37
t7022,i25
t7022,i43
t7022,i40
t7022,i54
t7023,i54
t7024,i59
t7024,i28
t7024,i37
t7024,i22
t7024,i54
t7025,i78
t7026,i40
t7027,i85
t7027,i48
t7028,i25
t7028,i40
t7029,i59
t7029,i100
t7029,i72
t7029,i75
t7030,i57
t7030,i100
t7030,i4
t7030,i71
t7030,i82
t7030,i37
t7030,i80
t7030,i2
t7030,i54
t7030,i25
t7030,i48
t7030,i40
t7031,i103
t7031,i45
t7032,i37
t7032,i113
t7033,i110
t7033,i15
t7033,i100
t7033,i71
t7033,i37
t7033,i60
t7034,i72
t7034,i92
t7035,i30
t7035,i39
t7036,i30
t7036,i76
t7037,i118
t7038,i16
t7038,i39
t7039,i38
t7039,i23
t7040,i43
t7041,i55
t7041,i72
t7041,i33
t7041,i66
t7042,i15
t7042,i37
t7042,i54
t7043,i37
t7044,i49
t7044,i71
t7044,i25
t7044,i118
t7045,i61
t7046,i30
t7047,i82
t7048,i85
t7048,i81
t7048,i65
t7049,i5
t7050,i25
t7050,i92
t7050,i82
t7050,i50
t7050,i54
t7051,i72
t7051,i43
t7051,i48
t7051,i54
t7052,i60
t7053,i57
t7053,i72
t7053,i82
t7053,i17
t7054,i100
t7054,i42
t7054,i43
t7054,i22
t7055,i72
t7055,i111
t7055,i60
t7055,i25
t7055,i43
t7055,i64
t7056,i59
t7056,i55
t7056,i100
t7056,i25
t7056,i43
t7057,i110
t7057,i15
t7057,i71
t7057,i60
t7057,i25
t7057,i43
t7057,i54
t7058,i15
t7058,i46
t7058,i99
t7058,i43
t7058,i10
t7058,i54
t7059,i17
t7059,i40
t7060,i45
t7061,i36
t7061,i30
t7061,i82
t7062,i40
t7063,i97
t7063,i49
t7063,i116
t7063,i26
t7063,i43
t7063,i45
t7063,i54
t7064,i72
t7064,i116
t7064,i13
t7064,i23
t7065,i72
t7065,i25
t7066,i110
t7066,i85
t7066,i69
t7066,i32
t7066,i24
t7066,i43
t7066,i54
t7067,i49
t7067,i83
t7067,i111
t7067,i116
t7067,i25
t7067,i43
t7067,i54
t7068,i54
t7069,i107
t7069,i25
t7069,i82
t7070,i15
t7070,i55
t7070,i39
t7070,i70
t7071,i55
t7071,i107
t7071,i72
t7071,i99
t7071,i92
t7071,i53
t7071,i114
t7071,i48
t7072,i99
t7072,i71
t7072,i60
t7072,i116
t7072,i63
t7072,i76
t7072,i54
t7073,i4
t7073,i22
t7073,i48
t7073,i101
t7073,i54
t7074,i49
t7074,i108
t7074,i72
t7074,i37
t7074,i116
t7074,i43
t7074,i103
t7075,i17
t7076,i37
t7076,i43
t7076,i91
t7077,i37
t7077,i40
t7078,i89
t7078,i100
t7078,i99
t7078,i37
t7078,i40
t7078,i39
t7079,i17
t7080,i108
t7081,i25
t7081,i40
t7081,i22
t7082,i23
t7082,i116
t7082,i57
t7082,i43
t7082,i82
t7083,i55
t7083,i71
t7083,i43
t7083,i101
t7084,i30
t7084,i61
t7084,i82
t7085,i72
t7085,i25
t7085,i71
t7085,i37
t7085,i54
t7085,i48
t7085,i88
t7086,i37
t7087,i55
t7088,i71
t7088,i63
t7088,i23
t7088,i41
t7089,i71
t7089,i81
t7089,i16
t7089,i48
t7089,i65
t7090,i15
t7090,i37
t7090,i31
t7091,i100
t7091,i23
t7091,i37
t7091,i31
t7091,i24
t7092,i54
t7093,i59
t7093,i92
t7093,i37
t7093,i43
t7093,i103
t7093,i18
t7094,i59
t7094,i23
t7094,i43
t7094,i33
t7094,i106
t7095,i108
t7095,i47
t7095,i25
t7096,i49
t7096,i108
t7096,i111
t7096,i58
t7097,i51
t7097,i25
t7098,i51
t7098,i72
t7098,i71
t7098,i23
t7098,i37
t7099,i15
t7099,i59
t7099,i89
t7099,i108
t7099,i55
t7099,i107
t7099,i100
t7099,i71
t7099,i6
t7099,i37
t7099,i113
t7100,i25
t7100,i55
t7100,i72
t7101,i110
t7101,i59
t7101,i100
t7101,i90
t7101,i31
t7101,i36
t7101,i113
t7101,i66
t7102,i108
t7102,i107
t7102,i100
t7102,i81
t7102,i80
t7102,i25
t7103,i72
t7103,i71
t7103,i25
t7104,i51
t7104,i54
t7105,i108
t7105,i65
t7106,i108
t7106,i100
t7106,i81
t7106,i1
t7106,i37
t7107,i110
t7107,i57
t7107,i25
t7107,i108
t7107,i55
t7107,i85
t7107,i81
t7107,i82
t7107,i11
t7107,i54
t7108,i30
t7109,i25
t7109,i71
t7109,i92
t7109,i102
t7109,i19
t7110,i57
t7110,i97
t7110,i71
t7110,i42
t7110,i92
t7110,i32
t7110,i57
t7110,i36
t7111,i29
t7111,i88
t7111,i106
t7111,i45
t7111,i65
t7111,i73
t7112,i15
t7112,i89
t7112,i31
t7113,i15
t7113,i43
t7114,i108
t7114,i72
t7114,i23
t7114,i37
t7114,i82
t7115,i49
t7115,i72
t7115,i111
t7115,i53
t7115,i37
t7115,i43
t7115,i40
t7115,i10
t7115,i88
t7115,i73
t7116,i59
t7116,i97
t7116,i99
t7116,i69
t7117,i59
t7118,i37
t7118,i40
t7119,i55
t7119,i25
t7119,i22
t7120,i49
t7120,i55
t7120,i99
t7120,i71
t7120,i105
t7120,i65
t7121,i59
t7121,i100
t7121,i72
t7121,i82
t7121,i31
t7121,i19
t7121,i25
t7121,i40
t7121,i65
t7122,i59
t7123,i89
t7123,i100
t7124,i97
t7125,i82
t7125,i37
t7125,i63
t7126,i4
t7126,i39
t7126,i65
t7127,i38
t7127,i78
t7127,i13
t7127,i23
t7128,i15
t7128,i46
t7128,i59
t7128,i97
t7128,i115
t7128,i71
t7128,i28
t7128,i37
t7128,i21
t7128,i82
t7128,i39
t7129,i37
t7129,i31
t7129,i25
t7129,i43
t7129,i76
t7129,i82
t7129,i64
t7129,i65
t7130,i110
t7130,i37
t7131,i97
t7131,i49
t7131,i72
t7131,i71
t7132,i51
t7132,i59
t7132,i83
t7132,i115
t7132,i55
t7132,i100
t7132,i117
t7132,i71
t7132,i65
t7133,i35
t7133,i99
t7133,i37
t7133,i65
t7134,i110
t7134,i53
t7134,i37
t7135,i72
t7135,i45
t7136,i72
t7136,i54
t7137,i51
t7137,i31
t7137,i64
t7138,i90
t7139,i48
t7140,i25
t7140,i55
t7140,i100
t7140,i37
t7140,i30
t7140,i76
t7141,i83
t7141,i17
t7141,i54
t7142,i25
t7142,i30
t7143,i110
t7143,i89
t7143,i55
t7143,i72
t7143,i71
t7143,i116
t7143,i82
t7144,i54
t7145,i72
t7145,i71
t7145,i78
t7145,i82
t7145,i60
t7145,i31
t7145,i48
t7145,i12
t7145,i106
t7146,i15
t7146,i49
t7146,i108
t7146,i104
t7146,i75
t7146,i37
t7146,i43
t7146,i118
t7146,i64
t7146,i54
t7147,i92
t7148,i108
t7148,i23
t7148,i37
t7149,i49
t7149,i72
t7149,i71
t7150,i81
t7150,i92
t7150,i63
t7150,i119
t7151,i49
t7151,i90
t7151,i64
t7152,i110
t7152,i108
t7152,i100
t7152,i71
t7153,i25
t7154,i115
t7154,i81
t7155,i25
t7155,i72
t7155,i37
t7155,i90
t7156,i38
t7157,i100
t7157,i82
t7158,i60
t7158,i22
t7158,i40
t7158,i84
t7158,i76
t7159,i110
t7159,i71
t7159,i82
t7160,i54
t7161,i110
t7161,i15
t7162,i15
t7162,i37
t7163,i15
t7163,i44
t7163,i54
t7164,i43
t7164,i82
t7164,i64
t7165,i49
t7165,i55
t7165,i72
t7165,i60
t7165,i54
t7166,i22
t7167,i49
t7167,i38
t7168,i25
t7168,i37
t7168,i43
t7168,i39
t7169,i99
t7169,i23
t7169,i37
t7169,i63
t7169,i31
t7169,i21
t7169,i54
t7170,i100
t7170,i37
t7170,i36
t7171,i39
t7172,i99
t7172,i98
t7173,i59
t7173,i72
t7173,i71
t7173,i116
t7173,i93
t7173,i113
t7174,i72
t7174,i54
t7175,i111
t7175,i21
t7175,i54
t7176,i25
t7177,i43
t7177,i82
t7178,i51
t7178,i59
t7178,i55
t7178,i100
t7178,i16
t7178,i28
t7178,i6
t7178,i82
t7178,i98
t7178,i77
t7178,i65
t7178,i54
t7179,i72
t7179,i99
t7179,i37
t7179,i25
t7179,i48
t7179,i88
t7180,i54
t7181,i15
t7181,i51
t7181,i59
t7181,i89
t7181,i55
t7181,i72
t7181,i25
t7181,i4
t7181,i90
t7181,i21
t7181,i82
t7181,i109
t7181,i54
t7182,i8
t7182,i23
t7182,i37
t7182,i43
t7182,i39
t7183,i15
t7183,i100
t7183,i37
t7184,i92
t7184,i118
t7185,i71
t7185,i92
t7185,i21
t7186,i72
t7186,i71
t7186,i17
t7186,i12
t7187,i37
t7188,i15
t7188,i37
t7188,i7
t7189,i71
t7189,i29
t7189,i65
t7190,i49
t7190,i115
t7190,i81
t7191,i30
t7192,i83
t7192,i23
t7193,i49
t7193,i72
t7193,i71
t7193,i81
t7193,i111
t7193,i37
t7193,i12
t7193,i65
t7193,i18
t7194,i71
t7195,i110
t7195,i49
t7196,i15
t7196,i40
t7196,i84
t7197,i51
t7197,i49
t7197,i108
t7197,i25
t7197,i40
t7198,i43
t7199,i41
t7199,i22
t7199,i54
t7200,i22
t7201,i47
t7201,i43
t7202,i51
t7202,i89
t7202,i100
t7202,i116
t7202,i86
t7203,i23
t7203,i37
t7203,i98
t7203,i96
t7203,i45
t7203,i65
t7204,i49
t7204,i85
t7204,i100
t7204,i72
t7204,i52
t7204,i43
t7204,i48
t7204,i82
t7204,i65
t7205,i79
t7205,i43
t7206,i108
t7206,i106
t7207,i110
t7207,i15
t7207,i57
t7207,i72
t7207,i38
t7207,i44
t7207,i48
t7207,i40
t7207,i94
t7207,i118
t7207,i45
t7208,i72
t7208,i36
t7208,i21
t7208,i2
t7209,i51
t7209,i100
t7209,i72
t7209,i116
t7209,i17
t7209,i43
t7209,i22
t7210,i110
t7210,i25
t7210,i22
t7210,i40
t7210,i94
t7211,i103
t7211,i54
t7212,i25
t7212,i100
t7212,i72
t7212,i17
t7213,i92
t7214,i37
t7215,i71
t7215,i105
t7215,i48
t7215,i106
t7216,i110
t7216,i15
t7216,i49
t7216,i108
t7216,i83
t7216,i100
t7216,i72
t7216,i25
t7216,i71
t7216,i111
t7216,i116
t7216,i76
t7217,i15
t7217,i43
t7218,i97
t7218,i85
t7218,i16
t7218,i116
t7218,i17
t7218,i25
t7218,i48
t7219,i100
t7219,i72
t7219,i71
t7219,i111
t7219,i56
t7219,i21
t7219,i43
t7219,i48
t7219,i82
t7219,i106
t7219,i65
t7220,i72
t7220,i38
t7221,i38
t7221,i37
t7221,i103
t7222,i86
t7223,i89
t7223,i100
t7224,i15
t7224,i37
t7225,i49
t7225,i83
t7225,i71
t7225,i92
t7225,i75
t7225,i37
t7225,i23
t7225,i43
t7225,i88
t7225,i93
t7226,i72
t7226,i69
t7226,i44
t7226,i54
t7226,i82
t7226,i64
t7227,i17
t7227,i80
t7228,i90
t7228,i26
t7228,i10
t7228,i50
t7228,i45
t7229,i72
t7229,i71
t7229,i111
t7229,i90
t7229,i26
t7229,i36
t7229,i21
t7229,i2
t7229,i43
t7230,i47
t7230,i25
t7230,i43
t7231,i116
t7232,i111
t7232,i30
t7232,i76
t7232,i61
t7233,i49
t7233,i111
t7233,i37
t7233,i64
t7233,i65
t7234,i59
t7234,i100
t7234,i12
t7234,i73
t7235,i40
t7235,i84
t7236,i82
t7237,i94
t7238,i43
t7238,i22
t7238,i61
t7238,i103
t7239,i15
t7239,i37
t7239,i43
t7240,i82
t7241,i49
t7241,i72
t7241,i69
t7241,i21
t7241,i48
t7241,i33
t7241,i82
t7241,i3
t7241,i65
t7242,i59
t7242,i49
t7242,i71
t7243,i116
t7243,i17
t7243,i56
t7243,i29
t7243,i54
t7243,i48
t7244,i72
t7245,i115
t7245,i100
t7245,i71
t7245,i16
t7245,i37
t7245,i25
t7245,i43
t7246,i97
t7246,i108
t7246,i25
t7246,i32
t7246,i40
t7246,i33
t7246,i39
t7246,i96
t7246,i45
t7247,i43
t7247,i118
t7248,i89
t7248,i83
t7248,i72
t7248,i17
t7248,i90
t7248,i43
t7249,i82
t7250,i83
t7250,i95
t7250,i12
t7251,i49
t7251,i55
t7251,i100
t7251,i45
t7252,i71
t7253,i89
t7253,i55
t7253,i71
t7253,i81
t7253,i1
t7253,i90
t7253,i43
t7253,i12
t7254,i17
t7254,i43
t7254,i61
t7254,i101
t7255,i15
t7255,i100
t7255,i71
t7255,i21
t7255,i103
t7255,i91
t7255,i66
t7256,i15
t7256,i46
t7256,i25
t7257,i115
t7258,i30
t7259,i97
t7260,i37
t7260,i43
t7261,i37
t7261,i43
t7261,i88
t7262,i25
t7262,i100
t7262,i37
t7262,i54
t7263,i110
t7263,i89
t7263,i72
t7263,i54
t7263,i25
t7263,i40
t7263,i12
t7263,i82
t7264,i37
t7265,i97
t7265,i72
t7265,i71
t7265,i81
t7265,i21
t7265,i118
t7265,i91
t7266,i43
t7267,i59
t7267,i55
t7267,i99
t7267,i4
t7267,i12
t7267,i93
t7268,i12
t7269,i72
t7269,i61
t7270,i87
t7271,i72
t7271,i43
t7271,i3
t7272,i46
t7272,i115
t7272,i55
t7272,i72
t7272,i81
t7272,i116
t7272,i17
t7272,i40
t7272,i45
t7273,i47
t7273,i116
t7274,i15
t7274,i55
t7275,i99
t7275,i113
t7276,i40
t7277,i4
t7277,i53
t7277,i80
t7277,i43
t7277,i61
t7277,i82
t7277,i96
t7278,i25
t7278,i100
t7279,i40
t7280,i87
t7280,i108
t7280,i71
t7280,i82
t7281,i37
t7281,i43
t7281,i3
t7282,i43
t7282,i67
t7283,i48
t7283,i73
t7283,i54
t7284,i100
t7284,i4
t7284,i60
t7285,i92
t7285,i78
t7286,i49
t7286,i72
t7286,i99
t7286,i4
t7286,i17
t7286,i43
t7286,i22
t7286,i106
t7286,i54
t7287,i92
t7287,i70
t7287,i106
t7287,i65
t7288,i89
t7288,i43
t7288,i67
t7288,i73
t7289,i110
t7289,i57
t7289,i100
t7289,i7
t7289,i40
t7289,i88
t7290,i71
t7290,i37
t7291,i100
t7291,i71
t7291,i81
t7291,i12
t7292,i15
t7292,i89
t7292,i85
t7292,i100
t7292,i37
t7292,i54
t7293,i15
t7293,i115
t7293,i99
t7293,i81
t7293,i33
t7293,i39
t7294,i37
t7294,i43
t7295,i25
t7295,i33
t7295,i82
t7296,i110
t7296,i49
t7296,i72
t7296,i37
t7296,i25
t7296,i45
t7297,i72
t7297,i44
t7297,i40
t7298,i40
t7298,i84
t7299,i54
t7300,i15
t7300,i72
t7300,i26
t7301,i43
t7302,i49
t7302,i108
t7303,i51
t7303,i92
t7304,i53
t7304,i43
t7305,i59
t7305,i55
t7305,i22
t7305,i54
t7306,i110
t7306,i15
t7306,i86
t7307,i40
t7308,i108
t7308,i115
t7308,i55
t7308,i72
t7308,i99
t7308,i81
t7308,i8
t7308,i92
t7308,i17
t7309,i25
t7309,i115
t7309,i92
t7309,i54
t7309,i66
t7310,i110
t7310,i15
t7310,i17
t7311,i71
t7311,i78
t7311,i37
t7312,i75
t7312,i60
t7312,i109
t7313,i49
t7313,i113
t7314,i90
t7314,i43
t7314,i33
t7315,i55
t7315,i72
t7315,i81
t7315,i82
t7315,i43
t7315,i48
t7316,i100
t7316,i25
t7316,i81
t7316,i47
t7317,i43
t7317,i30
t7317,i65
t7318,i43
t7318,i22
t7318,i12
t7318,i54
t7319,i83
t7319,i115
t7319,i69
t7319,i71
t7319,i73
t7320,i118
t7321,i108
t7321,i75
t7321,i25
t7321,i43
t7321,i48
t7321,i40
t7322,i103
t7322,i82
t7322,i118
t7323,i110
t7323,i55
t7323,i85
t7323,i72
t7323,i99
t7323,i69
t7323,i111
t7323,i80
t7323,i43
t7323,i48
t7323,i54
t7324,i110
t7324,i97
t7324,i49
t7324,i71
t7324,i25
t7325,i15
t7325,i72
t7325,i37
t7326,i82
t7327,i12
t7327,i82
t7328,i71
t7328,i22
t7329,i75
t7330,i72
t7331,i15
t7331,i97
t7331,i49
t7331,i100
t7331,i99
t7331,i17
t7331,i43
t7331,i82
t7331,i106
t7332,i33
t7332,i88
t7333,i15
t7333,i37
t7333,i43
t7334,i22
t7335,i110
t7335,i72
t7335,i47
t7335,i75
t7335,i36
t7335,i106
t7335,i66
t7336,i17
t7336,i31
t7336,i64
t7337,i103
t7338,i15
t7338,i43
t7339,i25
t7339,i51
t7339,i48
t7339,i30
t7339,i12
t7340,i39
t7341,i101
t7342,i72
t7342,i42
t7343,i110
t7343,i59
t7343,i89
t7343,i83
t7343,i72
t7343,i81
t7343,i6
t7343,i92
t7343,i54
t7343,i43
t7343,i22
t7343,i33
t7343,i106
t7344,i51
t7344,i97
t7344,i55
t7344,i72
t7344,i4
t7344,i71
t7344,i78
t7344,i31
t7344,i19
t7344,i82
t7344,i64
t7345,i49
t7345,i72
t7345,i82
t7345,i65
t7346,i99
t7346,i103
t7346,i118
t7346,i65
t7347,i100
t7347,i1
t7347,i44
t7347,i37
t7347,i17
t7348,i71
t7348,i111
t7348,i33
t7348,i82
t7348,i54
t7349,i15
t7349,i108
t7349,i100
t7349,i72
t7349,i44
t7349,i37
t7349,i52
t7349,i64
t7349,i45
t7350,i72
t7350,i111
t7350,i75
t7351,i100
t7351,i92
t7351,i75
t7352,i110
t7352,i99
t7352,i43
t7353,i57
t7353,i25
t7353,i59
t7353,i72
t7353,i81
t7353,i48
t7354,i21
t7354,i43
t7354,i118
t7355,i29
t7355,i25
t7355,i84
t7355,i93
t7356,i4
t7356,i30
t7357,i72
t7357,i25
t7358,i25
t7359,i71
t7359,i10
t7360,i25
t7360,i59
t7360,i100
t7360,i72
t7360,i16
t7360,i92
t7360,i90
t7360,i14
t7360,i41
t7360,i88
t7360,i3
t7360,i68
t7361,i69
t7361,i37
t7362,i54
t7362,i43
t7362,i50
t7363,i111
t7363,i75
t7363,i116
t7364,i61
t7365,i15
t7365,i97
t7365,i84
t7365,i55
t7365,i85
t7365,i99
t7365,i71
t7365,i81
t7365,i40
t7366,i60
t7366,i22
t7367,i108
t7367,i16
t7367,i56
t7367,i31
t7367,i25
t7367,i10
t7367,i54
t7368,i49
t7368,i25
t7369,i117
t7370,i97
t7370,i84
t7370,i72
t7370,i71
t7370,i47
t7370,i92
t7370,i37
t7370,i31
t7370,i82
t7371,i72
t7372,i25
t7373,i51
t7373,i55
t7373,i43
t7373,i61
t7374,i100
t7374,i16
t7374,i23
t7374,i43
t7375,i100
t7375,i28
t7375,i116
t7375,i31
t7375,i40
t7376,i57
t7376,i71
t7376,i45
t7377,i72
t7377,i8
t7377,i37
t7377,i45
t7377,i73
t7378,i30
t7378,i76
t7379,i49
t7379,i60
t7379,i32
t7379,i86
t7380,i49
t7380,i71
t7380,i38
t7380,i44
t7380,i111
t7380,i37
t7380,i105
t7380,i25
t7380,i54
t7381,i114
t7382,i15
t7382,i51
t7382,i49
t7382,i100
t7382,i69
t7382,i16
t7382,i43
t7383,i30
t7384,i54
t7384,i25
t7384,i30
t7384,i45
t7385,i51
t7386,i93
t7387,i30
t7388,i37
t7388,i43
t7389,i17
t7389,i43
t7389,i12
t7390,i22
t7391,i22
t7392,i53
t7392,i25
t7392,i43
t7392,i40
t7393,i37
t7394,i52
t7395,i30
t7396,i72
t7396,i41
t7396,i25
t7396,i65
t7397,i72
t7397,i4
t7398,i49
t7398,i72
t7398,i23
t7398,i47
t7398,i37
t7398,i54
t7399,i97
t7399,i84
t7399,i99
t7399,i1
t7399,i25
t7399,i45
t7400,i30
t7401,i37
t7401,i30
t7402,i108
t7402,i72
t7402,i37
t7402,i23
t7402,i41
t7403,i51
t7403,i72
t7403,i81
t7403,i40
t7403,i113
t7404,i30
t7405,i31
t7405,i109
t7405,i65
t7406,i25
t7406,i55
t7406,i16
t7406,i118
t7407,i57
t7407,i55
t7407,i85
t7407,i107
t7407,i100
t7407,i72
t7407,i63
t7407,i43
t7407,i70
t7408,i55
t7408,i100
t7408,i72
t7408,i63
t7409,i46
t7409,i83
t7409,i45
t7410,i65
t7411,i81
t7411,i37
t7411,i17
t7411,i25
t7412,i23
t7412,i98
t7413,i97
t7413,i84
t7413,i55
t7413,i69
t7413,i80
t7414,i108
t7414,i100
t7414,i72
t7414,i82
t7414,i17
t7414,i90
t7414,i24
t7414,i93
t7415,i59
t7415,i55
t7415,i100
t7415,i81
t7415,i37
t7415,i40
t7416,i71
t7416,i23
t7416,i17
t7416,i36
t7416,i48
t7416,i54
t7417,i15
t7417,i37
t7417,i40
t7418,i47
t7419,i82
t7419,i22
t7420,i25
t7420,i40
t7420,i39
t7421,i65
t7422,i30
t7423,i99
t7423,i71
t7424,i108
t7425,i38
t7425,i37
t7426,i43
t7426,i48
t7426,i33
t7427,i65
t7428,i110
t7428,i57
t7428,i51
t7428,i83
t7428,i55
t7428,i81
t7428,i82
t7429,i49
t7429,i72
t7429,i60
t7429,i33
t7429,i45
t7430,i51
t7430,i72
t7430,i23
t7430,i78
t7430,i116
t7430,i26
t7431,i25
t7431,i49
t7431,i100
t7431,i54
t7432,i25
t7432,i51
t7432,i49
t7432,i27
t7432,i21
t7433,i37
t7433,i36
t7433,i43
t7433,i65
t7434,i56
t7434,i48
t7434,i65
t7435,i15
t7435,i59
t7435,i97
t7435,i84
t7435,i71
t7435,i116
t7435,i31
t7435,i43
t7435,i33
t7435,i106
t7435,i45
t7435,i73
t7436,i15
t7436,i49
t7436,i42
t7436,i43
t7436,i118
t7437,i54
t7438,i42
t7438,i54
t7439,i71
t7440,i37
t7440,i76
t7441,i72
t7441,i17
t7442,i115
t7442,i100
t7442,i72
t7442,i71
t7442,i81
t7442,i92
t7442,i31
t7442,i65
t7442,i119
t7443,i97
t7443,i84
t7443,i65
t7444,i57
t7444,i55
t7444,i100
t7444,i72
t7444,i116
t7444,i17
t7444,i65
t7445,i108
t7445,i1
t7445,i37
t7445,i30
t7445,i54
t7446,i83
t7446,i115
t7446,i12
t7447,i30
t7448,i15
t7448,i83
t7448,i72
t7448,i70
t7449,i70
t7450,i25
t7450,i97
t7450,i84
t7450,i55
t7451,i15
t7451,i97
t7451,i84
t7451,i83
t7451,i99
t7451,i37
t7451,i116
t7451,i40
t7452,i35
t7452,i49
t7452,i71
t7452,i75
t7452,i37
t7453,i55
t7453,i23
t7453,i21
t7454,i1
t7455,i51
t7455,i100
t7455,i1
t7455,i60
t7456,i49
t7456,i69
t7457,i28
t7457,i37
t7458,i28
t7459,i15
t7459,i57
t7459,i83
t7459,i55
t7459,i100
t7459,i37
t7459,i30
t7460,i89
t7460,i60
t7460,i90
t7460,i25
t7460,i43
t7460,i12
t7460,i10
t7460,i64
t7461,i47
t7461,i40
t7461,i84
t7461,i76
t7462,i49
t7462,i108
t7462,i55
t7462,i100
t7462,i72
t7462,i47
t7462,i82
t7462,i116
t7462,i9
t7462,i21
t7462,i40
t7462,i68
t7463,i15
t7463,i37
t7463,i17
t7463,i21
t7464,i37
t7465,i59
t7465,i55
t7465,i37
t7465,i116
t7465,i17
t7465,i80
t7465,i45
t7465,i65
t7466,i37
t7466,i43
t7466,i12
t7466,i65
t7467,i118
t7468,i110
t7468,i15
t7468,i51
t7468,i97
t7468,i84
t7468,i100
t7468,i72
t7468,i37
t7468,i80
t7468,i25
t7468,i118
t7468,i119
t7469,i59
t7469,i37
t7470,i115
t7470,i72
t7470,i63
t7470,i23
t7470,i43
t7471,i43
t7471,i82
t7472,i72
t7472,i25
t7473,i25
t7473,i51
t7473,i72
t7473,i81
t7473,i54
t7474,i116
t7474,i17
t7474,i33
t7475,i110
t7475,i97
t7475,i84
t7475,i72
t7475,i25
t7475,i71
t7475,i92
t7475,i111
t7475,i75
t7475,i37
t7475,i101
t7475,i50
t7476,i110
t7476,i72
t7476,i31
t7476,i25
t7476,i43
t7476,i88
t7477,i108
t7477,i107
t7477,i100
t7477,i72
t7477,i99
t7477,i81
t7477,i67
t7477,i45
t7477,i68
t7477,i54
t7478,i106
t7479,i110
t7479,i55
t7479,i72
t7479,i25
t7479,i99
t7479,i82
t7479,i116
t7479,i63
t7479,i19
t7479,i68
t7480,i97
t7480,i84
t7480,i72
t7480,i81
t7480,i82
t7480,i13
t7480,i65
t7481,i49
t7481,i44
t7481,i82
t7481,i43
t7481,i22
t7481,i103
t7482,i25
t7482,i97
t7482,i84
t7482,i100
t7483,i25
t7484,i46
t7484,i83
t7484,i115
t7484,i44
t7484,i47
t7484,i33
t7484,i12
t7484,i91
t7484,i73
t7484,i54
t7485,i30
t7485,i39
t7486,i83
t7486,i22
t7486,i113
t7487,i89
t7487,i107
t7487,i100
t7487,i25
t7487,i81
t7487,i43
t7487,i93
t7487,i3
t7488,i99
t7488,i71
t7489,i37
t7489,i116
t7490,i12
t7491,i59
t7491,i100
t7491,i65
t7492,i59
t7493,i25
t7493,i40
t7494,i15
t7494,i92
t7494,i82
t7494,i43
t7494,i48
t7494,i45
t7494,i73
t7495,i110
t7495,i15
t7495,i35
t7495,i97
t7495,i84
t7495,i108
t7495,i85
t7495,i71
t7495,i82
t7495,i116
t7495,i80
t7495,i48
t7496,i82
t7496,i64
t7497,i16
t7497,i64
t7497,i45
t7498,i15
t7498,i49
t7498,i37
t7498,i43
t7498,i66
t7498,i54
t7499,i23
t7500,i40
t7500,i54
t7501,i37
t7501,i48
t7501,i118
t7501,i65
