sequence_id,pos,item
s1,1,5
s1,2,15
s1,3,23
s1,4,8
s1,5,9
s1,6,28
s1,7,13
s1,8,38
s1,9,66
s1,10,14
s1,11,29
s1,12,32
s1,13,17
s1,14,26
s1,15,33
s1,16,18
s1,17,77
s1,18,22
s1,19,4
s1,20,27
s1,21,41
s1,22,35
s1,23,114
s1,24,1
s1,25,118
s1,26,132
s1,27,78
s1,28,136
s1,29,71
s1,30,76
s1,31,137
s1,32,25
s1,33,34
s1,34,143
s1,35,69
s1,36,144
s1,37,47
s1,38,245
s1,39,58
s1,40,246
s1,41,24
s1,42,253
s1,43,42
s1,44,51
s2,1,4
s2,2,13
s2,3,65
s2,4,8
s2,5,7
s2,6,9
s2,7,77
s2,8,22
s2,9,68
s2,10,26
s2,11,2
s2,12,27
s2,13,46
s2,14,38
s2,15,70
s2,16,53
s2,17,32
s2,18,113
s2,19,117
s2,20,118
s2,21,132
s2,22,67
s2,23,133
s2,24,66
s2,25,136
s2,26,71
s2,27,143
s2,28,5
s2,29,195
s2,30,245
s2,31,36
s2,32,37
s2,33,246
s2,34,10
s2,35,16
s2,36,250
s2,37,42
s2,38,253
s2,39,20
s2,40,25
s2,41,28
s2,42,30
s3,1,4
s3,2,42
s3,3,60
s3,4,5
s3,5,8
s3,6,21
s3,7,1
s3,8,36
s3,9,9
s3,10,26
s3,11,72
s3,12,10
s3,13,41
s3,14,63
s3,15,14
s3,16,29
s3,17,17
s3,18,37
s3,19,18
s3,20,22
s3,21,44
s3,22,66
s3,23,23
s3,24,40
s3,25,27
s3,26,25
s3,27,46
s3,28,64
s3,29,53
s3,30,35
s3,31,113
s3,32,114
s3,33,117
s3,34,118
s3,35,132
s3,36,68
s3,37,133
s3,38,38
s3,39,65
s3,40,136
s3,41,69
s3,42,143
s3,43,195
s3,44,245
s3,45,246
s3,46,12
s3,47,250
s3,48,43
s3,49,54
s3,50,253
s3,51,24
s3,52,28
s3,53,30
s4,1,5
s4,2,15
s4,3,20
s4,4,8
s4,5,1
s4,6,9
s4,7,24
s4,8,40
s4,9,72
s4,10,23
s4,11,16
s4,12,21
s4,13,26
s4,14,38
s4,15,27
s4,16,48
s4,17,66
s4,18,53
s4,19,18
s4,20,113
s4,21,114
s4,22,117
s4,23,22
s4,24,118
s4,25,132
s4,26,65
s4,27,133
s4,28,136
s4,29,67
s4,30,143
s4,31,13
s4,32,144
s4,33,42
s4,34,175
s4,35,36
s4,36,179
s4,37,180
s4,38,191
s4,39,245
s4,40,58
s4,41,64
s4,42,246
s4,43,12
s4,44,253
s4,45,44
s4,46,49
s4,47,51
s4,48,274
s5,1,4
s5,2,8
s5,3,24
s5,4,5
s5,5,69
s5,6,83
s5,7,6
s5,8,32
s5,9,42
s5,10,1
s5,11,25
s5,12,62
s5,13,9
s5,14,50
s5,15,95
s5,16,11
s5,17,60
s5,18,91
s5,19,17
s5,20,37
s5,21,18
s5,22,22
s5,23,68
s5,24,23
s5,25,67
s5,26,26
s5,27,41
s5,28,56
s5,29,46
s5,30,88
s5,31,53
s5,32,65
s5,33,113
s5,34,114
s5,35,64
s5,36,117
s5,37,118
s5,38,132
s5,39,63
s5,40,89
s5,41,133
s5,42,136
s5,43,92
s5,44,143
s5,45,195
s5,46,245
s5,47,61
s5,48,246
s5,49,16
s5,50,250
s5,51,79
s5,52,253
s5,53,45
s5,54,49
s5,55,54
s5,56,57
s5,57,259
s5,58,34
s6,1,4
s6,2,19
s6,3,26
s6,4,63
s6,5,71
s6,6,6
s6,7,29
s6,8,56
s6,9,8
s6,10,1
s6,11,27
s6,12,57
s6,13,9
s6,14,83
s6,15,10
s6,16,75
s6,17,11
s6,18,13
s6,19,17
s6,20,7
s6,21,18
s6,22,22
s6,23,31
s6,24,73
s6,25,23
s6,26,14
s6,27,15
s6,28,46
s6,29,53
s6,30,43
s6,31,113
s6,32,12
s6,33,117
s6,34,118
s6,35,133
s6,36,143
s6,37,195
s6,38,245
s6,39,45
s6,40,246
s6,41,250
s6,42,50
s6,43,253
s6,44,36
s6,45,38
s6,46,41
s6,47,259
s6,48,32
s7,1,1
s7,2,18
s7,3,60
s7,4,8
s7,5,4
s7,6,10
s7,7,9
s7,8,57
s7,9,17
s7,10,2
s7,11,22
s7,12,26
s7,13,27
s7,14,28
s7,15,23
s7,16,59
s7,17,35
s7,18,14
s7,19,69
s7,20,55
s7,21,78
s7,22,79
s7,23,110
s7,24,56
s7,25,117
s7,26,118
s7,27,139
s7,28,5
s7,29,143
s7,30,199
s7,31,245
s7,32,34
s7,33,39
s7,34,246
s7,35,6
s7,36,12
s7,37,253
s7,38,15
s7,39,29
s8,1,1
s8,2,48
s8,3,82
s8,4,2
s8,5,28
s8,6,47
s8,7,5
s8,8,13
s8,9,18
s8,10,8
s8,11,19
s8,12,10
s8,13,26
s8,14,75
s8,15,17
s8,16,23
s8,17,7
s8,18,76
s8,19,27
s8,20,61
s8,21,35
s8,22,50
s8,23,36
s8,24,81
s8,25,41
s8,26,16
s8,27,44
s8,28,110
s8,29,117
s8,30,118
s8,31,132
s8,32,79
s8,33,139
s8,34,21
s8,35,73
s8,36,143
s8,37,74
s8,38,199
s8,39,245
s8,40,40
s8,41,246
s8,42,20
s8,43,253
s8,44,25
s8,45,29
s8,46,34
s8,47,262
s8,48,67
s9,1,19
s9,2,50
s9,3,73
s9,4,26
s9,5,35
s9,6,27
s9,7,75
s9,8,31
s9,9,11
s9,10,22
s9,11,2
s9,12,36
s9,13,41
s9,14,30
s9,15,13
s9,16,25
s9,17,78
s9,18,6
s9,19,79
s9,20,110
s9,21,4
s9,22,21
s9,23,114
s9,24,34
s9,25,117
s9,26,1
s9,27,29
s9,28,118
s9,29,120
s9,30,132
s9,31,38
s9,32,40
s9,33,133
s9,34,37
s9,35,55
s9,36,136
s9,37,24
s9,38,139
s9,39,143
s9,40,162
s9,41,7
s9,42,8
s9,43,179
s9,44,180
s9,45,184
s9,46,9
s9,47,189
s9,48,190
s9,49,14
s9,50,210
s9,51,245
s9,52,246
s9,53,33
s9,54,253
s9,55,48
s9,56,255
s9,57,17
s9,58,58
s9,59,66
s9,60,264
s9,61,266
s10,1,2
s10,2,61
s10,3,68
s10,4,5
s10,5,14
s10,6,20
s10,7,8
s10,8,1
s10,9,54
s10,10,9
s10,11,27
s10,12,10
s10,13,47
s10,14,18
s10,15,28
s10,16,17
s10,17,40
s10,18,34
s10,19,19
s10,20,58
s10,21,22
s10,22,23
s10,23,15
s10,24,26
s10,25,4
s10,26,16
s10,27,37
s10,28,31
s10,29,50
s10,30,35
s10,31,45
s10,32,41
s10,33,132
s10,34,30
s10,35,38
s10,36,133
s10,37,42
s10,38,49
s10,39,136
s10,40,21
s10,41,144
s10,42,55
s10,43,245
s10,44,24
s10,45,29
s10,46,246
s10,47,33
s10,48,253
s10,49,51
s10,50,256
s10,51,266
s10,52,39
s10,53,43
s11,1,10
s11,2,33
s11,3,50
s11,4,62
s11,5,87
s11,6,17
s11,7,24
s11,8,60
s11,9,18
s11,10,56
s11,11,92
s11,12,19
s11,13,22
s11,14,12
s11,15,48
s11,16,26
s11,17,1
s11,18,49
s11,19,27
s11,20,37
s11,21,65
s11,22,81
s11,23,41
s11,24,45
s11,25,51
s11,26,44
s11,27,58
s11,28,110
s11,29,6
s11,30,47
s11,31,113
s11,32,55
s11,33,117
s11,34,120
s11,35,11
s11,36,132
s11,37,133
s11,38,57
s11,39,72
s11,40,139
s11,41,143
s11,42,52
s11,43,144
s11,44,77
s11,45,218
s11,46,245
s11,47,76
s11,48,246
s11,49,54
s11,50,253
s11,51,68
s11,52,73
s11,53,259
s11,54,64
s11,55,261
s11,56,262
s11,57,82
s11,58,86
s12,1,11
s12,2,21
s12,3,63
s12,4,17
s12,5,18
s12,6,66
s12,7,20
s12,8,50
s12,9,60
s12,10,22
s12,11,12
s12,12,39
s12,13,23
s12,14,1
s12,15,2
s12,16,26
s12,17,3
s12,18,40
s12,19,27
s12,20,37
s12,21,44
s12,22,41
s12,23,110
s12,24,36
s12,25,114
s12,26,47
s12,27,117
s12,28,120
s12,29,6
s12,30,121
s12,31,13
s12,32,19
s12,33,132
s12,34,133
s12,35,48
s12,36,58
s12,37,136
s12,38,45
s12,39,139
s12,40,143
s12,41,144
s12,42,62
s12,43,205
s12,44,245
s12,45,31
s12,46,246
s12,47,253
s12,48,266
s12,49,46
s13,1,4
s13,2,15
s13,3,66
s13,4,8
s13,5,1
s13,6,9
s13,7,71
s13,8,11
s13,9,5
s13,10,69
s13,11,17
s13,12,18
s13,13,22
s13,14,20
s13,15,23
s13,16,29
s13,17,26
s13,18,21
s13,19,27
s13,20,46
s13,21,39
s13,22,53
s13,23,37
s13,24,113
s13,25,117
s13,26,118
s13,27,133
s13,28,136
s13,29,143
s13,30,195
s13,31,245
s13,32,35
s13,33,246
s13,34,14
s13,35,250
s13,36,50
s13,37,58
s13,38,253
s13,39,28
s13,40,31
s13,41,256
s13,42,40
s13,43,45
s14,1,1
s14,2,64
s14,3,65
s14,4,4
s14,5,11
s14,6,46
s14,7,8
s14,8,58
s14,9,9
s14,10,53
s14,11,10
s14,12,32
s14,13,60
s14,14,17
s14,15,30
s14,16,18
s14,17,22
s14,18,61
s14,19,26
s14,20,27
s14,21,28
s14,22,52
s14,23,59
s14,24,33
s14,25,57
s14,26,29
s14,27,113
s14,28,117
s14,29,118
s14,30,133
s14,31,136
s14,32,137
s14,33,195
s14,34,245
s14,35,246
s14,36,14
s14,37,250
s14,38,43
s14,39,51
s14,40,253
s14,41,21
s14,42,23
s14,43,256
s14,44,34
s14,45,38
s15,1,1
s15,2,67
s15,3,68
s15,4,4
s15,5,32
s15,6,46
s15,7,5
s15,8,13
s15,9,31
s15,10,8
s15,11,60
s15,12,9
s15,13,53
s15,14,10
s15,15,34
s15,16,61
s15,17,17
s15,18,29
s15,19,18
s15,20,22
s15,21,7
s15,22,64
s15,23,26
s15,24,27
s15,25,28
s15,26,52
s15,27,35
s15,28,59
s15,29,30
s15,30,113
s15,31,117
s15,32,118
s15,33,132
s15,34,65
s15,35,133
s15,36,136
s15,37,66
s15,38,137
s15,39,195
s15,40,245
s15,41,246
s15,42,15
s15,43,250
s15,44,43
s15,45,51
s15,46,253
s15,47,24
s15,48,256
s15,49,39
s16,1,1
s16,2,105
s16,3,106
s16,4,2
s16,5,51
s16,6,60
s16,7,5
s16,8,12
s16,9,29
s16,10,71
s16,11,83
s16,12,8
s16,13,30
s16,14,67
s16,15,90
s16,16,9
s16,17,64
s16,18,86
s16,19,11
s16,20,31
s16,21,61
s16,22,92
s16,23,17
s16,24,24
s16,25,18
s16,26,19
s16,27,76
s16,28,22
s16,29,14
s16,30,26
s16,31,38
s16,32,73
s16,33,93
s16,34,42
s16,35,62
s16,36,110
s16,37,4
s16,38,59
s16,39,114
s16,40,117
s16,41,123
s16,42,6
s16,43,132
s16,44,136
s16,45,65
s16,46,139
s16,47,143
s16,48,144
s16,49,218
s16,50,245
s16,51,49
s16,52,55
s16,53,84
s16,54,89
s16,55,246
s16,56,20
s16,57,247
s16,58,98
s16,59,249
s16,60,253
s16,61,32
s16,62,74
s16,63,81
s16,64,259
s16,65,69
s17,1,1
s17,2,37
s17,3,40
s17,4,85
s17,5,110
s17,6,3
s17,7,117
s17,8,125
s17,9,4
s17,10,16
s17,11,25
s17,12,5
s17,13,53
s17,14,69
s17,15,8
s17,16,2
s17,17,26
s17,18,49
s17,19,70
s17,20,111
s17,21,9
s17,22,45
s17,23,11
s17,24,50
s17,25,112
s17,26,17
s17,27,46
s17,28,18
s17,29,20
s17,30,54
s17,31,57
s17,32,21
s17,33,65
s17,34,113
s17,35,22
s17,36,41
s17,37,58
s17,38,27
s17,39,28
s17,40,43
s17,41,6
s17,42,114
s17,43,118
s17,44,120
s17,45,38
s17,46,132
s17,47,39
s17,48,133
s17,49,44
s17,50,72
s17,51,139
s17,52,143
s17,53,144
s17,54,83
s17,55,218
s17,56,245
s17,57,32
s17,58,35
s17,59,99
s17,60,104
s17,61,246
s17,62,14
s17,63,249
s17,64,63
s17,65,66
s17,66,253
s17,67,23
s17,68,55
s17,69,256
s17,70,75
s17,71,257
s17,72,89
s17,73,92
s17,74,259
s18,1,1
s18,2,78
s18,3,94
s18,4,3
s18,5,99
s18,6,111
s18,7,4
s18,8,17
s18,9,19
s18,10,47
s18,11,57
s18,12,8
s18,13,42
s18,14,72
s18,15,95
s18,16,9
s18,17,60
s18,18,10
s18,19,49
s18,20,97
s18,21,11
s18,22,40
s18,23,13
s18,24,45
s18,25,18
s18,26,108
s18,27,46
s18,28,23
s18,29,36
s18,30,26
s18,31,2
s18,32,37
s18,33,27
s18,34,107
s18,35,41
s18,36,31
s18,37,110
s18,38,6
s18,39,30
s18,40,114
s18,41,117
s18,42,120
s18,43,132
s18,44,32
s18,45,34
s18,46,133
s18,47,66
s18,48,136
s18,49,35
s18,50,139
s18,51,20
s18,52,29
s18,53,143
s18,54,16
s18,55,144
s18,56,76
s18,57,218
s18,58,245
s18,59,25
s18,60,92
s18,61,246
s18,62,7
s18,63,14
s18,64,77
s18,65,249
s18,66,56
s18,67,253
s18,68,21
s18,69,50
s18,70,256
s18,71,62
s18,72,68
s18,73,257
s18,74,83
s18,75,84
s18,76,259
s18,77,43
s19,1,1
s19,2,120
s19,3,121
s19,4,2
s19,5,24
s19,6,61
s19,7,4
s19,8,7
s19,9,17
s19,10,8
s19,11,18
s19,12,113
s19,13,9
s19,14,67
s19,15,10
s19,16,98
s19,17,101
s19,18,11
s19,19,73
s19,20,76
s19,21,14
s19,22,78
s19,23,87
s19,24,15
s19,25,69
s19,26,77
s19,27,88
s19,28,65
s19,29,107
s19,30,19
s19,31,91
s19,32,20
s19,33,111
s19,34,112
s19,35,22
s19,36,79
s19,37,23
s19,38,13
s19,39,99
s19,40,103
s19,41,26
s19,42,70
s19,43,80
s19,44,92
s19,45,104
s19,46,27
s19,47,117
s19,48,28
s19,49,37
s19,50,30
s19,51,38
s19,52,31
s19,53,56
s19,54,93
s19,55,110
s19,56,60
s19,57,114
s19,58,62
s19,59,127
s19,60,97
s19,61,132
s19,62,64
s19,63,133
s19,64,68
s19,65,89
s19,66,137
s19,67,95
s19,68,139
s19,69,16
s19,70,143
s19,71,90
s19,72,172
s19,73,83
s19,74,181
s19,75,102
s19,76,219
s19,77,223
s19,78,63
s19,79,245
s19,80,39
s19,81,108
s19,82,246
s19,83,12
s19,84,253
s19,85,259
s19,86,29
s19,87,71
s19,88,260
s19,89,81
s20,1,1
s20,2,34
s20,3,52
s20,4,8
s20,5,24
s20,6,9
s20,7,58
s20,8,11
s20,9,66
s20,10,75
s20,11,14
s20,12,53
s20,13,56
s20,14,17
s20,15,49
s20,16,57
s20,17,18
s20,18,82
s20,19,22
s20,20,51
s20,21,26
s20,22,27
s20,23,61
s20,24,38
s20,25,63
s20,26,77
s20,27,67
s20,28,80
s20,29,87
s20,30,78
s20,31,64
s20,32,110
s20,33,5
s20,34,48
s20,35,114
s20,36,117
s20,37,132
s20,38,55
s20,39,133
s20,40,139
s20,41,50
s20,42,143
s20,43,219
s20,44,245
s20,45,15
s20,46,20
s20,47,35
s20,48,79
s20,49,246
s20,50,59
s20,51,62
s20,52,247
s20,53,253
s20,54,25
s20,55,28
s20,56,71
s20,57,255
s20,58,86
s20,59,259
s20,60,68
s21,1,4
s21,2,18
s21,3,27
s21,4,5
s21,5,7
s21,6,17
s21,7,8
s21,8,1
s21,9,9
s21,10,34
s21,11,20
s21,12,52
s21,13,60
s21,14,22
s21,15,26
s21,16,24
s21,17,33
s21,18,36
s21,19,37
s21,20,64
s21,21,110
s21,22,114
s21,23,39
s21,24,117
s21,25,132
s21,26,35
s21,27,40
s21,28,139
s21,29,143
s21,30,25
s21,31,209
s21,32,245
s21,33,16
s21,34,30
s21,35,51
s21,36,59
s21,37,253
s21,38,42
s21,39,45
s21,40,257
s22,1,4
s22,2,7
s22,3,33
s22,4,8
s22,5,1
s22,6,9
s22,7,39
s22,8,11
s22,9,6
s22,10,38
s22,11,17
s22,12,18
s22,13,41
s22,14,20
s22,15,56
s22,16,66
s22,17,22
s22,18,23
s22,19,10
s22,20,32
s22,21,26
s22,22,5
s22,23,40
s22,24,68
s22,25,42
s22,26,78
s22,27,34
s22,28,79
s22,29,48
s22,30,111
s22,31,27
s22,32,37
s22,33,114
s22,34,46
s22,35,117
s22,36,19
s22,37,118
s22,38,132
s22,39,44
s22,40,137
s22,41,143
s22,42,45
s22,43,144
s22,44,25
s22,45,214
s22,46,245
s22,47,15
s22,48,52
s22,49,64
s22,50,253
s22,51,257
s22,52,29
s23,1,1
s23,2,70
s23,3,73
s23,4,5
s23,5,28
s23,6,38
s23,7,8
s23,8,21
s23,9,61
s23,10,9
s23,11,44
s23,12,14
s23,13,40
s23,14,48
s23,15,17
s23,16,37
s23,17,18
s23,18,60
s23,19,22
s23,20,35
s23,21,46
s23,22,23
s23,23,27
s23,24,26
s23,25,57
s23,26,45
s23,27,47
s23,28,39
s23,29,36
s23,30,68
s23,31,50
s23,32,78
s23,33,79
s23,34,59
s23,35,114
s23,36,132
s23,37,11
s23,38,49
s23,39,51
s23,40,133
s23,41,7
s23,42,52
s23,43,55
s23,44,136
s23,45,12
s23,46,20
s23,47,137
s23,48,143
s23,49,144
s23,50,245
s23,51,13
s23,52,42
s23,53,54
s23,54,65
s23,55,253
s23,56,24
s23,57,257
s23,58,259
s23,59,19
s24,1,4
s24,2,19
s24,3,92
s24,4,8
s24,5,1
s24,6,9
s24,7,98
s24,8,11
s24,9,49
s24,10,57
s24,11,71
s24,12,94
s24,13,17
s24,14,46
s24,15,69
s24,16,18
s24,17,60
s24,18,22
s24,19,53
s24,20,23
s24,21,61
s24,22,26
s24,23,54
s24,24,62
s24,25,90
s24,26,56
s24,27,113
s24,28,20
s24,29,93
s24,30,117
s24,31,118
s24,32,132
s24,33,95
s24,34,133
s24,35,143
s24,36,195
s24,37,245
s24,38,30
s24,39,44
s24,40,75
s24,41,82
s24,42,250
s24,43,253
s24,44,55
s24,45,58
s24,46,257
s24,47,36
s24,48,37
s24,49,259
s24,50,51
s24,51,52
s24,52,262
s24,53,85
s24,54,88
s25,1,1
s25,2,38
s25,3,39
s25,4,8
s25,5,31
s25,6,13
s25,7,4
s25,8,17
s25,9,22
s25,10,3
s25,11,26
s25,12,27
s25,13,114
s25,14,137
s25,15,144
s25,16,245
s25,17,5
s25,18,24
s25,19,32
s25,20,253
s25,21,10
s25,22,18
s26,1,1
s26,2,57
s26,3,58
s26,4,2
s26,5,36
s26,6,51
s26,7,8
s26,8,24
s26,9,52
s26,10,13
s26,11,29
s26,12,17
s26,13,14
s26,14,18
s26,15,22
s26,16,26
s26,17,5
s26,18,27
s26,19,31
s26,20,35
s26,21,113
s26,22,32
s26,23,43
s26,24,114
s26,25,46
s26,26,117
s26,27,44
s26,28,127
s26,29,34
s26,30,41
s26,31,132
s26,32,25
s26,33,133
s26,34,30
s26,35,137
s26,36,143
s26,37,144
s26,38,48
s26,39,145
s26,40,168
s26,41,33
s26,42,245
s26,43,12
s26,44,16
s26,45,49
s26,46,253
s26,47,42
s27,1,1
s27,2,16
s27,3,24
s27,4,56
s27,5,60
s27,6,8
s27,7,50
s27,8,13
s27,9,9
s27,10,45
s27,11,14
s27,12,46
s27,13,57
s27,14,17
s27,15,5
s27,16,18
s27,17,22
s27,18,10
s27,19,55
s27,20,23
s27,21,2
s27,22,26
s27,23,3
s27,24,27
s27,25,31
s27,26,33
s27,27,39
s27,28,35
s27,29,29
s27,30,36
s27,31,42
s27,32,113
s27,33,15
s27,34,32
s27,35,115
s27,36,38
s27,37,117
s27,38,7
s27,39,120
s27,40,41
s27,41,133
s27,42,143
s27,43,6
s27,44,28
s27,45,144
s27,46,43
s27,47,145
s27,48,37
s27,49,149
s27,50,150
s27,51,245
s27,52,44
s27,53,247
s27,54,253
s27,55,19
s27,56,264
s28,1,1
s28,2,35
s28,3,70
s28,4,2
s28,5,27
s28,6,32
s28,7,3
s28,8,77
s28,9,89
s28,10,8
s28,11,19
s28,12,33
s28,13,71
s28,14,10
s28,15,24
s28,16,17
s28,17,16
s28,18,18
s28,19,80
s28,20,22
s28,21,11
s28,22,23
s28,23,4
s28,24,26
s28,25,5
s28,26,81
s28,27,110
s28,28,117
s28,29,118
s28,30,132
s28,31,7
s28,32,136
s28,33,73
s28,34,139
s28,35,14
s28,36,143
s28,37,199
s28,38,245
s28,39,15
s28,40,38
s28,41,40
s28,42,247
s28,43,45
s28,44,50
s28,45,253
s28,46,29
s28,47,259
s28,48,21
s28,49,262
s28,50,61
s28,51,69
s28,52,264
s29,1,1
s29,2,27
s29,3,70
s29,4,3
s29,5,81
s29,6,82
s29,7,8
s29,8,17
s29,9,71
s29,10,11
s29,11,24
s29,12,19
s29,13,18
s29,14,22
s29,15,12
s29,16,23
s29,17,7
s29,18,26
s29,19,110
s29,20,10
s29,21,117
s29,22,118
s29,23,120
s29,24,29
s29,25,32
s29,26,39
s29,27,43
s29,28,139
s29,29,16
s29,30,143
s29,31,144
s29,32,78
s29,33,199
s29,34,245
s29,35,15
s29,36,40
s29,37,41
s29,38,247
s29,39,44
s29,40,46
s29,41,248
s29,42,35
s29,43,37
s29,44,253
s29,45,262
s29,46,54
s29,47,64
s29,48,266
s29,49,21
s30,1,1
s30,2,31
s30,3,37
s30,4,3
s30,5,46
s30,6,47
s30,7,8
s30,8,26
s30,9,38
s30,10,11
s30,11,27
s30,12,36
s30,13,13
s30,14,6
s30,15,17
s30,16,14
s30,17,18
s30,18,43
s30,19,19
s30,20,22
s30,21,12
s30,22,39
s30,23,5
s30,24,113
s30,25,117
s30,26,132
s30,27,4
s30,28,15
s30,29,136
s30,30,137
s30,31,138
s30,32,143
s30,33,16
s30,34,35
s30,35,144
s30,36,30
s30,37,245
s30,38,253
s30,39,21
s30,40,23
s30,41,258
s30,42,7
s31,1,2
s31,2,23
s31,3,25
s31,4,8
s31,5,17
s31,6,9
s31,7,31
s31,8,11
s31,9,30
s31,10,41
s31,11,13
s31,12,18
s31,13,1
s31,14,19
s31,15,27
s31,16,22
s31,17,7
s31,18,10
s31,19,26
s31,20,39
s31,21,12
s31,22,44
s31,23,114
s31,24,118
s31,25,132
s31,26,24
s31,27,133
s31,28,138
s31,29,143
s31,30,245
s31,31,253
s31,32,28
s31,33,258
s32,1,4
s32,2,19
s32,3,60
s32,4,8
s32,5,12
s32,6,9
s32,7,68
s32,8,22
s32,9,16
s32,10,23
s32,11,17
s32,12,64
s32,13,26
s32,14,1
s32,15,27
s32,16,46
s32,17,35
s32,18,59
s32,19,53
s32,20,31
s32,21,113
s32,22,7
s32,23,117
s32,24,118
s32,25,132
s32,26,2
s32,27,63
s32,28,66
s32,29,133
s32,30,62
s32,31,136
s32,32,67
s32,33,195
s32,34,245
s32,35,33
s32,36,34
s32,37,250
s32,38,40
s32,39,43
s32,40,253
s32,41,25
s32,42,258
s32,43,14
s32,44,264
s32,45,29
s32,46,30
s33,1,1
s33,2,84
s33,3,112
s33,4,2
s33,5,35
s33,6,68
s33,7,8
s33,8,21
s33,9,69
s33,10,10
s33,11,33
s33,12,36
s33,13,60
s33,14,64
s33,15,11
s33,16,85
s33,17,13
s33,18,22
s33,19,14
s33,20,49
s33,21,50
s33,22,76
s33,23,77
s33,24,17
s33,25,23
s33,26,37
s33,27,65
s33,28,18
s33,29,111
s33,30,19
s33,31,26
s33,32,27
s33,33,87
s33,34,48
s33,35,104
s33,36,53
s33,37,113
s33,38,20
s33,39,117
s33,40,132
s33,41,54
s33,42,58
s33,43,62
s33,44,71
s33,45,136
s33,46,59
s33,47,61
s33,48,66
s33,49,70
s33,50,78
s33,51,137
s33,52,52
s33,53,141
s33,54,143
s33,55,186
s33,56,45
s33,57,189
s33,58,38
s33,59,191
s33,60,245
s33,61,12
s33,62,41
s33,63,252
s33,64,30
s33,65,253
s33,66,258
s33,67,16
s33,68,262
s34,1,5
s34,2,18
s34,3,55
s34,4,8
s34,5,12
s34,6,9
s34,7,61
s34,8,10
s34,9,58
s34,10,11
s34,11,14
s34,12,17
s34,13,1
s34,14,15
s34,15,22
s34,16,60
s34,17,26
s34,18,46
s34,19,56
s34,20,53
s34,21,113
s34,22,117
s34,23,118
s34,24,62
s34,25,132
s34,26,57
s34,27,133
s34,28,146
s34,29,195
s34,30,245
s34,31,13
s34,32,27
s34,33,31
s34,34,250
s34,35,35
s34,36,43
s34,37,253
s34,38,23
s34,39,24
s34,40,258
s34,41,262
s34,42,45
s34,43,49
s35,1,10
s35,2,3
s35,3,7
s35,4,34
s35,5,36
s35,6,53
s35,7,59
s35,8,11
s35,9,8
s35,10,12
s35,11,37
s35,12,46
s35,13,69
s35,14,74
s35,15,13
s35,16,19
s35,17,22
s35,18,17
s35,19,1
s35,20,23
s35,21,47
s35,22,60
s35,23,48
s35,24,20
s35,25,113
s35,26,132
s35,27,73
s35,28,133
s35,29,72
s35,30,171
s35,31,179
s35,32,191
s35,33,245
s35,34,65
s35,35,246
s35,36,38
s35,37,43
s35,38,247
s35,39,252
s35,40,21
s35,41,27
s35,42,253
s35,43,35
s35,44,257
s35,45,49
s35,46,262
s35,47,71
s36,1,5
s36,2,14
s36,3,33
s36,4,8
s36,5,1
s36,6,9
s36,7,36
s36,8,11
s36,9,4
s36,10,29
s36,11,41
s36,12,67
s36,13,17
s36,14,38
s36,15,18
s36,16,35
s36,17,72
s36,18,22
s36,19,32
s36,20,23
s36,21,16
s36,22,26
s36,23,27
s36,24,37
s36,25,46
s36,26,69
s36,27,53
s36,28,110
s36,29,114
s36,30,40
s36,31,73
s36,32,117
s36,33,34
s36,34,132
s36,35,65
s36,36,133
s36,37,55
s36,38,136
s36,39,68
s36,40,139
s36,41,7
s36,42,143
s36,43,144
s36,44,57
s36,45,171
s36,46,179
s36,47,191
s36,48,209
s36,49,245
s36,50,24
s36,51,246
s36,52,247
s36,53,39
s36,54,252
s36,55,42
s36,56,48
s36,57,253
s36,58,56
s36,59,63
s36,60,257
s36,61,20
s36,62,21
s37,1,2
s37,2,1
s37,3,29
s37,4,37
s37,5,4
s37,6,15
s37,7,20
s37,8,5
s37,9,41
s37,10,66
s37,11,8
s37,12,21
s37,13,38
s37,14,9
s37,15,73
s37,16,10
s37,17,34
s37,18,11
s37,19,14
s37,20,31
s37,21,48
s37,22,17
s37,23,12
s37,24,32
s37,25,43
s37,26,18
s37,27,19
s37,28,55
s37,29,22
s37,30,26
s37,31,46
s37,32,45
s37,33,53
s37,34,42
s37,35,69
s37,36,35
s37,37,40
s37,38,23
s37,39,78
s37,40,3
s37,41,24
s37,42,79
s37,43,110
s37,44,7
s37,45,33
s37,46,114
s37,47,117
s37,48,120
s37,49,132
s37,50,71
s37,51,136
s37,52,39
s37,53,68
s37,54,139
s37,55,143
s37,56,171
s37,57,191
s37,58,210
s37,59,245
s37,60,27
s37,61,246
s37,62,247
s37,63,252
s37,64,47
s37,65,253
s37,66,59
s37,67,65
s37,68,257
s38,1,2
s38,2,1
s38,3,11
s38,4,9
s38,5,20
s38,6,14
s38,7,8
s38,8,31
s38,9,40
s38,10,17
s38,11,24
s38,12,18
s38,13,10
s38,14,43
s38,15,27
s38,16,23
s38,17,26
s38,18,12
s38,19,35
s38,20,36
s38,21,16
s38,22,84
s38,23,7
s38,24,88
s38,25,89
s38,26,111
s38,27,114
s38,28,117
s38,29,120
s38,30,6
s38,31,133
s38,32,144
s38,33,145
s38,34,3
s38,35,149
s38,36,150
s38,37,162
s38,38,4
s38,39,179
s38,40,180
s38,41,13
s38,42,184
s38,43,190
s38,44,209
s38,45,237
s38,46,245
s38,47,32
s38,48,246
s38,49,247
s38,50,257
s38,51,28
s39,1,1
s39,2,34
s39,3,56
s39,4,4
s39,5,27
s39,6,29
s39,7,8
s39,8,18
s39,9,30
s39,10,13
s39,11,39
s39,12,52
s39,13,14
s39,14,9
s39,15,12
s39,16,17
s39,17,32
s39,18,16
s39,19,19
s39,20,49
s39,21,22
s39,22,5
s39,23,11
s39,24,26
s39,25,2
s39,26,35
s39,27,31
s39,28,71
s39,29,42
s39,30,50
s39,31,78
s39,32,79
s39,33,84
s39,34,88
s39,35,89
s39,36,111
s39,37,23
s39,38,113
s39,39,10
s39,40,114
s39,41,117
s39,42,120
s39,43,7
s39,44,133
s39,45,139
s39,46,143
s39,47,144
s39,48,145
s39,49,6
s39,50,149
s39,51,150
s39,52,162
s39,53,179
s39,54,180
s39,55,184
s39,56,189
s39,57,190
s39,58,245
s39,59,246
s39,60,247
s39,61,257
s39,62,24
s39,63,25
s40,1,1
s40,2,50
s40,3,3
s40,4,51
s40,5,59
s40,6,10
s40,7,17
s40,8,18
s40,9,22
s40,10,27
s40,11,110
s40,12,54
s40,13,118
s40,14,124
s40,15,139
s40,16,52
s40,17,144
s40,18,57
s40,19,199
s40,20,245
s40,21,26
s40,22,32
s40,23,36
s40,24,246
s40,25,12
s40,26,247
s40,27,4
s40,28,257
s40,29,21
s40,30,262
s40,31,42
s41,1,11
s41,2,36
s41,3,58
s41,4,13
s41,5,7
s41,6,17
s41,7,2
s41,8,30
s41,9,18
s41,10,26
s41,11,60
s41,12,23
s41,13,1
s41,14,47
s41,15,34
s41,16,57
s41,17,53
s41,18,29
s41,19,113
s41,20,117
s41,21,118
s41,22,120
s41,23,3
s41,24,10
s41,25,24
s41,26,133
s41,27,195
s41,28,245
s41,29,247
s41,30,21
s41,31,22
s41,32,250
s41,33,35
s41,34,40
s41,35,257
s41,36,262
s41,37,43
s41,38,49
s42,1,1
s42,2,50
s42,3,60
s42,4,2
s42,5,8
s42,6,30
s42,7,49
s42,8,27
s42,9,9
s42,10,12
s42,11,11
s42,12,13
s42,13,14
s42,14,28
s42,15,17
s42,16,15
s42,17,18
s42,18,58
s42,19,19
s42,20,22
s42,21,23
s42,22,10
s42,23,26
s42,24,57
s42,25,31
s42,26,35
s42,27,36
s42,28,73
s42,29,20
s42,30,78
s42,31,79
s42,32,34
s42,33,84
s42,34,16
s42,35,88
s42,36,89
s42,37,110
s42,38,114
s42,39,32
s42,40,117
s42,41,118
s42,42,21
s42,43,120
s42,44,6
s42,45,136
s42,46,51
s42,47,139
s42,48,7
s42,49,143
s42,50,144
s42,51,163
s42,52,209
s42,53,245
s42,54,42
s42,55,55
s42,56,246
s42,57,38
s42,58,247
s42,59,257
s42,60,29
s42,61,273
s43,1,19
s43,2,27
s43,3,38
s43,4,53
s43,5,78
s43,6,26
s43,7,18
s43,8,50
s43,9,43
s43,10,41
s43,11,33
s43,12,44
s43,13,17
s43,14,48
s43,15,79
s43,16,42
s43,17,113
s43,18,1
s43,19,132
s43,20,16
s43,21,20
s43,22,63
s43,23,66
s43,24,76
s43,25,133
s43,26,15
s43,27,21
s43,28,62
s43,29,67
s43,30,75
s43,31,146
s43,32,4
s43,33,149
s43,34,245
s43,35,13
s43,36,56
s43,37,246
s43,38,57
s43,39,64
s43,40,253
s43,41,40
s43,42,45
s43,43,258
s43,44,28
s43,45,262
s44,1,19
s44,2,41
s44,3,44
s44,4,20
s44,5,62
s44,6,78
s44,7,22
s44,8,8
s44,9,29
s44,10,26
s44,11,1
s44,12,30
s44,13,58
s44,14,27
s44,15,49
s44,16,48
s44,17,39
s44,18,76
s44,19,53
s44,20,110
s44,21,21
s44,22,113
s44,23,14
s44,24,81
s44,25,117
s44,26,15
s44,27,133
s44,28,13
s44,29,37
s44,30,136
s44,31,77
s44,32,139
s44,33,18
s44,34,141
s44,35,28
s44,36,36
s44,37,143
s44,38,23
s44,39,214
s44,40,245
s44,41,47
s44,42,55
s44,43,246
s44,44,4
s44,45,59
s44,46,66
s44,47,253
s44,48,42
s44,49,45
s44,50,257
s44,51,258
s44,52,33
s44,53,262
s44,54,70
s44,55,79
s45,1,22
s45,2,5
s45,3,14
s45,4,33
s45,5,24
s45,6,15
s45,7,21
s45,8,26
s45,9,1
s45,10,31
s45,11,35
s45,12,13
s45,13,36
s45,14,41
s45,15,9
s45,16,27
s45,17,44
s45,18,113
s45,19,20
s45,20,114
s45,21,12
s45,22,55
s45,23,120
s45,24,16
s45,25,132
s45,26,133
s45,27,19
s45,28,137
s45,29,7
s45,30,141
s45,31,8
s45,32,144
s45,33,146
s45,34,149
s45,35,150
s45,36,32
s45,37,163
s45,38,17
s45,39,245
s45,40,246
s45,41,2
s45,42,253
s45,43,258
s45,44,10
s45,45,262
s45,46,48
s45,47,52
s46,1,14
s46,2,31
s46,3,57
s46,4,17
s46,5,12
s46,6,23
s46,7,10
s46,8,26
s46,9,5
s46,10,41
s46,11,18
s46,12,33
s46,13,44
s46,14,1
s46,15,45
s46,16,113
s46,17,126
s46,18,35
s46,19,132
s46,20,4
s46,21,133
s46,22,40
s46,23,136
s46,24,24
s46,25,32
s46,26,137
s46,27,141
s46,28,143
s46,29,13
s46,30,245
s46,31,42
s46,32,43
s46,33,48
s46,34,52
s46,35,246
s46,36,8
s46,37,253
s46,38,259
s46,39,21
s46,40,25
s47,1,1
s47,2,48
s47,3,65
s47,4,2
s47,5,41
s47,6,47
s47,7,8
s47,8,38
s47,9,13
s47,10,36
s47,11,14
s47,12,15
s47,13,17
s47,14,5
s47,15,24
s47,16,18
s47,17,56
s47,18,22
s47,19,52
s47,20,26
s47,21,4
s47,22,27
s47,23,58
s47,24,114
s47,25,136
s47,26,49
s47,27,171
s47,28,9
s47,29,245
s47,30,253
s47,31,29
s47,32,33
s47,33,259
s47,34,21
s47,35,23
s48,1,1
s48,2,49
s48,3,54
s48,4,2
s48,5,42
s48,6,45
s48,7,8
s48,8,34
s48,9,46
s48,10,20
s48,11,27
s48,12,48
s48,13,26
s48,14,23
s48,15,53
s48,16,15
s48,17,113
s48,18,132
s48,19,14
s48,20,22
s48,21,133
s48,22,32
s48,23,143
s48,24,12
s48,25,144
s48,26,35
s48,27,191
s48,28,245
s48,29,41
s48,30,252
s48,31,24
s48,32,253
s48,33,33
s48,34,36
s48,35,259
s48,36,19
s49,1,10
s49,2,20
s49,3,22
s49,4,11
s49,5,26
s49,6,52
s49,7,15
s49,8,13
s49,9,17
s49,10,4
s49,11,14
s49,12,23
s49,13,19
s49,14,49
s49,15,27
s49,16,53
s49,17,48
s49,18,5
s49,19,113
s49,20,8
s49,21,117
s49,22,1
s49,23,132
s49,24,50
s49,25,51
s49,26,133
s49,27,12
s49,28,28
s49,29,143
s49,30,144
s49,31,32
s49,32,191
s49,33,245
s49,34,9
s49,35,40
s49,36,253
s49,37,31
s49,38,35
s49,39,266
s49,40,24
s50,1,4
s50,2,14
s50,3,51
s50,4,8
s50,5,2
s50,6,9
s50,7,59
s50,8,11
s50,9,32
s50,10,52
s50,11,17
s50,12,28
s50,13,18
s50,14,56
s50,15,22
s50,16,26
s50,17,1
s50,18,46
s50,19,54
s50,20,53
s50,21,113
s50,22,33
s50,23,114
s50,24,117
s50,25,29
s50,26,118
s50,27,132
s50,28,55
s50,29,58
s50,30,133
s50,31,134
s50,32,143
s50,33,30
s50,34,146
s50,35,34
s50,36,40
s50,37,149
s50,38,195
s50,39,245
s50,40,42
s50,41,45
s50,42,246
s50,43,15
s50,44,253
s50,45,27
s50,46,257
s50,47,35
s50,48,38
s50,49,259
s50,50,21
s50,51,23
s50,52,262
s51,1,2
s51,2,12
s51,3,17
s51,4,4
s51,5,36
s51,6,47
s51,7,8
s51,8,27
s51,9,9
s51,10,55
s51,11,11
s51,12,32
s51,13,54
s51,14,30
s51,15,18
s51,16,56
s51,17,22
s51,18,1
s51,19,41
s51,20,46
s51,21,33
s51,22,53
s51,23,113
s51,24,114
s51,25,28
s51,26,48
s51,27,117
s51,28,29
s51,29,132
s51,30,133
s51,31,134
s51,32,16
s51,33,143
s51,34,195
s51,35,245
s51,36,42
s51,37,246
s51,38,7
s51,39,13
s51,40,253
s51,41,25
s51,42,257
s51,43,35
s51,44,39
s51,45,262
s51,46,267
s52,1,2
s52,2,25
s52,3,31
s52,4,4
s52,5,14
s52,6,21
s52,7,36
s52,8,45
s52,9,8
s52,10,22
s52,11,32
s52,12,9
s52,13,56
s52,14,11
s52,15,35
s52,16,17
s52,17,1
s52,18,28
s52,19,49
s52,20,46
s52,21,53
s52,22,113
s52,23,34
s52,24,114
s52,25,27
s52,26,117
s52,27,133
s52,28,24
s52,29,33
s52,30,44
s52,31,135
s52,32,43
s52,33,141
s52,34,23
s52,35,195
s52,36,245
s52,37,246
s52,38,6
s52,39,16
s52,40,253
s52,41,257
s52,42,37
s52,43,41
s52,44,262
s52,45,50
s53,1,2
s53,2,25
s53,3,29
s53,4,4
s53,5,1
s53,6,5
s53,7,8
s53,8,21
s53,9,9
s53,10,12
s53,11,35
s53,12,11
s53,13,13
s53,14,28
s53,15,32
s53,16,17
s53,17,10
s53,18,18
s53,19,20
s53,20,23
s53,21,26
s53,22,41
s53,23,44
s53,24,110
s53,25,111
s53,26,114
s53,27,14
s53,28,117
s53,29,143
s53,30,144
s53,31,34
s53,32,36
s53,33,209
s53,34,245
s53,35,6
s53,36,27
s53,37,253
s54,1,1
s54,2,27
s54,3,34
s54,4,2
s54,5,49
s54,6,60
s54,7,4
s54,8,8
s54,9,9
s54,10,10
s54,11,35
s54,12,68
s54,13,47
s54,14,13
s54,15,23
s54,16,36
s54,17,67
s54,18,69
s54,19,17
s54,20,15
s54,21,37
s54,22,61
s54,23,18
s54,24,80
s54,25,31
s54,26,19
s54,27,30
s54,28,42
s54,29,41
s54,30,11
s54,31,39
s54,32,48
s54,33,53
s54,34,110
s54,35,51
s54,36,56
s54,37,117
s54,38,5
s54,39,46
s54,40,118
s54,41,64
s54,42,132
s54,43,139
s54,44,33
s54,45,141
s54,46,7
s54,47,143
s54,48,181
s54,49,62
s54,50,191
s54,51,209
s54,52,212
s54,53,245
s54,54,29
s54,55,247
s54,56,58
s54,57,252
s54,58,79
s54,59,253
s54,60,21
s54,61,261
s54,62,43
s54,63,45
s55,1,10
s55,2,38
s55,3,41
s55,4,13
s55,5,19
s55,6,24
s55,7,17
s55,8,6
s55,9,25
s55,10,18
s55,11,48
s55,12,23
s55,13,1
s55,14,14
s55,15,27
s55,16,22
s55,17,50
s55,18,53
s55,19,4
s55,20,114
s55,21,117
s55,22,118
s55,23,52
s55,24,133
s55,25,5
s55,26,143
s55,27,49
s55,28,165
s55,29,191
s55,30,245
s55,31,11
s55,32,15
s55,33,252
s55,34,253
s55,35,30
s55,36,33
s56,1,4
s56,2,10
s56,3,16
s56,4,8
s56,5,1
s56,6,9
s56,7,24
s56,8,25
s56,9,32
s56,10,17
s56,11,20
s56,12,18
s56,13,37
s56,14,59
s56,15,69
s56,16,22
s56,17,23
s56,18,26
s56,19,56
s56,20,27
s56,21,75
s56,22,41
s56,23,15
s56,24,21
s56,25,35
s56,26,48
s56,27,43
s56,28,70
s56,29,53
s56,30,33
s56,31,110
s56,32,29
s56,33,114
s56,34,117
s56,35,30
s56,36,118
s56,37,72
s56,38,132
s56,39,71
s56,40,133
s56,41,139
s56,42,6
s56,43,31
s56,44,143
s56,45,144
s56,46,173
s56,47,39
s56,48,184
s56,49,191
s56,50,212
s56,51,245
s56,52,12
s56,53,60
s56,54,65
s56,55,252
s56,56,50
s56,57,54
s56,58,253
s56,59,261
s57,1,1
s57,2,9
s57,3,56
s57,4,8
s57,5,10
s57,6,47
s57,7,18
s57,8,23
s57,9,27
s57,10,28
s57,11,32
s57,12,54
s57,13,35
s57,14,36
s57,15,73
s57,16,20
s57,17,110
s57,18,5
s57,19,111
s57,20,50
s57,21,117
s57,22,48
s57,23,139
s57,24,45
s57,25,144
s57,26,199
s57,27,245
s57,28,6
s57,29,12
s57,30,22
s57,31,29
s57,32,253
s57,33,16
s57,34,262
s58,1,1
s58,2,11
s58,3,20
s58,4,8
s58,5,3
s58,6,10
s58,7,6
s58,8,55
s58,9,17
s58,10,18
s58,11,64
s58,12,23
s58,13,27
s58,14,24
s58,15,28
s58,16,41
s58,17,35
s58,18,36
s58,19,110
s58,20,117
s58,21,118
s58,22,139
s58,23,143
s58,24,144
s58,25,61
s58,26,199
s58,27,245
s58,28,15
s58,29,32
s58,30,253
s58,31,262
s58,32,40
s59,1,4
s59,2,48
s59,3,51
s59,4,8
s59,5,22
s59,6,30
s59,7,37
s59,8,9
s59,9,60
s59,10,13
s59,11,15
s59,12,55
s59,13,17
s59,14,2
s59,15,18
s59,16,69
s59,17,6
s59,18,39
s59,19,47
s59,20,23
s59,21,40
s59,22,46
s59,23,26
s59,24,1
s59,25,27
s59,26,65
s59,27,114
s59,28,19
s59,29,34
s59,30,117
s59,31,118
s59,32,54
s59,33,132
s59,34,35
s59,35,141
s59,36,50
s59,37,144
s59,38,153
s59,39,43
s59,40,172
s59,41,52
s59,42,181
s59,43,245
s59,44,5
s59,45,10
s59,46,246
s59,47,62
s59,48,253
s59,49,21
s60,1,1
s60,2,42
s60,3,44
s60,4,2
s60,5,16
s60,6,5
s60,7,53
s60,8,61
s60,9,8
s60,10,26
s60,11,45
s60,12,9
s60,13,21
s60,14,70
s60,15,13
s60,16,27
s60,17,32
s60,18,17
s60,19,18
s60,20,40
s60,21,71
s60,22,76
s60,23,22
s60,24,51
s60,25,59
s60,26,23
s60,27,25
s60,28,60
s60,29,37
s60,30,41
s60,31,30
s60,32,43
s60,33,114
s60,34,10
s60,35,117
s60,36,118
s60,37,132
s60,38,141
s60,39,33
s60,40,63
s60,41,144
s60,42,68
s60,43,153
s60,44,55
s60,45,172
s60,46,56
s60,47,58
s60,48,181
s60,49,245
s60,50,66
s60,51,246
s60,52,7
s60,53,11
s60,54,253
s60,55,19
s60,56,255
s60,57,38
s61,1,1
s61,2,61
s61,3,69
s61,4,4
s61,5,14
s61,6,43
s61,7,5
s61,8,44
s61,9,52
s61,10,8
s61,11,53
s61,12,9
s61,13,73
s61,14,10
s61,15,60
s61,16,81
s61,17,15
s61,18,54
s61,19,17
s61,20,55
s61,21,18
s61,22,86
s61,23,19
s61,24,76
s61,25,22
s61,26,40
s61,27,68
s61,28,23
s61,29,39
s61,30,26
s61,31,27
s61,32,88
s61,33,41
s61,34,56
s61,35,72
s61,36,74
s61,37,62
s61,38,78
s61,39,79
s61,40,82
s61,41,110
s61,42,117
s61,43,118
s61,44,132
s61,45,71
s61,46,133
s61,47,141
s61,48,37
s61,49,80
s61,50,144
s61,51,42
s61,52,47
s61,53,92
s61,54,172
s61,55,84
s61,56,181
s61,57,214
s61,58,245
s61,59,49
s61,60,59
s61,61,246
s61,62,29
s61,63,96
s61,64,253
s61,65,36
s61,66,271
s62,1,8
s62,2,17
s62,3,19
s62,4,9
s62,5,47
s62,6,52
s62,7,13
s62,8,15
s62,9,46
s62,10,11
s62,11,18
s62,12,1
s62,13,50
s62,14,113
s62,15,132
s62,16,48
s62,17,49
s62,18,133
s62,19,141
s62,20,191
s62,21,245
s62,22,31
s62,23,34
s62,24,41
s62,25,246
s62,26,4
s62,27,14
s62,28,252
s62,29,253
s62,30,24
s62,31,27
s62,32,271
s62,33,36
s62,34,37
s63,1,8
s63,2,32
s63,3,44
s63,4,9
s63,5,76
s63,6,83
s63,7,13
s63,8,20
s63,9,17
s63,10,10
s63,11,18
s63,12,47
s63,13,53
s63,14,113
s63,15,1
s63,16,132
s63,17,79
s63,18,133
s63,19,77
s63,20,143
s63,21,78
s63,22,191
s63,23,245
s63,24,15
s63,25,29
s63,26,31
s63,27,246
s63,28,51
s63,29,58
s63,30,247
s63,31,48
s63,32,252
s63,33,66
s63,34,69
s63,35,253
s63,36,25
s63,37,26
s63,38,256
s63,39,41
s64,1,2
s64,2,14
s64,3,16
s64,4,8
s64,5,24
s64,6,28
s64,7,9
s64,8,18
s64,9,32
s64,10,37
s64,11,15
s64,12,21
s64,13,26
s64,14,17
s64,15,34
s64,16,20
s64,17,44
s64,18,47
s64,19,23
s64,20,12
s64,21,27
s64,22,22
s64,23,52
s64,24,39
s64,25,50
s64,26,41
s64,27,114
s64,28,7
s64,29,117
s64,30,1
s64,31,118
s64,32,141
s64,33,40
s64,34,46
s64,35,245
s64,36,11
s64,37,19
s64,38,48
s64,39,253
s64,40,25
s65,1,8
s65,2,23
s65,3,29
s65,4,9
s65,5,32
s65,6,45
s65,7,11
s65,8,33
s65,9,53
s65,10,17
s65,11,28
s65,12,20
s65,13,31
s65,14,47
s65,15,1
s65,16,12
s65,17,26
s65,18,27
s65,19,16
s65,20,30
s65,21,35
s65,22,36
s65,23,40
s65,24,39
s65,25,48
s65,26,111
s65,27,5
s65,28,114
s65,29,117
s65,30,24
s65,31,118
s65,32,132
s65,33,46
s65,34,141
s65,35,143
s65,36,18
s65,37,21
s65,38,144
s65,39,13
s65,40,15
s65,41,209
s65,42,245
s65,43,10
s65,44,253
s66,1,8
s66,2,41
s66,3,53
s66,4,11
s66,5,67
s66,6,81
s66,7,17
s66,8,62
s66,9,19
s66,10,20
s66,11,26
s66,12,48
s66,13,36
s66,14,75
s66,15,32
s66,16,114
s66,17,15
s66,18,117
s66,19,10
s66,20,118
s66,21,132
s66,22,76
s66,23,78
s66,24,143
s66,25,1
s66,26,31
s66,27,144
s66,28,52
s66,29,57
s66,30,153
s66,31,25
s66,32,38
s66,33,172
s66,34,39
s66,35,60
s66,36,181
s66,37,191
s66,38,245
s66,39,18
s66,40,65
s66,41,72
s66,42,247
s66,43,21
s66,44,30
s66,45,252
s66,46,44
s66,47,253
s66,48,49
s67,1,1
s67,2,50
s67,3,58
s67,4,2
s67,5,12
s67,6,21
s67,7,8
s67,8,22
s67,9,41
s67,10,9
s67,11,64
s67,12,11
s67,13,56
s67,14,18
s67,15,19
s67,16,60
s67,17,27
s67,18,47
s67,19,28
s67,20,53
s67,21,23
s67,22,113
s67,23,118
s67,24,61
s67,25,132
s67,26,141
s67,27,17
s67,28,31
s67,29,51
s67,30,143
s67,31,144
s67,32,59
s67,33,172
s67,34,181
s67,35,25
s67,36,44
s67,37,191
s67,38,245
s67,39,7
s67,40,10
s67,41,49
s67,42,247
s67,43,14
s67,44,266
s67,45,33
s68,1,8
s68,2,15
s68,3,18
s68,4,9
s68,5,58
s68,6,66
s68,7,10
s68,8,5
s68,9,17
s68,10,1
s68,11,68
s68,12,22
s68,13,60
s68,14,27
s68,15,67
s68,16,28
s68,17,32
s68,18,35
s68,19,23
s68,20,36
s68,21,63
s68,22,72
s68,23,34
s68,24,78
s68,25,31
s68,26,110
s68,27,14
s68,28,117
s68,29,118
s68,30,139
s68,31,57
s68,32,141
s68,33,143
s68,34,199
s68,35,245
s68,36,19
s68,37,44
s68,38,253
s68,39,26
s68,40,262
s68,41,49
s69,1,2
s69,2,18
s69,3,70
s69,4,8
s69,5,1
s69,6,9
s69,7,75
s69,8,11
s69,9,15
s69,10,25
s69,11,47
s69,12,71
s69,13,17
s69,14,4
s69,15,46
s69,16,53
s69,17,48
s69,18,26
s69,19,52
s69,20,20
s69,21,113
s69,22,5
s69,23,117
s69,24,118
s69,25,132
s69,26,49
s69,27,50
s69,28,73
s69,29,133
s69,30,143
s69,31,51
s69,32,144
s69,33,146
s69,34,153
s69,35,27
s69,36,42
s69,37,184
s69,38,69
s69,39,191
s69,40,195
s69,41,245
s69,42,246
s69,43,250
s69,44,56
s69,45,67
s69,46,266
s69,47,31
s69,48,40
s69,49,295
s70,1,4
s70,2,22
s70,3,56
s70,4,8
s70,5,1
s70,6,9
s70,7,68
s70,8,11
s70,9,36
s70,10,53
s70,11,17
s70,12,14
s70,13,18
s70,14,46
s70,15,40
s70,16,65
s70,17,113
s70,18,117
s70,19,118
s70,20,132
s70,21,38
s70,22,67
s70,23,135
s70,24,37
s70,25,41
s70,26,143
s70,27,66
s70,28,195
s70,29,245
s70,30,253
s70,31,31
s70,32,257
s70,33,44
s70,34,48
s70,35,258
s70,36,23
s70,37,27
s70,38,262
s70,39,59
s70,40,62
s71,1,2
s71,2,50
s71,3,56
s71,4,4
s71,5,38
s71,6,49
s71,7,8
s71,8,34
s71,9,9
s71,10,58
s71,11,11
s71,12,17
s71,13,18
s71,14,61
s71,15,23
s71,16,26
s71,17,1
s71,18,27
s71,19,35
s71,20,28
s71,21,39
s71,22,33
s71,23,44
s71,24,12
s71,25,46
s71,26,37
s71,27,55
s71,28,53
s71,29,110
s71,30,113
s71,31,57
s71,32,114
s71,33,117
s71,34,10
s71,35,29
s71,36,118
s71,37,132
s71,38,60
s71,39,133
s71,40,3
s71,41,41
s71,42,139
s71,43,21
s71,44,141
s71,45,143
s71,46,19
s71,47,30
s71,48,32
s71,49,195
s71,50,214
s71,51,245
s71,52,253
s71,53,25
s71,54,257
s71,55,259
s71,56,20
s71,57,262
s71,58,54
s72,1,4
s72,2,44
s72,3,60
s72,4,8
s72,5,39
s72,6,9
s72,7,75
s72,8,11
s72,9,43
s72,10,15
s72,11,13
s72,12,23
s72,13,17
s72,14,40
s72,15,18
s72,16,28
s72,17,64
s72,18,22
s72,19,26
s72,20,1
s72,21,31
s72,22,16
s72,23,29
s72,24,35
s72,25,36
s72,26,41
s72,27,33
s72,28,46
s72,29,71
s72,30,53
s72,31,67
s72,32,19
s72,33,55
s72,34,78
s72,35,7
s72,36,79
s72,37,66
s72,38,113
s72,39,114
s72,40,37
s72,41,117
s72,42,27
s72,43,38
s72,44,118
s72,45,132
s72,46,72
s72,47,73
s72,48,133
s72,49,141
s72,50,21
s72,51,143
s72,52,6
s72,53,144
s72,54,195
s72,55,245
s72,56,5
s72,57,10
s72,58,253
s72,59,257
s72,60,50
s72,61,262
s72,62,65
s72,63,263
s72,64,25
s73,1,13
s73,2,31
s73,3,71
s73,4,15
s73,5,1
s73,6,11
s73,7,17
s73,8,22
s73,9,18
s73,10,16
s73,11,86
s73,12,27
s73,13,78
s73,14,67
s73,15,76
s73,16,35
s73,17,56
s73,18,36
s73,19,81
s73,20,114
s73,21,91
s73,22,117
s73,23,21
s73,24,132
s73,25,14
s73,26,141
s73,27,19
s73,28,72
s73,29,143
s73,30,144
s73,31,245
s73,32,25
s73,33,26
s73,34,74
s73,35,246
s73,36,51
s73,37,61
s73,38,253
s73,39,30
s73,40,33
s73,41,255
s74,1,13
s74,2,17
s74,3,37
s74,4,10
s74,5,18
s74,6,47
s74,7,22
s74,8,14
s74,9,30
s74,10,23
s74,11,6
s74,12,26
s74,13,1
s74,14,11
s74,15,27
s74,16,50
s74,17,31
s74,18,33
s74,19,43
s74,20,35
s74,21,29
s74,22,36
s74,23,49
s74,24,114
s74,25,141
s74,26,41
s74,27,245
s74,28,25
s74,29,246
s74,30,5
s74,31,253
s75,1,8
s75,2,14
s75,3,19
s75,4,44
s75,5,54
s75,6,9
s75,7,23
s75,8,29
s75,9,13
s75,10,15
s75,11,53
s75,12,55
s75,13,17
s75,14,49
s75,15,18
s75,16,37
s75,17,60
s75,18,20
s75,19,36
s75,20,38
s75,21,6
s75,22,25
s75,23,26
s75,24,1
s75,25,27
s75,26,46
s75,27,31
s75,28,12
s75,29,35
s75,30,10
s75,31,82
s75,32,83
s75,33,42
s75,34,113
s75,35,65
s75,36,115
s75,37,28
s75,38,117
s75,39,133
s75,40,33
s75,41,143
s75,42,11
s75,43,144
s75,44,45
s75,45,145
s75,46,21
s75,47,149
s75,48,150
s75,49,165
s75,50,22
s75,51,170
s75,52,184
s75,53,237
s75,54,243
s75,55,244
s75,56,39
s75,57,245
s75,58,43
s75,59,52
s75,60,59
s75,61,246
s75,62,253
s75,63,263
s76,1,1
s76,2,12
s76,3,54
s76,4,11
s76,5,10
s76,6,51
s76,7,17
s76,8,6
s76,9,18
s76,10,41
s76,11,7
s76,12,22
s76,13,44
s76,14,2
s76,15,110
s76,16,50
s76,17,118
s76,18,139
s76,19,48
s76,20,144
s76,21,199
s76,22,245
s76,23,27
s76,24,29
s76,25,37
s76,26,246
s76,27,253
s76,28,19
s76,29,259
s76,30,15
s76,31,16
s77,1,1
s77,2,55
s77,3,9
s77,4,62
s77,5,11
s77,6,17
s77,7,12
s77,8,18
s77,9,23
s77,10,8
s77,11,53
s77,12,26
s77,13,27
s77,14,61
s77,15,28
s77,16,44
s77,17,35
s77,18,36
s77,19,41
s77,20,10
s77,21,110
s77,22,57
s77,23,117
s77,24,118
s77,25,60
s77,26,132
s77,27,4
s77,28,6
s77,29,56
s77,30,58
s77,31,139
s77,32,141
s77,33,3
s77,34,143
s77,35,7
s77,36,144
s77,37,199
s77,38,245
s77,39,40
s77,40,46
s77,41,246
s77,42,33
s77,43,253
s77,44,21
s77,45,262
s77,46,52
s77,47,267
s77,48,13
s78,1,4
s78,2,14
s78,3,79
s78,4,8
s78,5,1
s78,6,9
s78,7,88
s78,8,10
s78,9,43
s78,10,77
s78,11,11
s78,12,37
s78,13,17
s78,14,38
s78,15,18
s78,16,84
s78,17,22
s78,18,35
s78,19,78
s78,20,23
s78,21,34
s78,22,27
s78,23,89
s78,24,46
s78,25,44
s78,26,65
s78,27,47
s78,28,67
s78,29,80
s78,30,53
s78,31,36
s78,32,113
s78,33,132
s78,34,83
s78,35,133
s78,36,69
s78,37,141
s78,38,42
s78,39,144
s78,40,195
s78,41,245
s78,42,16
s78,43,55
s78,44,62
s78,45,253
s78,46,39
s78,47,255
s78,48,68
s78,49,257
s78,50,45
s78,51,50
s78,52,262
s78,53,85
s79,1,2
s79,2,21
s79,3,33
s79,4,4
s79,5,34
s79,6,59
s79,7,8
s79,8,1
s79,9,9
s79,10,65
s79,11,10
s79,12,32
s79,13,69
s79,14,17
s79,15,12
s79,16,18
s79,17,80
s79,18,22
s79,19,45
s79,20,67
s79,21,23
s79,22,44
s79,23,68
s79,24,77
s79,25,27
s79,26,46
s79,27,35
s79,28,58
s79,29,47
s79,30,72
s79,31,53
s79,32,113
s79,33,132
s79,34,133
s79,35,15
s79,36,48
s79,37,63
s79,38,143
s79,39,16
s79,40,195
s79,41,76
s79,42,245
s79,43,56
s79,44,253
s79,45,255
s79,46,61
s79,47,71
s79,48,257
s79,49,40
s79,50,262
s80,1,1
s80,2,34
s80,3,72
s80,4,8
s80,5,10
s80,6,16
s80,7,9
s80,8,78
s80,9,32
s80,10,11
s80,11,4
s80,12,23
s80,13,17
s80,14,2
s80,15,24
s80,16,18
s80,17,82
s80,18,71
s80,19,26
s80,20,27
s80,21,28
s80,22,55
s80,23,35
s80,24,49
s80,25,36
s80,26,80
s80,27,41
s80,28,21
s80,29,110
s80,30,12
s80,31,76
s80,32,117
s80,33,118
s80,34,139
s80,35,70
s80,36,143
s80,37,144
s80,38,77
s80,39,199
s80,40,74
s80,41,245
s80,42,46
s80,43,249
s80,44,37
s80,45,253
s80,46,262
s80,47,61
s81,1,2
s81,2,10
s81,3,24
s81,4,53
s81,5,63
s81,6,4
s81,7,25
s81,8,29
s81,9,8
s81,10,1
s81,11,44
s81,12,9
s81,13,34
s81,14,71
s81,15,39
s81,16,68
s81,17,11
s81,18,35
s81,19,17
s81,20,36
s81,21,18
s81,22,77
s81,23,22
s81,24,33
s81,25,41
s81,26,23
s81,27,32
s81,28,45
s81,29,69
s81,30,26
s81,31,42
s81,32,27
s81,33,28
s81,34,46
s81,35,50
s81,36,70
s81,37,73
s81,38,38
s81,39,78
s81,40,47
s81,41,79
s81,42,113
s81,43,7
s81,44,115
s81,45,48
s81,46,117
s81,47,118
s81,48,132
s81,49,72
s81,50,133
s81,51,37
s81,52,143
s81,53,20
s81,54,144
s81,55,195
s81,56,245
s81,57,19
s81,58,58
s81,59,67
s81,60,253
s81,61,43
s81,62,257
s81,63,54
s81,64,259
s82,1,2
s82,2,12
s82,3,29
s82,4,8
s82,5,1
s82,6,9
s82,7,39
s82,8,10
s82,9,76
s82,10,130
s82,11,11
s82,12,20
s82,13,41
s82,14,57
s82,15,75
s82,16,17
s82,17,50
s82,18,18
s82,19,47
s82,20,142
s82,21,23
s82,22,24
s82,23,106
s82,24,131
s82,25,26
s82,26,78
s82,27,27
s82,28,35
s82,29,150
s82,30,37
s82,31,13
s82,32,54
s82,33,59
s82,34,102
s82,35,53
s82,36,97
s82,37,110
s82,38,114
s82,39,117
s82,40,36
s82,41,118
s82,42,33
s82,43,132
s82,44,80
s82,45,81
s82,46,90
s82,47,92
s82,48,153
s82,49,28
s82,50,31
s82,51,182
s82,52,98
s82,53,184
s82,54,73
s82,55,189
s82,56,191
s82,57,99
s82,58,134
s82,59,209
s82,60,245
s82,61,25
s82,62,30
s82,63,56
s82,64,61
s82,65,247
s82,66,74
s82,67,248
s82,68,16
s82,69,253
s82,70,49
s82,71,116
s82,72,261
s82,73,67
s82,74,68
s82,75,266
s82,76,103
s82,77,107
s83,1,2
s83,2,21
s83,3,70
s83,4,8
s83,5,1
s83,6,9
s83,7,74
s83,8,10
s83,9,69
s83,10,137
s83,11,11
s83,12,63
s83,13,68
s83,14,15
s83,15,30
s83,16,31
s83,17,17
s83,18,26
s83,19,51
s83,20,18
s83,21,35
s83,22,157
s83,23,22
s83,24,58
s83,25,23
s83,26,57
s83,27,27
s83,28,86
s83,29,39
s83,30,89
s83,31,44
s83,32,82
s83,33,46
s83,34,64
s83,35,78
s83,36,47
s83,37,32
s83,38,59
s83,39,110
s83,40,87
s83,41,114
s83,42,77
s83,43,94
s83,44,117
s83,45,38
s83,46,88
s83,47,132
s83,48,3
s83,49,81
s83,50,136
s83,51,133
s83,52,4
s83,53,139
s83,54,84
s83,55,141
s83,56,138
s83,57,143
s83,58,165
s83,59,173
s83,60,92
s83,61,120
s83,62,184
s83,63,191
s83,64,245
s83,65,29
s83,66,125
s83,67,247
s83,68,36
s83,69,93
s83,70,253
s83,71,100
s83,72,103
s83,73,116
s83,74,261
s83,75,266
s84,1,2
s84,2,29
s84,3,31
s84,4,66
s84,5,95
s84,6,8
s84,7,12
s84,8,22
s84,9,24
s84,10,32
s84,11,39
s84,12,54
s84,13,9
s84,14,40
s84,15,44
s84,16,106
s84,17,10
s84,18,47
s84,19,103
s84,20,17
s84,21,18
s84,22,112
s84,23,11
s84,24,23
s84,25,1
s84,26,4
s84,27,26
s84,28,5
s84,29,27
s84,30,37
s84,31,41
s84,32,28
s84,33,46
s84,34,69
s84,35,55
s84,36,68
s84,37,110
s84,38,113
s84,39,25
s84,40,120
s84,41,117
s84,42,132
s84,43,20
s84,44,105
s84,45,108
s84,46,133
s84,47,104
s84,48,146
s84,49,90
s84,50,165
s84,51,30
s84,52,38
s84,53,88
s84,54,184
s84,55,33
s84,56,189
s84,57,191
s84,58,209
s84,59,14
s84,60,245
s84,61,91
s84,62,247
s84,63,65
s84,64,67
s84,65,253
s84,66,56
s84,67,266
s84,68,78
s84,69,84
s85,1,1
s85,2,52
s85,3,56
s85,4,2
s85,5,76
s85,6,96
s85,7,8
s85,8,44
s85,9,65
s85,10,9
s85,11,60
s85,12,114
s85,13,19
s85,14,89
s85,15,113
s85,16,22
s85,17,16
s85,18,62
s85,19,26
s85,20,63
s85,21,27
s85,22,127
s85,23,39
s85,24,47
s85,25,53
s85,26,59
s85,27,74
s85,28,78
s85,29,79
s85,30,84
s85,31,48
s85,32,117
s85,33,42
s85,34,132
s85,35,17
s85,36,21
s85,37,133
s85,38,141
s85,39,15
s85,40,58
s85,41,143
s85,42,144
s85,43,146
s85,44,77
s85,45,97
s85,46,149
s85,47,61
s85,48,173
s85,49,191
s85,50,245
s85,51,51
s85,52,102
s85,53,246
s85,54,34
s85,55,252
s85,56,85
s85,57,253
s85,58,28
s85,59,32
s85,60,90
s85,61,91
s85,62,271
s85,63,43
s85,64,94
s85,65,95
s86,1,1
s86,2,27
s86,3,32
s86,4,2
s86,5,17
s86,6,19
s86,7,41
s86,8,45
s86,9,8
s86,10,12
s86,11,20
s86,12,33
s86,13,46
s86,14,55
s86,15,9
s86,16,57
s86,17,62
s86,18,11
s86,19,47
s86,20,58
s86,21,15
s86,22,10
s86,23,4
s86,24,42
s86,25,18
s86,26,63
s86,27,22
s86,28,14
s86,29,23
s86,30,53
s86,31,26
s86,32,35
s86,33,61
s86,34,111
s86,35,5
s86,36,44
s86,37,117
s86,38,118
s86,39,60
s86,40,132
s86,41,59
s86,42,141
s86,43,21
s86,44,144
s86,45,48
s86,46,51
s86,47,245
s86,48,28
s86,49,54
s86,50,253
s86,51,261
s86,52,38
s87,1,13
s87,2,28
s87,3,88
s87,4,15
s87,5,24
s87,6,17
s87,7,3
s87,8,25
s87,9,18
s87,10,100
s87,11,23
s87,12,9
s87,13,86
s87,14,26
s87,15,1
s87,16,27
s87,17,102
s87,18,39
s87,19,19
s87,20,91
s87,21,73
s87,22,72
s87,23,90
s87,24,78
s87,25,57
s87,26,79
s87,27,94
s87,28,245
s87,29,40
s87,30,41
s87,31,56
s87,32,70
s87,33,84
s87,34,246
s87,35,253
s87,36,261
s87,37,76
s87,38,77
s87,39,271
s87,40,47
s87,41,48
s88,1,2
s88,2,8
s88,3,12
s88,4,1
s88,5,26
s88,6,30
s88,7,9
s88,8,21
s88,9,36
s88,10,39
s88,11,10
s88,12,32
s88,13,13
s88,14,56
s88,15,60
s88,16,17
s88,17,23
s88,18,50
s88,19,18
s88,20,46
s88,21,68
s88,22,20
s88,23,14
s88,24,24
s88,25,57
s88,26,59
s88,27,15
s88,28,37
s88,29,27
s88,30,28
s88,31,58
s88,32,61
s88,33,35
s88,34,53
s88,35,66
s88,36,67
s88,37,38
s88,38,65
s88,39,78
s88,40,49
s88,41,79
s88,42,41
s88,43,75
s88,44,114
s88,45,132
s88,46,69
s88,47,70
s88,48,141
s88,49,16
s88,50,143
s88,51,144
s88,52,76
s88,53,245
s88,54,55
s88,55,246
s88,56,5
s88,57,253
s88,58,19
s88,59,261
s88,60,45
s88,61,47
s88,62,262
s89,1,8
s89,2,17
s89,3,23
s89,4,9
s89,5,24
s89,6,35
s89,7,11
s89,8,33
s89,9,68
s89,10,85
s89,11,99
s89,12,80
s89,13,18
s89,14,75
s89,15,108
s89,16,19
s89,17,60
s89,18,67
s89,19,92
s89,20,20
s89,21,37
s89,22,59
s89,23,26
s89,24,79
s89,25,27
s89,26,76
s89,27,39
s89,28,16
s89,29,50
s89,30,64
s89,31,74
s89,32,78
s89,33,62
s89,34,110
s89,35,52
s89,36,56
s89,37,113
s89,38,13
s89,39,44
s89,40,114
s89,41,72
s89,42,109
s89,43,117
s89,44,45
s89,45,57
s89,46,132
s89,47,15
s89,48,47
s89,49,133
s89,50,21
s89,51,30
s89,52,141
s89,53,58
s89,54,143
s89,55,144
s89,56,34
s89,57,71
s89,58,245
s89,59,14
s89,60,38
s89,61,88
s89,62,96
s89,63,253
s89,64,32
s89,65,65
s89,66,73
s89,67,255
s89,68,55
s90,1,4
s90,2,1
s90,3,16
s90,4,8
s90,5,17
s90,6,33
s90,7,9
s90,8,63
s90,9,70
s90,10,15
s90,11,80
s90,12,83
s90,13,74
s90,14,18
s90,15,91
s90,16,22
s90,17,28
s90,18,77
s90,19,81
s90,20,23
s90,21,68
s90,22,72
s90,23,26
s90,24,64
s90,25,73
s90,26,27
s90,27,41
s90,28,44
s90,29,67
s90,30,37
s90,31,78
s90,32,79
s90,33,110
s90,34,61
s90,35,117
s90,36,118
s90,37,127
s90,38,132
s90,39,65
s90,40,139
s90,41,140
s90,42,19
s90,43,141
s90,44,10
s90,45,143
s90,46,11
s90,47,62
s90,48,144
s90,49,69
s90,50,219
s90,51,245
s90,52,14
s90,53,57
s90,54,102
s90,55,253
s90,56,25
s90,57,30
s90,58,85
s90,59,90
s90,60,94
s90,61,259
s90,62,71
s91,1,1
s91,2,36
s91,3,37
s91,4,2
s91,5,20
s91,6,26
s91,7,4
s91,8,81
s91,9,94
s91,10,8
s91,11,13
s91,12,27
s91,13,75
s91,14,9
s91,15,44
s91,16,116
s91,17,10
s91,18,80
s91,19,108
s91,20,11
s91,21,58
s91,22,78
s91,23,15
s91,24,34
s91,25,17
s91,26,28
s91,27,38
s91,28,79
s91,29,18
s91,30,120
s91,31,19
s91,32,74
s91,33,109
s91,34,52
s91,35,72
s91,36,23
s91,37,29
s91,38,47
s91,39,73
s91,40,39
s91,41,22
s91,42,77
s91,43,70
s91,44,92
s91,45,107
s91,46,76
s91,47,119
s91,48,111
s91,49,71
s91,50,113
s91,51,32
s91,52,65
s91,53,114
s91,54,124
s91,55,117
s91,56,66
s91,57,126
s91,58,141
s91,59,25
s91,60,46
s91,61,143
s91,62,144
s91,63,84
s91,64,245
s91,65,59
s91,66,63
s91,67,101
s91,68,253
s91,69,40
s91,70,85
s91,71,255
s92,1,1
s92,2,61
s92,3,77
s92,4,2
s92,5,6
s92,6,33
s92,7,8
s92,8,56
s92,9,9
s92,10,39
s92,11,19
s92,12,46
s92,13,65
s92,14,20
s92,15,28
s92,16,45
s92,17,26
s92,18,27
s92,19,75
s92,20,48
s92,21,35
s92,22,67
s92,23,53
s92,24,111
s92,25,10
s92,26,23
s92,27,114
s92,28,117
s92,29,24
s92,30,132
s92,31,69
s92,32,133
s92,33,41
s92,34,143
s92,35,144
s92,36,50
s92,37,191
s92,38,245
s92,39,52
s92,40,60
s92,41,246
s92,42,12
s92,43,252
s92,44,37
s92,45,253
s92,46,42
s92,47,47
s92,48,258
s92,49,32
s93,1,4
s93,2,9
s93,3,20
s93,4,49
s93,5,61
s93,6,8
s93,7,1
s93,8,44
s93,9,28
s93,10,72
s93,11,22
s93,12,55
s93,13,70
s93,14,23
s93,15,11
s93,16,19
s93,17,26
s93,18,27
s93,19,77
s93,20,46
s93,21,68
s93,22,48
s93,23,29
s93,24,53
s93,25,113
s93,26,132
s93,27,43
s93,28,47
s93,29,133
s93,30,42
s93,31,67
s93,32,144
s93,33,76
s93,34,191
s93,35,195
s93,36,245
s93,37,41
s93,38,246
s93,39,16
s93,40,21
s93,41,250
s93,42,52
s93,43,252
s93,44,30
s93,45,31
s93,46,253
s93,47,33
s93,48,37
s93,49,258
s93,50,25
s94,1,23
s94,2,13
s94,3,28
s94,4,26
s94,5,9
s94,6,27
s94,7,35
s94,8,5
s94,9,7
s94,10,36
s94,11,18
s94,12,25
s94,13,39
s94,14,2
s94,15,33
s94,16,112
s94,17,114
s94,18,22
s94,19,117
s94,20,1
s94,21,19
s94,22,118
s94,23,32
s94,24,132
s94,25,34
s94,26,133
s94,27,6
s94,28,16
s94,29,143
s94,30,144
s94,31,145
s94,32,8
s94,33,149
s94,34,150
s94,35,20
s94,36,162
s94,37,14
s94,38,184
s94,39,189
s94,40,190
s94,41,245
s94,42,4
s94,43,30
s94,44,248
s94,45,253
s94,46,11
s94,47,283
s94,48,309
s94,49,12
s94,50,310
s95,1,33
s95,2,15
s95,3,23
s95,4,35
s95,5,10
s95,6,48
s95,7,16
s95,8,55
s95,9,53
s95,10,7
s95,11,112
s95,12,22
s95,13,113
s95,14,1
s95,15,117
s95,16,133
s95,17,29
s95,18,136
s95,19,14
s95,20,19
s95,21,141
s95,22,36
s95,23,143
s95,24,20
s95,25,30
s95,26,147
s95,27,153
s95,28,44
s95,29,46
s95,30,167
s95,31,184
s95,32,189
s95,33,13
s95,34,245
s95,35,9
s95,36,11
s95,37,39
s95,38,40
s95,39,247
s95,40,45
s95,41,248
s95,42,27
s95,43,252
s95,44,18
s95,45,21
s95,46,253
s95,47,24
s95,48,26
s95,49,283
s95,50,309
s95,51,47
s96,1,23
s96,2,33
s96,3,35
s96,4,26
s96,5,29
s96,6,27
s96,7,43
s96,8,48
s96,9,18
s96,10,64
s96,11,53
s96,12,7
s96,13,113
s96,14,1
s96,15,133
s96,16,13
s96,17,50
s96,18,136
s96,19,54
s96,20,143
s96,21,10
s96,22,51
s96,23,147
s96,24,15
s96,25,149
s96,26,9
s96,27,167
s96,28,46
s96,29,245
s96,30,42
s96,31,246
s96,32,5
s96,33,11
s96,34,247
s96,35,45
s96,36,248
s96,37,253
s96,38,269
s96,39,24
s97,1,11
s97,2,16
s97,3,51
s97,4,17
s97,5,10
s97,6,20
s97,7,9
s97,8,14
s97,9,26
s97,10,1
s97,11,27
s97,12,18
s97,13,39
s97,14,110
s97,15,6
s97,16,114
s97,17,13
s97,18,46
s97,19,117
s97,20,118
s97,21,124
s97,22,21
s97,23,50
s97,24,136
s97,25,139
s97,26,4
s97,27,7
s97,28,141
s97,29,52
s97,30,143
s97,31,8
s97,32,49
s97,33,144
s97,34,24
s97,35,209
s97,36,245
s97,37,35
s97,38,37
s97,39,253
s97,40,255
s97,41,40
s97,42,43
s97,43,259
s97,44,12
s97,45,264
s97,46,31
s97,47,32
s98,1,15
s98,2,8
s98,3,64
s98,4,17
s98,5,1
s98,6,18
s98,7,73
s98,8,20
s98,9,23
s98,10,26
s98,11,13
s98,12,27
s98,13,28
s98,14,33
s98,15,40
s98,16,79
s98,17,35
s98,18,12
s98,19,41
s98,20,2
s98,21,9
s98,22,110
s98,23,14
s98,24,117
s98,25,118
s98,26,132
s98,27,65
s98,28,66
s98,29,139
s98,30,5
s98,31,62
s98,32,143
s98,33,63
s98,34,144
s98,35,70
s98,36,149
s98,37,22
s98,38,199
s98,39,16
s98,40,245
s98,41,42
s98,42,43
s98,43,253
s98,44,32
s98,45,34
s98,46,255
s98,47,45
s98,48,46
s98,49,259
s98,50,29
s98,51,262
s98,52,51
s98,53,264
s98,54,37
s98,55,38
s98,56,280
s99,1,10
s99,2,40
s99,3,53
s99,4,11
s99,5,4
s99,6,19
s99,7,15
s99,8,32
s99,9,39
s99,10,17
s99,11,1
s99,12,20
s99,13,22
s99,14,6
s99,15,14
s99,16,23
s99,17,26
s99,18,36
s99,19,27
s99,20,49
s99,21,72
s99,22,33
s99,23,47
s99,24,78
s99,25,30
s99,26,79
s99,27,52
s99,28,112
s99,29,31
s99,30,113
s99,31,120
s99,32,132
s99,33,133
s99,34,29
s99,35,45
s99,36,136
s99,37,12
s99,38,143
s99,39,46
s99,40,149
s99,41,150
s99,42,167
s99,43,245
s99,44,13
s99,45,41
s99,46,253
s99,47,25
s99,48,255
s99,49,259
s99,50,18
s99,51,21
s99,52,264
s99,53,34
s99,54,283
s99,55,309
s99,56,310
s100,1,10
s100,2,40
s100,3,65
s100,4,15
s100,5,1
s100,6,34
s100,7,17
s100,8,35
s100,9,18
s100,10,72
s100,11,20
s100,12,25
s100,13,26
s100,14,14
s100,15,27
s100,16,31
s100,17,33
s100,18,19
s100,19,39
s100,20,51
s100,21,9
s100,22,110
s100,23,22
s100,24,117
s100,25,6
s100,26,118
s100,27,120
s100,28,132
s100,29,66
s100,30,67
s100,31,139
s100,32,63
s100,33,141
s100,34,143
s100,35,64
s100,36,147
s100,37,13
s100,38,149
s100,39,4
s100,40,199
s100,41,45
s100,42,210
s100,43,44
s100,44,245
s100,45,24
s100,46,41
s100,47,253
s100,48,30
s100,49,259
s100,50,46
s100,51,47
s100,52,262
s100,53,54
s100,54,264
s100,55,280
s100,56,38
s100,57,50
s100,58,285
s100,59,49
s100,60,309
s101,1,15
s101,2,35
s101,3,58
s101,4,17
s101,5,27
s101,6,18
s101,7,62
s101,8,22
s101,9,13
s101,10,26
s101,11,1
s101,12,46
s101,13,38
s101,14,56
s101,15,53
s101,16,33
s101,17,113
s101,18,114
s101,19,32
s101,20,117
s101,21,132
s101,22,16
s101,23,136
s101,24,42
s101,25,57
s101,26,141
s101,27,143
s101,28,14
s101,29,43
s101,30,45
s101,31,195
s101,32,245
s101,33,11
s101,34,47
s101,35,246
s101,36,253
s101,37,19
s101,38,24
s101,39,257
s101,40,44
s101,41,284
s101,42,54
s101,43,309
s101,44,310
s102,1,11
s102,2,42
s102,3,65
s102,4,17
s102,5,37
s102,6,18
s102,7,69
s102,8,21
s102,9,24
s102,10,28
s102,11,22
s102,12,13
s102,13,29
s102,14,26
s102,15,1
s102,16,46
s102,17,43
s102,18,53
s102,19,40
s102,20,113
s102,21,114
s102,22,41
s102,23,117
s102,24,118
s102,25,132
s102,26,67
s102,27,136
s102,28,49
s102,29,141
s102,30,5
s102,31,143
s102,32,38
s102,33,147
s102,34,50
s102,35,149
s102,36,150
s102,37,55
s102,38,161
s102,39,181
s102,40,23
s102,41,25
s102,42,195
s102,43,245
s102,44,34
s102,45,52
s102,46,66
s102,47,246
s102,48,9
s102,49,253
s102,50,257
s102,51,281
s102,52,14
s102,53,61
s102,54,309
s102,55,310
s103,1,15
s103,2,36
s103,3,54
s103,4,17
s103,5,32
s103,6,18
s103,7,62
s103,8,20
s103,9,1
s103,10,22
s103,11,16
s103,12,46
s103,13,35
s103,14,58
s103,15,113
s103,16,114
s103,17,27
s103,18,117
s103,19,28
s103,20,118
s103,21,132
s103,22,59
s103,23,133
s103,24,143
s103,25,4
s103,26,26
s103,27,161
s103,28,19
s103,29,23
s103,30,181
s103,31,195
s103,32,38
s103,33,245
s103,34,8
s103,35,45
s103,36,50
s103,37,246
s103,38,25
s103,39,33
s103,40,253
s103,41,257
s103,42,42
s103,43,262
s103,44,281
s103,45,48
s103,46,284
s103,47,12
s103,48,49
s103,49,55
s103,50,309
s103,51,310
s104,1,15
s104,2,41
s104,3,51
s104,4,17
s104,5,37
s104,6,20
s104,7,10
s104,8,21
s104,9,26
s104,10,1
s104,11,27
s104,12,25
s104,13,35
s104,14,13
s104,15,19
s104,16,36
s104,17,40
s104,18,59
s104,19,24
s104,20,67
s104,21,110
s104,22,5
s104,23,112
s104,24,113
s104,25,28
s104,26,34
s104,27,114
s104,28,117
s104,29,11
s104,30,120
s104,31,22
s104,32,132
s104,33,2
s104,34,133
s104,35,18
s104,36,143
s104,37,3
s104,38,144
s104,39,145
s104,40,147
s104,41,16
s104,42,149
s104,43,8
s104,44,150
s104,45,29
s104,46,184
s104,47,185
s104,48,189
s104,49,190
s104,50,209
s104,51,12
s104,52,245
s104,53,46
s104,54,248
s104,55,33
s104,56,255
s104,57,48
s104,58,50
s104,59,256
s104,60,273
s104,61,283
s104,62,309
s104,63,310
s105,1,15
s105,2,12
s105,3,23
s105,4,31
s105,5,49
s105,6,17
s105,7,6
s105,8,29
s105,9,18
s105,10,26
s105,11,35
s105,12,27
s105,13,32
s105,14,110
s105,15,8
s105,16,48
s105,17,117
s105,18,1
s105,19,118
s105,20,50
s105,21,120
s105,22,139
s105,23,3
s105,24,143
s105,25,144
s105,26,199
s105,27,245
s105,28,9
s105,29,14
s105,30,24
s105,31,255
s105,32,256
s105,33,20
s105,34,262
s105,35,39
s105,36,280
s105,37,13
s105,38,283
s105,39,28
s105,40,309
s105,41,4
s106,1,10
s106,2,37
s106,3,71
s106,4,15
s106,5,31
s106,6,36
s106,7,17
s106,8,22
s106,9,18
s106,10,75
s106,11,20
s106,12,7
s106,13,38
s106,14,26
s106,15,1
s106,16,27
s106,17,47
s106,18,35
s106,19,43
s106,20,52
s106,21,41
s106,22,28
s106,23,25
s106,24,110
s106,25,66
s106,26,117
s106,27,118
s106,28,120
s106,29,23
s106,30,139
s106,31,65
s106,32,141
s106,33,72
s106,34,143
s106,35,153
s106,36,33
s106,37,199
s106,38,69
s106,39,245
s106,40,44
s106,41,48
s106,42,255
s106,43,54
s106,44,256
s106,45,40
s106,46,262
s106,47,61
s106,48,280
s106,49,283
s106,50,64
s106,51,309
s107,1,10
s107,2,16
s107,3,18
s107,4,23
s107,5,58
s107,6,15
s107,7,19
s107,8,22
s107,9,17
s107,10,11
s107,11,45
s107,12,40
s107,13,26
s107,14,13
s107,15,41
s107,16,46
s107,17,53
s107,18,112
s107,19,12
s107,20,113
s107,21,1
s107,22,5
s107,23,117
s107,24,6
s107,25,136
s107,26,39
s107,27,141
s107,28,21
s107,29,37
s107,30,143
s107,31,3
s107,32,38
s107,33,245
s107,34,31
s107,35,36
s107,36,252
s107,37,255
s107,38,43
s107,39,44
s107,40,256
s107,41,25
s107,42,27
s107,43,280
s107,44,56
s107,45,283
s107,46,51
s107,47,309
s107,48,52
s108,1,10
s108,2,26
s108,3,52
s108,4,17
s108,5,19
s108,6,27
s108,7,49
s108,8,20
s108,9,1
s108,10,14
s108,11,15
s108,12,113
s108,13,4
s108,14,117
s108,15,132
s108,16,2
s108,17,133
s108,18,5
s108,19,13
s108,20,22
s108,21,136
s108,22,18
s108,23,143
s108,24,3
s108,25,35
s108,26,144
s108,27,39
s108,28,245
s108,29,253
s108,30,21
s108,31,24
s108,32,255
s108,33,42
s108,34,284
s108,35,34
s108,36,309
s108,37,12
s108,38,310
s108,39,41
s109,1,10
s109,2,37
s109,3,55
s109,4,15
s109,5,20
s109,6,36
s109,7,17
s109,8,7
s109,9,18
s109,10,61
s109,11,13
s109,12,28
s109,13,26
s109,14,4
s109,15,27
s109,16,41
s109,17,35
s109,18,33
s109,19,110
s109,20,8
s109,21,117
s109,22,1
s109,23,118
s109,24,62
s109,25,132
s109,26,3
s109,27,139
s109,28,54
s109,29,141
s109,30,2
s109,31,143
s109,32,5
s109,33,144
s109,34,199
s109,35,12
s109,36,245
s109,37,19
s109,38,32
s109,39,253
s109,40,22
s109,41,25
s109,42,255
s109,43,42
s109,44,262
s109,45,47
s109,46,280
s109,47,64
s109,48,283
s109,49,21
s110,1,10
s110,2,42
s110,3,58
s110,4,15
s110,5,8
s110,6,36
s110,7,17
s110,8,1
s110,9,37
s110,10,18
s110,11,64
s110,12,20
s110,13,4
s110,14,22
s110,15,12
s110,16,26
s110,17,5
s110,18,27
s110,19,28
s110,20,43
s110,21,59
s110,22,35
s110,23,9
s110,24,32
s110,25,24
s110,26,29
s110,27,101
s110,28,40
s110,29,108
s110,30,110
s110,31,6
s110,32,56
s110,33,117
s110,34,118
s110,35,139
s110,36,143
s110,37,144
s110,38,199
s110,39,245
s110,40,13
s110,41,23
s110,42,30
s110,43,253
s110,44,255
s110,45,262
s110,46,50
s110,47,283
s110,48,14
s110,49,57
s110,50,309
s110,51,310
s111,1,13
s111,2,28
s111,3,41
s111,4,17
s111,5,9
s111,6,18
s111,7,55
s111,8,22
s111,9,11
s111,10,42
s111,11,26
s111,12,1
s111,13,27
s111,14,35
s111,15,23
s111,16,31
s111,17,36
s111,18,38
s111,19,114
s111,20,132
s111,21,16
s111,22,43
s111,23,46
s111,24,141
s111,25,15
s111,26,47
s111,27,143
s111,28,245
s111,29,253
s111,30,19
s111,31,24
s111,32,255
s111,33,39
s111,34,280
s111,35,48
s111,36,284
s111,37,10
s111,38,25
s111,39,309
s111,40,40
s111,41,310
s111,42,30
s112,1,11
s112,2,4
s112,3,17
s112,4,13
s112,5,24
s112,6,37
s112,7,1
s112,8,18
s112,9,50
s112,10,20
s112,11,39
s112,12,22
s112,13,6
s112,14,38
s112,15,26
s112,16,35
s112,17,21
s112,18,36
s112,19,113
s112,20,132
s112,21,41
s112,22,44
s112,23,141
s112,24,3
s112,25,15
s112,26,48
s112,27,143
s112,28,45
s112,29,144
s112,30,29
s112,31,167
s112,32,245
s112,33,7
s112,34,10
s112,35,28
s112,36,251
s112,37,23
s112,38,253
s112,39,14
s112,40,255
s112,41,43
s112,42,280
s112,43,46
s112,44,309
s113,1,11
s113,2,10
s113,3,18
s113,4,13
s113,5,23
s113,6,37
s113,7,17
s113,8,3
s113,9,19
s113,10,50
s113,11,20
s113,12,1
s113,13,22
s113,14,14
s113,15,36
s113,16,26
s113,17,4
s113,18,27
s113,19,35
s113,20,33
s113,21,114
s113,22,132
s113,23,16
s113,24,41
s113,25,43
s113,26,141
s113,27,15
s113,28,32
s113,29,44
s113,30,143
s113,31,167
s113,32,245
s113,33,7
s113,34,28
s113,35,29
s113,36,251
s113,37,253
s113,38,255
s113,39,283
s113,40,284
s113,41,21
s113,42,309
s113,43,40
s113,44,310
s113,45,24
s114,1,13
s114,2,27
s114,3,55
s114,4,17
s114,5,18
s114,6,70
s114,7,22
s114,8,15
s114,9,58
s114,10,26
s114,11,1
s114,12,33
s114,13,47
s114,14,35
s114,15,42
s114,16,36
s114,17,60
s114,18,113
s114,19,132
s114,20,5
s114,21,6
s114,22,19
s114,23,29
s114,24,31
s114,25,141
s114,26,4
s114,27,7
s114,28,20
s114,29,28
s114,30,59
s114,31,143
s114,32,32
s114,33,40
s114,34,53
s114,35,161
s114,36,25
s114,37,245
s114,38,14
s114,39,39
s114,40,51
s114,41,251
s114,42,43
s114,43,46
s114,44,253
s114,45,24
s114,46,30
s114,47,280
s114,48,63
s114,49,281
s114,50,23
s114,51,45
s114,52,309
s114,53,56
s114,54,310
s114,55,54
s115,1,11
s115,2,1
s115,3,41
s115,4,13
s115,5,55
s115,6,73
s115,7,17
s115,8,42
s115,9,18
s115,10,84
s115,11,20
s115,12,33
s115,13,22
s115,14,52
s115,15,75
s115,16,26
s115,17,34
s115,18,27
s115,19,87
s115,20,32
s115,21,114
s115,22,93
s115,23,119
s115,24,48
s115,25,57
s115,26,132
s115,27,2
s115,28,4
s115,29,12
s115,30,71
s115,31,74
s115,32,141
s115,33,143
s115,34,5
s115,35,8
s115,36,14
s115,37,39
s115,38,70
s115,39,168
s115,40,245
s115,41,40
s115,42,43
s115,43,47
s115,44,251
s115,45,72
s115,46,253
s115,47,280
s115,48,284
s115,49,35
s115,50,68
s115,51,309
s115,52,31
s115,53,69
s115,54,310
s116,1,13
s116,2,31
s116,3,85
s116,4,17
s116,5,6
s116,6,18
s116,7,97
s116,8,20
s116,9,1
s116,10,68
s116,11,92
s116,12,22
s116,13,78
s116,14,84
s116,15,26
s116,16,69
s116,17,27
s116,18,124
s116,19,72
s116,20,74
s116,21,82
s116,22,119
s116,23,46
s116,24,66
s116,25,120
s116,26,28
s116,27,33
s116,28,132
s116,29,10
s116,30,34
s116,31,36
s116,32,44
s116,33,107
s116,34,108
s116,35,141
s116,36,5
s116,37,11
s116,38,37
s116,39,43
s116,40,47
s116,41,80
s116,42,109
s116,43,143
s116,44,104
s116,45,144
s116,46,94
s116,47,168
s116,48,81
s116,49,245
s116,50,30
s116,51,89
s116,52,93
s116,53,98
s116,54,253
s116,55,62
s116,56,67
s116,57,76
s116,58,255
s116,59,32
s116,60,260
s116,61,52
s116,62,281
s116,63,77
s116,64,86
s116,65,284
s116,66,19
s116,67,309
s116,68,310
s116,69,50
s117,1,11
s117,2,1
s117,3,12
s117,4,13
s117,5,17
s117,6,82
s117,7,18
s117,8,90
s117,9,20
s117,10,7
s117,11,21
s117,12,42
s117,13,51
s117,14,22
s117,15,16
s117,16,38
s117,17,58
s117,18,76
s117,19,26
s117,20,8
s117,21,39
s117,22,52
s117,23,27
s117,24,35
s117,25,36
s117,26,28
s117,27,67
s117,28,15
s117,29,78
s117,30,10
s117,31,79
s117,32,29
s117,33,113
s117,34,114
s117,35,9
s117,36,31
s117,37,117
s117,38,23
s117,39,119
s117,40,120
s117,41,132
s117,42,33
s117,43,83
s117,44,133
s117,45,30
s117,46,141
s117,47,34
s117,48,49
s117,49,84
s117,50,143
s117,51,168
s117,52,54
s117,53,245
s117,54,64
s117,55,70
s117,56,74
s117,57,81
s117,58,249
s117,59,19
s117,60,253
s117,61,56
s117,62,255
s117,63,32
s117,64,284
s117,65,5
s117,66,41
s117,67,61
s117,68,309
s117,69,310
s118,1,11
s118,2,23
s118,3,27
s118,4,15
s118,5,44
s118,6,56
s118,7,17
s118,8,38
s118,9,18
s118,10,30
s118,11,61
s118,12,20
s118,13,1
s118,14,29
s118,15,46
s118,16,57
s118,17,26
s118,18,62
s118,19,113
s118,20,14
s118,21,114
s118,22,13
s118,23,28
s118,24,124
s118,25,132
s118,26,12
s118,27,58
s118,28,141
s118,29,3
s118,30,10
s118,31,16
s118,32,143
s118,33,144
s118,34,54
s118,35,168
s118,36,181
s118,37,245
s118,38,4
s118,39,8
s118,40,34
s118,41,39
s118,42,45
s118,43,253
s118,44,284
s119,1,11
s119,2,56
s119,3,65
s119,4,13
s119,5,72
s119,6,73
s119,7,15
s119,8,22
s119,9,34
s119,10,17
s119,11,19
s119,12,35
s119,13,66
s119,14,18
s119,15,86
s119,16,20
s119,17,1
s119,18,74
s119,19,26
s119,20,16
s119,21,27
s119,22,41
s119,23,33
s119,24,110
s119,25,28
s119,26,114
s119,27,37
s119,28,117
s119,29,14
s119,30,29
s119,31,132
s119,32,32
s119,33,139
s119,34,141
s119,35,143
s119,36,36
s119,37,168
s119,38,47
s119,39,209
s119,40,245
s119,41,39
s119,42,44
s119,43,253
s119,44,48
s119,45,85
s119,46,281
s119,47,49
s119,48,67
s119,49,309
s119,50,310
s119,51,25
s120,1,11
s120,2,15
s120,3,27
s120,4,45
s120,5,53
s120,6,13
s120,7,37
s120,8,44
s120,9,1
s120,10,2
s120,11,17
s120,12,28
s120,13,18
s120,14,6
s120,15,20
s120,16,12
s120,17,36
s120,18,26
s120,19,30
s120,20,23
s120,21,35
s120,22,32
s120,23,40
s120,24,47
s120,25,113
s120,26,117
s120,27,118
s120,28,50
s120,29,124
s120,30,16
s120,31,132
s120,32,48
s120,33,133
s120,34,29
s120,35,143
s120,36,25
s120,37,144
s120,38,195
s120,39,245
s120,40,24
s120,41,246
s120,42,4
s120,43,9
s120,44,253
s120,45,14
s120,46,257
s120,47,283
s120,48,42
s120,49,309
s120,50,310
s120,51,49
s121,1,15
s121,2,46
s121,3,51
s121,4,17
s121,5,44
s121,6,18
s121,7,63
s121,8,20
s121,9,16
s121,10,54
s121,11,26
s121,12,7
s121,13,27
s121,14,35
s121,15,19
s121,16,24
s121,17,36
s121,18,31
s121,19,47
s121,20,113
s121,21,42
s121,22,117
s121,23,38
s121,24,118
s121,25,59
s121,26,132
s121,27,4
s121,28,5
s121,29,61
s121,30,133
s121,31,143
s121,32,2
s121,33,39
s121,34,144
s121,35,8
s121,36,147
s121,37,43
s121,38,149
s121,39,150
s121,40,57
s121,41,195
s121,42,245
s121,43,41
s121,44,246
s121,45,11
s121,46,253
s121,47,257
s121,48,283
s121,49,56
s121,50,309
s121,51,310
s121,52,66
s122,1,11
s122,2,33
s122,3,17
s122,4,5
s122,5,18
s122,6,37
s122,7,35
s122,8,1
s122,9,7
s122,10,36
s122,11,23
s122,12,163
s122,13,4
s122,14,10
s122,15,184
s122,16,189
s122,17,190
s122,18,12
s122,19,245
s122,20,8
s122,21,24
s122,22,31
s122,23,253
s122,24,20
s123,1,11
s123,2,32
s123,3,36
s123,4,13
s123,5,54
s123,6,76
s123,7,17
s123,8,22
s123,9,46
s123,10,18
s123,11,40
s123,12,83
s123,13,20
s123,14,50
s123,15,64
s123,16,37
s123,17,49
s123,18,26
s123,19,27
s123,20,78
s123,21,28
s123,22,38
s123,23,35
s123,24,1
s123,25,25
s123,26,47
s123,27,52
s123,28,69
s123,29,48
s123,30,71
s123,31,53
s123,32,110
s123,33,45
s123,34,111
s123,35,7
s123,36,112
s123,37,114
s123,38,14
s123,39,21
s123,40,117
s123,41,12
s123,42,118
s123,43,120
s123,44,29
s123,45,132
s123,46,133
s123,47,136
s123,48,74
s123,49,79
s123,50,139
s123,51,44
s123,52,143
s123,53,72
s123,54,144
s123,55,85
s123,56,145
s123,57,68
s123,58,147
s123,59,10
s123,60,149
s123,61,4
s123,62,43
s123,63,150
s123,64,16
s123,65,163
s123,66,8
s123,67,173
s123,68,184
s123,69,9
s123,70,189
s123,71,190
s123,72,209
s123,73,210
s123,74,245
s123,75,24
s123,76,42
s123,77,248
s123,78,252
s123,79,253
s123,80,57
s123,81,284
s123,82,309
s123,83,30
s123,84,310
s124,1,35
s124,2,5
s124,3,10
s124,4,36
s124,5,30
s124,6,37
s124,7,47
s124,8,7
s124,9,29
s124,10,53
s124,11,4
s124,12,73
s124,13,12
s124,14,78
s124,15,1
s124,16,113
s124,17,117
s124,18,118
s124,19,133
s124,20,136
s124,21,143
s124,22,145
s124,23,149
s124,24,150
s124,25,33
s124,26,168
s124,27,24
s124,28,184
s124,29,28
s124,30,189
s124,31,190
s124,32,32
s124,33,245
s124,34,3
s124,35,21
s124,36,252
s124,37,9
s124,38,253
s124,39,14
s124,40,17
s124,41,255
s124,42,284
s124,43,11
s124,44,309
s125,1,11
s125,2,52
s125,3,74
s125,4,13
s125,5,32
s125,6,51
s125,7,17
s125,8,25
s125,9,20
s125,10,15
s125,11,39
s125,12,23
s125,13,44
s125,14,50
s125,15,26
s125,16,4
s125,17,40
s125,18,27
s125,19,53
s125,20,28
s125,21,54
s125,22,35
s125,23,8
s125,24,45
s125,25,36
s125,26,37
s125,27,41
s125,28,58
s125,29,46
s125,30,69
s125,31,55
s125,32,110
s125,33,113
s125,34,57
s125,35,117
s125,36,1
s125,37,118
s125,38,120
s125,39,9
s125,40,14
s125,41,132
s125,42,70
s125,43,72
s125,44,133
s125,45,68
s125,46,136
s125,47,3
s125,48,139
s125,49,49
s125,50,143
s125,51,33
s125,52,144
s125,53,145
s125,54,147
s125,55,34
s125,56,149
s125,57,16
s125,58,150
s125,59,38
s125,60,71
s125,61,163
s125,62,168
s125,63,179
s125,64,184
s125,65,189
s125,66,190
s125,67,209
s125,68,212
s125,69,245
s125,70,252
s125,71,64
s125,72,253
s125,73,281
s125,74,283
s125,75,48
s125,76,284
s125,77,19
s125,78,309
s125,79,310
s126,1,15
s126,2,13
s126,3,37
s126,4,17
s126,5,5
s126,6,18
s126,7,45
s126,8,20
s126,9,26
s126,10,4
s126,11,27
s126,12,35
s126,13,6
s126,14,11
s126,15,36
s126,16,42
s126,17,110
s126,18,117
s126,19,1
s126,20,118
s126,21,43
s126,22,132
s126,23,22
s126,24,23
s126,25,136
s126,26,39
s126,27,139
s126,28,28
s126,29,143
s126,30,21
s126,31,144
s126,32,199
s126,33,245
s126,34,3
s126,35,24
s126,36,247
s126,37,10
s126,38,32
s126,39,33
s126,40,253
s126,41,16
s126,42,19
s126,43,280
s126,44,12
s126,45,38
s126,46,309
s126,47,310
s127,1,10
s127,2,29
s127,3,47
s127,4,15
s127,5,18
s127,6,28
s127,7,17
s127,8,12
s127,9,60
s127,10,20
s127,11,9
s127,12,43
s127,13,26
s127,14,1
s127,15,27
s127,16,58
s127,17,37
s127,18,46
s127,19,110
s127,20,6
s127,21,25
s127,22,111
s127,23,33
s127,24,117
s127,25,118
s127,26,56
s127,27,120
s127,28,11
s127,29,132
s127,30,48
s127,31,49
s127,32,139
s127,33,5
s127,34,45
s127,35,143
s127,36,144
s127,37,52
s127,38,145
s127,39,149
s127,40,22
s127,41,150
s127,42,50
s127,43,168
s127,44,38
s127,45,184
s127,46,189
s127,47,190
s127,48,199
s127,49,212
s127,50,245
s127,51,7
s127,52,21
s127,53,24
s127,54,253
s127,55,16
s127,56,36
s127,57,262
s127,58,283
s127,59,31
s127,60,284
s127,61,309
s127,62,310
s127,63,14
s127,64,51
s128,1,11
s128,2,10
s128,3,16
s128,4,17
s128,5,3
s128,6,18
s128,7,22
s128,8,20
s128,9,13
s128,10,26
s128,11,5
s128,12,27
s128,13,23
s128,14,35
s128,15,1
s128,16,8
s128,17,36
s128,18,39
s128,19,45
s128,20,110
s128,21,118
s128,22,31
s128,23,127
s128,24,15
s128,25,132
s128,26,55
s128,27,57
s128,28,133
s128,29,25
s128,30,139
s128,31,32
s128,32,37
s128,33,143
s128,34,19
s128,35,28
s128,36,144
s128,37,41
s128,38,147
s128,39,6
s128,40,24
s128,41,149
s128,42,150
s128,43,29
s128,44,166
s128,45,167
s128,46,184
s128,47,185
s128,48,38
s128,49,189
s128,50,190
s128,51,212
s128,52,245
s128,53,7
s128,54,246
s128,55,42
s128,56,51
s128,57,253
s128,58,283
s128,59,284
s128,60,40
s128,61,43
s128,62,309
s128,63,310
s128,64,50
s129,1,11
s129,2,52
s129,3,69
s129,4,17
s129,5,45
s129,6,18
s129,7,80
s129,8,20
s129,9,60
s129,10,26
s129,11,6
s129,12,27
s129,13,75
s129,14,35
s129,15,15
s129,16,36
s129,17,56
s129,18,67
s129,19,110
s129,20,9
s129,21,117
s129,22,5
s129,23,118
s129,24,49
s129,25,127
s129,26,16
s129,27,23
s129,28,132
s129,29,3
s129,30,43
s129,31,44
s129,32,133
s129,33,37
s129,34,42
s129,35,139
s129,36,12
s129,37,29
s129,38,143
s129,39,30
s129,40,147
s129,41,21
s129,42,149
s129,43,150
s129,44,47
s129,45,184
s129,46,189
s129,47,190
s129,48,46
s129,49,212
s129,50,245
s129,51,28
s129,52,31
s129,53,62
s129,54,70
s129,55,246
s129,56,253
s129,57,24
s129,58,48
s129,59,255
s129,60,284
s129,61,55
s129,62,61
s129,63,309
s129,64,310
s130,1,13
s130,2,35
s130,3,59
s130,4,17
s130,5,30
s130,6,18
s130,7,67
s130,8,20
s130,9,14
s130,10,33
s130,11,23
s130,12,68
s130,13,26
s130,14,5
s130,15,27
s130,16,40
s130,17,73
s130,18,24
s130,19,36
s130,20,64
s130,21,72
s130,22,41
s130,23,44
s130,24,62
s130,25,110
s130,26,10
s130,27,16
s130,28,111
s130,29,60
s130,30,114
s130,31,48
s130,32,54
s130,33,117
s130,34,1
s130,35,55
s130,36,118
s130,37,22
s130,38,120
s130,39,21
s130,40,132
s130,41,3
s130,42,4
s130,43,57
s130,44,58
s130,45,84
s130,46,85
s130,47,139
s130,48,11
s130,49,143
s130,50,47
s130,51,50
s130,52,144
s130,53,209
s130,54,245
s130,55,42
s130,56,43
s130,57,246
s130,58,82
s130,59,253
s130,60,31
s130,61,271
s130,62,37
s130,63,281
s130,64,7
s130,65,283
s130,66,309
s130,67,310
s130,68,63
s131,1,11
s131,2,23
s131,3,29
s131,4,13
s131,5,30
s131,6,48
s131,7,17
s131,8,14
s131,9,18
s131,10,55
s131,11,20
s131,12,12
s131,13,26
s131,14,4
s131,15,27
s131,16,33
s131,17,28
s131,18,1
s131,19,2
s131,20,35
s131,21,15
s131,22,36
s131,23,46
s131,24,38
s131,25,47
s131,26,53
s131,27,110
s131,28,6
s131,29,117
s131,30,118
s131,31,34
s131,32,120
s131,33,10
s131,34,132
s131,35,31
s131,36,32
s131,37,139
s131,38,143
s131,39,144
s131,40,45
s131,41,147
s131,42,40
s131,43,149
s131,44,5
s131,45,150
s131,46,167
s131,47,51
s131,48,184
s131,49,189
s131,50,8
s131,51,190
s131,52,205
s131,53,245
s131,54,246
s131,55,252
s131,56,39
s131,57,44
s131,58,253
s131,59,21
s131,60,284
s131,61,7
s131,62,49
s131,63,309
s131,64,310
s131,65,57
s132,1,11
s132,2,15
s132,3,13
s132,4,43
s132,5,58
s132,6,17
s132,7,7
s132,8,39
s132,9,18
s132,10,27
s132,11,63
s132,12,22
s132,13,16
s132,14,42
s132,15,26
s132,16,10
s132,17,55
s132,18,35
s132,19,8
s132,20,12
s132,21,36
s132,22,40
s132,23,45
s132,24,46
s132,25,56
s132,26,110
s132,27,117
s132,28,1
s132,29,118
s132,30,47
s132,31,127
s132,32,9
s132,33,132
s132,34,41
s132,35,139
s132,36,38
s132,37,143
s132,38,144
s132,39,53
s132,40,147
s132,41,6
s132,42,50
s132,43,149
s132,44,150
s132,45,167
s132,46,4
s132,47,52
s132,48,184
s132,49,189
s132,50,190
s132,51,205
s132,52,245
s132,53,23
s132,54,246
s132,55,33
s132,56,252
s132,57,253
s132,58,20
s132,59,256
s132,60,30
s132,61,31
s133,1,14
s133,2,36
s133,3,17
s133,4,8
s133,5,18
s133,6,43
s133,7,31
s133,8,13
s133,9,32
s133,10,35
s133,11,6
s133,12,42
s133,13,41
s133,14,10
s133,15,15
s133,16,71
s133,17,78
s133,18,1
s133,19,79
s133,20,114
s133,21,4
s133,22,11
s133,23,117
s133,24,118
s133,25,16
s133,26,132
s133,27,2
s133,28,38
s133,29,139
s133,30,143
s133,31,144
s133,32,209
s133,33,245
s133,34,7
s133,35,27
s133,36,253
s133,37,21
s134,1,13
s134,2,12
s134,3,18
s134,4,17
s134,5,3
s134,6,28
s134,7,31
s134,8,15
s134,9,35
s134,10,1
s134,11,36
s134,12,19
s134,13,73
s134,14,11
s134,15,78
s134,16,2
s134,17,79
s134,18,30
s134,19,111
s134,20,10
s134,21,117
s134,22,118
s134,23,14
s134,24,133
s134,25,4
s134,26,6
s134,27,143
s134,28,144
s134,29,145
s134,30,7
s134,31,149
s134,32,150
s134,33,184
s134,34,9
s134,35,189
s134,36,190
s134,37,245
s134,38,21
s134,39,29
s134,40,253
s135,1,13
s135,2,14
s135,3,37
s135,4,17
s135,5,10
s135,6,18
s135,7,41
s135,8,31
s135,9,11
s135,10,35
s135,11,7
s135,12,36
s135,13,47
s135,14,15
s135,15,53
s135,16,73
s135,17,78
s135,18,6
s135,19,79
s135,20,113
s135,21,34
s135,22,117
s135,23,8
s135,24,118
s135,25,38
s135,26,132
s135,27,1
s135,28,2
s135,29,40
s135,30,133
s135,31,12
s135,32,143
s135,33,144
s135,34,5
s135,35,145
s135,36,149
s135,37,9
s135,38,150
s135,39,168
s135,40,20
s135,41,174
s135,42,23
s135,43,179
s135,44,21
s135,45,180
s135,46,191
s135,47,245
s135,48,27
s135,49,32
s135,50,252
s135,51,16
s135,52,253
s136,1,8
s136,2,6
s136,3,9
s136,4,34
s136,5,38
s136,6,20
s136,7,11
s136,8,32
s136,9,26
s136,10,27
s136,11,29
s136,12,10
s136,13,35
s136,14,1
s136,15,36
s136,16,110
s136,17,5
s136,18,31
s136,19,117
s136,20,118
s136,21,139
s136,22,143
s136,23,144
s136,24,199
s136,25,245
s136,26,22
s136,27,253
s136,28,13
s136,29,15
s137,1,13
s137,2,12
s137,3,45
s137,4,14
s137,5,6
s137,6,9
s137,7,17
s137,8,3
s137,9,10
s137,10,18
s137,11,54
s137,12,23
s137,13,5
s137,14,49
s137,15,26
s137,16,2
s137,17,27
s137,18,31
s137,19,47
s137,20,35
s137,21,36
s137,22,53
s137,23,15
s137,24,113
s137,25,1
s137,26,118
s137,27,132
s137,28,48
s137,29,133
s137,30,143
s137,31,144
s137,32,145
s137,33,149
s137,34,150
s137,35,168
s137,36,180
s137,37,51
s137,38,191
s137,39,195
s137,40,245
s137,41,32
s137,42,246
s137,43,16
s137,44,250
s137,45,4
s137,46,252
s137,47,20
s137,48,253
s137,49,24
s137,50,262
s137,51,41
s138,1,4
s138,2,1
s138,3,11
s138,4,9
s138,5,18
s138,6,10
s138,7,53
s138,8,63
s138,9,17
s138,10,32
s138,11,77
s138,12,23
s138,13,33
s138,14,64
s138,15,26
s138,16,31
s138,17,27
s138,18,74
s138,19,19
s138,20,35
s138,21,12
s138,22,36
s138,23,28
s138,24,41
s138,25,114
s138,26,5
s138,27,117
s138,28,118
s138,29,119
s138,30,16
s138,31,132
s138,32,66
s138,33,68
s138,34,139
s138,35,7
s138,36,143
s138,37,144
s138,38,72
s138,39,209
s138,40,245
s138,41,29
s138,42,246
s138,43,37
s138,44,46
s138,45,248
s138,46,34
s138,47,253
s138,48,255
s138,49,52
s138,50,61
s139,1,5
s139,2,16
s139,3,39
s139,4,8
s139,5,1
s139,6,9
s139,7,11
s139,8,42
s139,9,30
s139,10,44
s139,11,17
s139,12,25
s139,13,18
s139,14,55
s139,15,23
s139,16,28
s139,17,26
s139,18,24
s139,19,27
s139,20,52
s139,21,29
s139,22,15
s139,23,34
s139,24,35
s139,25,36
s139,26,41
s139,27,10
s139,28,110
s139,29,6
s139,30,113
s139,31,31
s139,32,117
s139,33,22
s139,34,118
s139,35,132
s139,36,45
s139,37,48
s139,38,133
s139,39,139
s139,40,143
s139,41,20
s139,42,43
s139,43,144
s139,44,14
s139,45,54
s139,46,145
s139,47,32
s139,48,149
s139,49,150
s139,50,209
s139,51,245
s139,52,38
s139,53,246
s139,54,21
s139,55,247
s139,56,49
s139,57,50
s139,58,253
s139,59,33
s140,1,14
s140,2,50
s140,3,59
s140,4,17
s140,5,44
s140,6,18
s140,7,70
s140,8,29
s140,9,19
s140,10,22
s140,11,31
s140,12,15
s140,13,23
s140,14,32
s140,15,35
s140,16,8
s140,17,36
s140,18,37
s140,19,41
s140,20,5
s140,21,20
s140,22,110
s140,23,113
s140,24,26
s140,25,117
s140,26,1
s140,27,21
s140,28,118
s140,29,33
s140,30,125
s140,31,10
s140,32,16
s140,33,132
s140,34,56
s140,35,57
s140,36,139
s140,37,9
s140,38,143
s140,39,2
s140,40,54
s140,41,144
s140,42,64
s140,43,145
s140,44,149
s140,45,24
s140,46,150
s140,47,163
s140,48,13
s140,49,179
s140,50,180
s140,51,209
s140,52,214
s140,53,245
s140,54,39
s140,55,42
s140,56,47
s140,57,52
s140,58,246
s140,59,6
s140,60,247
s140,61,58
s140,62,253
s140,63,263
s141,1,14
s141,2,48
s141,3,17
s141,4,10
s141,5,18
s141,6,57
s141,7,31
s141,8,25
s141,9,35
s141,10,12
s141,11,36
s141,12,28
s141,13,68
s141,14,19
s141,15,23
s141,16,78
s141,17,16
s141,18,79
s141,19,29
s141,20,110
s141,21,1
s141,22,5
s141,23,111
s141,24,13
s141,25,117
s141,26,6
s141,27,118
s141,28,15
s141,29,121
s141,30,3
s141,31,8
s141,32,132
s141,33,47
s141,34,133
s141,35,9
s141,36,11
s141,37,139
s141,38,143
s141,39,4
s141,40,44
s141,41,144
s141,42,53
s141,43,209
s141,44,245
s141,45,32
s141,46,33
s141,47,37
s141,48,40
s141,49,246
s141,50,247
s141,51,253
s141,52,259
s142,1,2
s142,2,20
s142,3,52
s142,4,4
s142,5,1
s142,6,8
s142,7,9
s142,8,66
s142,9,22
s142,10,10
s142,11,55
s142,12,26
s142,13,27
s142,14,29
s142,15,43
s142,16,53
s142,17,31
s142,18,23
s142,19,42
s142,20,35
s142,21,12
s142,22,36
s142,23,110
s142,24,5
s142,25,58
s142,26,117
s142,27,118
s142,28,121
s142,29,7
s142,30,11
s142,31,132
s142,32,61
s142,33,64
s142,34,139
s142,35,56
s142,36,143
s142,37,3
s142,38,57
s142,39,144
s142,40,199
s142,41,245
s142,42,34
s142,43,45
s142,44,49
s142,45,246
s142,46,6
s142,47,247
s142,48,253
s142,49,24
s142,50,255
s142,51,13
s142,52,259
s142,53,18
s143,1,1
s143,2,22
s143,3,64
s143,4,8
s143,5,10
s143,6,9
s143,7,74
s143,8,20
s143,9,11
s143,10,59
s143,11,26
s143,12,7
s143,13,27
s143,14,71
s143,15,29
s143,16,23
s143,17,33
s143,18,35
s143,19,12
s143,20,36
s143,21,40
s143,22,110
s143,23,117
s143,24,118
s143,25,121
s143,26,25
s143,27,132
s143,28,34
s143,29,139
s143,30,32
s143,31,39
s143,32,67
s143,33,143
s143,34,3
s143,35,144
s143,36,72
s143,37,199
s143,38,245
s143,39,15
s143,40,18
s143,41,53
s143,42,61
s143,43,246
s143,44,41
s143,45,47
s143,46,253
s143,47,266
s143,48,13
s143,49,24
s144,1,13
s144,2,31
s144,3,95
s144,4,14
s144,5,10
s144,6,30
s144,7,17
s144,8,1
s144,9,18
s144,10,105
s144,11,20
s144,12,22
s144,13,29
s144,14,26
s144,15,15
s144,16,27
s144,17,36
s144,18,39
s144,19,33
s144,20,62
s144,21,41
s144,22,47
s144,23,66
s144,24,94
s144,25,53
s144,26,110
s144,27,5
s144,28,113
s144,29,67
s144,30,114
s144,31,59
s144,32,61
s144,33,117
s144,34,56
s144,35,118
s144,36,97
s144,37,125
s144,38,21
s144,39,132
s144,40,12
s144,41,58
s144,42,96
s144,43,133
s144,44,139
s144,45,8
s144,46,9
s144,47,143
s144,48,64
s144,49,144
s144,50,103
s144,51,145
s144,52,65
s144,53,92
s144,54,149
s144,55,150
s144,56,191
s144,57,209
s144,58,245
s144,59,24
s144,60,54
s144,61,60
s144,62,91
s144,63,248
s144,64,6
s144,65,7
s144,66,252
s144,67,69
s144,68,71
s144,69,253
s144,70,75
s144,71,76
s144,72,80
s144,73,87
s145,1,5
s145,2,18
s145,3,37
s145,4,8
s145,5,12
s145,6,9
s145,7,44
s145,8,13
s145,9,25
s145,10,40
s145,11,14
s145,12,65
s145,13,83
s145,14,17
s145,15,62
s145,16,49
s145,17,91
s145,18,20
s145,19,22
s145,20,50
s145,21,64
s145,22,26
s145,23,1
s145,24,39
s145,25,27
s145,26,29
s145,27,21
s145,28,54
s145,29,35
s145,30,15
s145,31,36
s145,32,24
s145,33,67
s145,34,47
s145,35,66
s145,36,85
s145,37,53
s145,38,110
s145,39,7
s145,40,61
s145,41,113
s145,42,34
s145,43,117
s145,44,118
s145,45,123
s145,46,45
s145,47,132
s145,48,84
s145,49,133
s145,50,19
s145,51,33
s145,52,81
s145,53,139
s145,54,11
s145,55,60
s145,56,143
s145,57,82
s145,58,144
s145,59,145
s145,60,149
s145,61,58
s145,62,150
s145,63,163
s145,64,174
s145,65,38
s145,66,87
s145,67,180
s145,68,191
s145,69,205
s145,70,209
s145,71,245
s145,72,59
s145,73,63
s145,74,252
s145,75,71
s145,76,78
s145,77,253
s145,78,51
s146,1,8
s146,2,37
s146,3,46
s146,4,48
s146,5,63
s146,6,9
s146,7,65
s146,8,77
s146,9,13
s146,10,24
s146,11,53
s146,12,14
s146,13,95
s146,14,105
s146,15,17
s146,16,18
s146,17,88
s146,18,112
s146,19,20
s146,20,22
s146,21,1
s146,22,7
s146,23,67
s146,24,86
s146,25,26
s146,26,27
s146,27,23
s146,28,47
s146,29,90
s146,30,106
s146,31,87
s146,32,110
s146,33,114
s146,34,49
s146,35,52
s146,36,117
s146,37,118
s146,38,93
s146,39,121
s146,40,64
s146,41,70
s146,42,132
s146,43,2
s146,44,62
s146,45,107
s146,46,139
s146,47,6
s146,48,16
s146,49,60
s146,50,68
s146,51,85
s146,52,143
s146,53,43
s146,54,61
s146,55,103
s146,56,144
s146,57,89
s146,58,91
s146,59,149
s146,60,78
s146,61,150
s146,62,174
s146,63,180
s146,64,191
s146,65,205
s146,66,209
s146,67,245
s146,68,39
s146,69,50
s146,70,83
s146,71,246
s146,72,28
s146,73,33
s146,74,252
s146,75,98
s146,76,102
s146,77,253
s146,78,72
s146,79,269
s146,80,75
s147,1,8
s147,2,2
s147,3,12
s147,4,9
s147,5,51
s147,6,62
s147,7,14
s147,8,21
s147,9,55
s147,10,17
s147,11,18
s147,12,20
s147,13,1
s147,14,54
s147,15,27
s147,16,29
s147,17,11
s147,18,35
s147,19,7
s147,20,36
s147,21,110
s147,22,6
s147,23,114
s147,24,117
s147,25,3
s147,26,118
s147,27,15
s147,28,132
s147,29,53
s147,30,58
s147,31,139
s147,32,5
s147,33,143
s147,34,50
s147,35,144
s147,36,209
s147,37,245
s147,38,4
s147,39,38
s147,40,44
s147,41,249
s147,42,22
s147,43,28
s147,44,253
s147,45,13
s147,46,16
s147,47,261
s147,48,39
s147,49,40
s148,1,4
s148,2,6
s148,3,12
s148,4,8
s148,5,1
s148,6,9
s148,7,17
s148,8,13
s148,9,23
s148,10,74
s148,11,18
s148,12,81
s148,13,31
s148,14,19
s148,15,26
s148,16,35
s148,17,36
s148,18,29
s148,19,41
s148,20,48
s148,21,62
s148,22,68
s148,23,73
s148,24,78
s148,25,69
s148,26,2
s148,27,71
s148,28,56
s148,29,57
s148,30,79
s148,31,110
s148,32,5
s148,33,7
s148,34,117
s148,35,118
s148,36,121
s148,37,30
s148,38,33
s148,39,49
s148,40,132
s148,41,58
s148,42,76
s148,43,136
s148,44,3
s148,45,143
s148,46,55
s148,47,144
s148,48,11
s148,49,60
s148,50,245
s148,51,39
s148,52,44
s148,53,53
s148,54,246
s148,55,10
s148,56,15
s148,57,253
s148,58,22
s148,59,265
s148,60,269
s148,61,32
s149,1,20
s149,2,38
s149,3,41
s149,4,26
s149,5,32
s149,6,27
s149,7,46
s149,8,31
s149,9,16
s149,10,35
s149,11,12
s149,12,36
s149,13,30
s149,14,67
s149,15,33
s149,16,78
s149,17,79
s149,18,43
s149,19,110
s149,20,3
s149,21,6
s149,22,117
s149,23,1
s149,24,118
s149,25,132
s149,26,45
s149,27,47
s149,28,136
s149,29,34
s149,30,42
s149,31,143
s149,32,144
s149,33,2
s149,34,209
s149,35,245
s149,36,23
s149,37,28
s149,38,44
s149,39,246
s149,40,4
s149,41,9
s149,42,253
s149,43,15
s149,44,18
s150,1,1
s150,2,33
s150,3,38
s150,4,8
s150,5,27
s150,6,9
s150,7,44
s150,8,13
s150,9,17
s150,10,42
s150,11,12
s150,12,18
s150,13,55
s150,14,20
s150,15,5
s150,16,26
s150,17,47
s150,18,31
s150,19,16
s150,20,36
s150,21,35
s150,22,11
s150,23,41
s150,24,45
s150,25,53
s150,26,67
s150,27,62
s150,28,74
s150,29,78
s150,30,54
s150,31,79
s150,32,77
s150,33,110
s150,34,10
s150,35,114
s150,36,46
s150,37,50
s150,38,117
s150,39,118
s150,40,127
s150,41,24
s150,42,132
s150,43,40
s150,44,72
s150,45,136
s150,46,21
s150,47,23
s150,48,139
s150,49,143
s150,50,19
s150,51,70
s150,52,144
s150,53,25
s150,54,209
s150,55,212
s150,56,245
s150,57,37
s150,58,63
s150,59,253
s150,60,56
s150,61,59
s150,62,255
s150,63,266
s150,64,14
s151,1,1
s151,2,24
s151,3,50
s151,4,8
s151,5,11
s151,6,9
s151,7,60
s151,8,13
s151,9,20
s151,10,55
s151,11,17
s151,12,12
s151,13,18
s151,14,67
s151,15,16
s151,16,51
s151,17,26
s151,18,2
s151,19,27
s151,20,59
s151,21,31
s151,22,35
s151,23,10
s151,24,36
s151,25,56
s151,26,37
s151,27,61
s151,28,83
s151,29,110
s151,30,118
s151,31,57
s151,32,125
s151,33,40
s151,34,132
s151,35,53
s151,36,54
s151,37,136
s151,38,58
s151,39,139
s151,40,143
s151,41,3
s151,42,144
s151,43,38
s151,44,174
s151,45,45
s151,46,219
s151,47,6
s151,48,245
s151,49,43
s151,50,72
s151,51,77
s151,52,247
s151,53,7
s151,54,253
s151,55,32
s151,56,65
s151,57,68
s151,58,259
s151,59,266
s151,60,21
s152,1,1
s152,2,17
s152,3,36
s152,4,8
s152,5,7
s152,6,15
s152,7,9
s152,8,45
s152,9,14
s152,10,16
s152,11,64
s152,12,18
s152,13,70
s152,14,22
s152,15,6
s152,16,40
s152,17,26
s152,18,27
s152,19,31
s152,20,11
s152,21,35
s152,22,41
s152,23,37
s152,24,44
s152,25,43
s152,26,110
s152,27,118
s152,28,121
s152,29,5
s152,30,125
s152,31,23
s152,32,132
s152,33,38
s152,34,39
s152,35,67
s152,36,68
s152,37,139
s152,38,34
s152,39,143
s152,40,66
s152,41,144
s152,42,174
s152,43,28
s152,44,219
s152,45,245
s152,46,33
s152,47,59
s152,48,62
s152,49,253
s152,50,50
s152,51,54
s152,52,259
s152,53,46
s152,54,266
s152,55,19
s153,1,14
s153,2,19
s153,3,40
s153,4,17
s153,5,11
s153,6,18
s153,7,47
s153,8,29
s153,9,38
s153,10,35
s153,11,10
s153,12,36
s153,13,43
s153,14,46
s153,15,41
s153,16,53
s153,17,113
s153,18,114
s153,19,3
s153,20,6
s153,21,117
s153,22,1
s153,23,7
s153,24,118
s153,25,44
s153,26,132
s153,27,42
s153,28,133
s153,29,23
s153,30,143
s153,31,39
s153,32,144
s153,33,32
s153,34,146
s153,35,37
s153,36,149
s153,37,150
s153,38,191
s153,39,209
s153,40,8
s153,41,245
s153,42,31
s153,43,246
s153,44,252
s153,45,253
s153,46,24
s153,47,26
s153,48,258
s153,49,12
s154,1,14
s154,2,29
s154,3,17
s154,4,10
s154,5,44
s154,6,1
s154,7,3
s154,8,114
s154,9,118
s154,10,9
s154,11,132
s154,12,28
s154,13,136
s154,14,2
s154,15,144
s154,16,7
s154,17,245
s154,18,6
s154,19,24
s154,20,253
s154,21,11
s154,22,13
s155,1,31
s155,2,16
s155,3,27
s155,4,35
s155,5,4
s155,6,9
s155,7,36
s155,8,110
s155,9,1
s155,10,2
s155,11,113
s155,12,13
s155,13,117
s155,14,3
s155,15,118
s155,16,19
s155,17,125
s155,18,10
s155,19,15
s155,20,132
s155,21,32
s155,22,33
s155,23,133
s155,24,136
s155,25,139
s155,26,7
s155,27,143
s155,28,8
s155,29,144
s155,30,18
s155,31,145
s155,32,149
s155,33,6
s155,34,150
s155,35,169
s155,36,245
s155,37,20
s155,38,248
s155,39,253
s155,40,11
s156,1,5
s156,2,4
s156,3,10
s156,4,8
s156,5,1
s156,6,9
s156,7,20
s156,8,14
s156,9,12
s156,10,42
s156,11,17
s156,12,7
s156,13,18
s156,14,48
s156,15,29
s156,16,13
s156,17,36
s156,18,35
s156,19,39
s156,20,46
s156,21,53
s156,22,110
s156,23,113
s156,24,117
s156,25,118
s156,26,43
s156,27,132
s156,28,41
s156,29,44
s156,30,133
s156,31,11
s156,32,143
s156,33,40
s156,34,145
s156,35,146
s156,36,150
s156,37,45
s156,38,168
s156,39,174
s156,40,2
s156,41,6
s156,42,191
s156,43,209
s156,44,245
s156,45,25
s156,46,32
s156,47,247
s156,48,38
s156,49,252
s156,50,253
s156,51,19
s157,1,14
s157,2,44
s157,3,17
s157,4,10
s157,5,18
s157,6,53
s157,7,20
s157,8,7
s157,9,26
s157,10,2
s157,11,27
s157,12,15
s157,13,31
s157,14,11
s157,15,33
s157,16,35
s157,17,6
s157,18,36
s157,19,46
s157,20,58
s157,21,110
s157,22,9
s157,23,111
s157,24,117
s157,25,1
s157,26,118
s157,27,56
s157,28,132
s157,29,49
s157,30,133
s157,31,13
s157,32,42
s157,33,139
s157,34,143
s157,35,8
s157,36,43
s157,37,146
s157,38,174
s157,39,184
s157,40,191
s157,41,209
s157,42,245
s157,43,38
s157,44,246
s157,45,247
s157,46,253
s157,47,270
s158,1,13
s158,2,23
s158,3,62
s158,4,17
s158,5,18
s158,6,72
s158,7,22
s158,8,12
s158,9,16
s158,10,26
s158,11,4
s158,12,27
s158,13,29
s158,14,21
s158,15,28
s158,16,31
s158,17,36
s158,18,35
s158,19,42
s158,20,73
s158,21,78
s158,22,79
s158,23,44
s158,24,110
s158,25,117
s158,26,1
s158,27,118
s158,28,125
s158,29,30
s158,30,132
s158,31,63
s158,32,65
s158,33,139
s158,34,8
s158,35,58
s158,36,143
s158,37,59
s158,38,144
s158,39,20
s158,40,68
s158,41,209
s158,42,238
s158,43,245
s158,44,45
s158,45,54
s158,46,248
s158,47,34
s158,48,253
s158,49,32
s158,50,259
s158,51,272
s158,52,39
s158,53,40
s159,1,4
s159,2,35
s159,3,37
s159,4,8
s159,5,1
s159,6,30
s159,7,9
s159,8,46
s159,9,11
s159,10,12
s159,11,29
s159,12,74
s159,13,78
s159,14,17
s159,15,6
s159,16,66
s159,17,18
s159,18,42
s159,19,89
s159,20,20
s159,21,50
s159,22,22
s159,23,40
s159,24,49
s159,25,26
s159,26,27
s159,27,92
s159,28,47
s159,29,53
s159,30,63
s159,31,55
s159,32,60
s159,33,65
s159,34,51
s159,35,64
s159,36,113
s159,37,10
s159,38,81
s159,39,117
s159,40,118
s159,41,121
s159,42,31
s159,43,41
s159,44,132
s159,45,84
s159,46,133
s159,47,28
s159,48,143
s159,49,5
s159,50,144
s159,51,146
s159,52,149
s159,53,39
s159,54,59
s159,55,61
s159,56,150
s159,57,80
s159,58,195
s159,59,245
s159,60,21
s159,61,48
s159,62,246
s159,63,38
s159,64,71
s159,65,253
s159,66,54
s159,67,262
s159,68,76
s160,1,1
s160,2,2
s160,3,81
s160,4,82
s160,5,5
s160,6,18
s160,7,20
s160,8,8
s160,9,15
s160,10,43
s160,11,53
s160,12,72
s160,13,9
s160,14,6
s160,15,24
s160,16,23
s160,17,26
s160,18,29
s160,19,45
s160,20,71
s160,21,40
s160,22,27
s160,23,32
s160,24,31
s160,25,39
s160,26,35
s160,27,19
s160,28,36
s160,29,41
s160,30,46
s160,31,42
s160,32,67
s160,33,110
s160,34,37
s160,35,113
s160,36,44
s160,37,117
s160,38,38
s160,39,118
s160,40,132
s160,41,76
s160,42,133
s160,43,139
s160,44,143
s160,45,144
s160,46,7
s160,47,146
s160,48,25
s160,49,65
s160,50,149
s160,51,150
s160,52,195
s160,53,213
s160,54,245
s160,55,13
s160,56,34
s160,57,59
s160,58,62
s160,59,246
s160,60,17
s160,61,21
s160,62,253
s161,1,5
s161,2,1
s161,3,7
s161,4,8
s161,5,24
s161,6,32
s161,7,9
s161,8,14
s161,9,40
s161,10,43
s161,11,31
s161,12,15
s161,13,26
s161,14,35
s161,15,10
s161,16,36
s161,17,29
s161,18,113
s161,19,13
s161,20,20
s161,21,117
s161,22,118
s161,23,23
s161,24,121
s161,25,22
s161,26,132
s161,27,44
s161,28,133
s161,29,19
s161,30,143
s161,31,144
s161,32,2
s161,33,4
s161,34,47
s161,35,145
s161,36,149
s161,37,150
s161,38,163
s161,39,18
s161,40,184
s161,41,189
s161,42,190
s161,43,245
s161,44,33
s161,45,248
s161,46,255
s161,47,263
s161,48,12
s162,1,1
s162,2,15
s162,3,54
s162,4,8
s162,5,11
s162,6,45
s162,7,17
s162,8,3
s162,9,18
s162,10,20
s162,11,7
s162,12,26
s162,13,2
s162,14,27
s162,15,31
s162,16,13
s162,17,25
s162,18,35
s162,19,5
s162,20,36
s162,21,110
s162,22,4
s162,23,43
s162,24,117
s162,25,118
s162,26,132
s162,27,44
s162,28,139
s162,29,41
s162,30,143
s162,31,42
s162,32,144
s162,33,47
s162,34,163
s162,35,14
s162,36,24
s162,37,199
s162,38,245
s162,39,30
s162,40,32
s162,41,248
s162,42,6
s162,43,255
s162,44,33
s162,45,256
s162,46,21
s163,1,1
s163,2,14
s163,3,66
s163,4,8
s163,5,5
s163,6,31
s163,7,25
s163,8,38
s163,9,35
s163,10,19
s163,11,36
s163,12,59
s163,13,110
s163,14,61
s163,15,117
s163,16,118
s163,17,121
s163,18,28
s163,19,33
s163,20,132
s163,21,63
s163,22,133
s163,23,21
s163,24,39
s163,25,139
s163,26,4
s163,27,16
s163,28,45
s163,29,62
s163,30,143
s163,31,17
s163,32,40
s163,33,145
s163,34,23
s163,35,149
s163,36,15
s163,37,150
s163,38,46
s163,39,163
s163,40,41
s163,41,168
s163,42,42
s163,43,43
s163,44,184
s163,45,20
s163,46,189
s163,47,190
s163,48,199
s163,49,209
s163,50,245
s163,51,255
s163,52,44
s163,53,256
s163,54,266
s163,55,26
s164,1,8
s164,2,11
s164,3,17
s164,4,9
s164,5,38
s164,6,45
s164,7,13
s164,8,10
s164,9,41
s164,10,4
s164,11,18
s164,12,20
s164,13,1
s164,14,6
s164,15,27
s164,16,31
s164,17,33
s164,18,35
s164,19,36
s164,20,39
s164,21,46
s164,22,40
s164,23,53
s164,24,5
s164,25,110
s164,26,118
s164,27,144
s164,28,2
s164,29,149
s164,30,150
s164,31,163
s164,32,7
s164,33,191
s164,34,245
s164,35,21
s164,36,22
s164,37,252
s164,38,12
s164,39,255
s164,40,29
s164,41,256
s164,42,15
s164,43,16
s165,1,8
s165,2,5
s165,3,7
s165,4,9
s165,5,35
s165,6,40
s165,7,13
s165,8,31
s165,9,14
s165,10,1
s165,11,6
s165,12,18
s165,13,42
s165,14,20
s165,15,2
s165,16,23
s165,17,32
s165,18,26
s165,19,27
s165,20,39
s165,21,29
s165,22,16
s165,23,33
s165,24,10
s165,25,36
s165,26,111
s165,27,117
s165,28,118
s165,29,11
s165,30,133
s165,31,143
s165,32,144
s165,33,145
s165,34,149
s165,35,150
s165,36,163
s165,37,179
s165,38,180
s165,39,12
s165,40,184
s165,41,189
s165,42,190
s165,43,245
s165,44,4
s165,45,248
s165,46,17
s165,47,256
s166,1,9
s166,2,3
s166,3,7
s166,4,14
s166,5,31
s166,6,52
s166,7,17
s166,8,22
s166,9,20
s166,10,11
s166,11,23
s166,12,1
s166,13,2
s166,14,26
s166,15,27
s166,16,35
s166,17,18
s166,18,29
s166,19,36
s166,20,40
s166,21,50
s166,22,71
s166,23,39
s166,24,79
s166,25,47
s166,26,110
s166,27,5
s166,28,112
s166,29,19
s166,30,21
s166,31,114
s166,32,117
s166,33,132
s166,34,51
s166,35,139
s166,36,8
s166,37,143
s166,38,144
s166,39,24
s166,40,209
s166,41,213
s166,42,12
s166,43,245
s166,44,32
s166,45,43
s166,46,253
s166,47,255
s167,1,5
s167,2,15
s167,3,74
s167,4,8
s167,5,3
s167,6,13
s167,7,58
s167,8,18
s167,9,19
s167,10,16
s167,11,57
s167,12,27
s167,13,35
s167,14,2
s167,15,36
s167,16,40
s167,17,68
s167,18,110
s167,19,1
s167,20,66
s167,21,118
s167,22,132
s167,23,139
s167,24,6
s167,25,63
s167,26,143
s167,27,64
s167,28,144
s167,29,71
s167,30,199
s167,31,245
s167,32,23
s167,33,25
s167,34,44
s167,35,49
s167,36,248
s167,37,17
s167,38,253
s167,39,38
s167,40,255
s167,41,262
s167,42,54
s167,43,59
s167,44,266
s167,45,29
s167,46,32
s168,1,5
s168,2,27
s168,3,57
s168,4,8
s168,5,13
s168,6,14
s168,7,1
s168,8,53
s168,9,18
s168,10,19
s168,11,51
s168,12,35
s168,13,23
s168,14,36
s168,15,47
s168,16,110
s168,17,118
s168,18,132
s168,19,3
s168,20,52
s168,21,54
s168,22,136
s168,23,55
s168,24,139
s168,25,11
s168,26,50
s168,27,143
s168,28,6
s168,29,199
s168,30,245
s168,31,17
s168,32,20
s168,33,31
s168,34,253
s168,35,26
s168,36,255
s168,37,7
s168,38,38
s169,1,11
s169,2,33
s169,3,49
s169,4,17
s169,5,18
s169,6,58
s169,7,23
s169,8,1
s169,9,13
s169,10,27
s169,11,25
s169,12,35
s169,13,14
s169,14,36
s169,15,16
s169,16,32
s169,17,37
s169,18,19
s169,19,43
s169,20,44
s169,21,15
s169,22,110
s169,23,4
s169,24,118
s169,25,8
s169,26,22
s169,27,122
s169,28,2
s169,29,5
s169,30,132
s169,31,51
s169,32,136
s169,33,52
s169,34,139
s169,35,7
s169,36,143
s169,37,45
s169,38,144
s169,39,213
s169,40,245
s169,41,38
s169,42,253
s169,43,24
s169,44,255
s169,45,41
s169,46,46
s170,1,4
s170,2,1
s170,3,10
s170,4,36
s170,5,54
s170,6,17
s170,7,23
s170,8,18
s170,9,58
s170,10,37
s170,11,50
s170,12,110
s170,13,3
s170,14,16
s170,15,117
s170,16,118
s170,17,22
s170,18,132
s170,19,56
s170,20,57
s170,21,139
s170,22,143
s170,23,144
s170,24,19
s170,25,209
s170,26,14
s170,27,245
s170,28,253
s170,29,25
s170,30,255
s170,31,31
s170,32,38
s170,33,43
s171,1,1
s171,2,47
s171,3,61
s171,4,8
s171,5,38
s171,6,11
s171,7,26
s171,8,46
s171,9,17
s171,10,14
s171,11,18
s171,12,56
s171,13,23
s171,14,27
s171,15,34
s171,16,35
s171,17,12
s171,18,36
s171,19,30
s171,20,37
s171,21,73
s171,22,78
s171,23,6
s171,24,79
s171,25,110
s171,26,2
s171,27,113
s171,28,114
s171,29,19
s171,30,117
s171,31,31
s171,32,122
s171,33,22
s171,34,24
s171,35,132
s171,36,4
s171,37,5
s171,38,60
s171,39,143
s171,40,58
s171,41,146
s171,42,29
s171,43,149
s171,44,13
s171,45,150
s171,46,33
s171,47,184
s171,48,209
s171,49,245
s171,50,9
s171,51,40
s171,52,55
s171,53,253
s171,54,265
s172,1,4
s172,2,1
s172,3,14
s172,4,5
s172,5,46
s172,6,69
s172,7,8
s172,8,35
s172,9,9
s172,10,22
s172,11,82
s172,12,13
s172,13,53
s172,14,68
s172,15,17
s172,16,34
s172,17,18
s172,18,92
s172,19,20
s172,20,70
s172,21,26
s172,22,27
s172,23,75
s172,24,16
s172,25,36
s172,26,79
s172,27,110
s172,28,112
s172,29,12
s172,30,117
s172,31,118
s172,32,132
s172,33,2
s172,34,15
s172,35,83
s172,36,86
s172,37,136
s172,38,23
s172,39,144
s172,40,153
s172,41,56
s172,42,163
s172,43,21
s172,44,172
s172,45,62
s172,46,84
s172,47,181
s172,48,184
s172,49,19
s172,50,245
s172,51,38
s172,52,45
s172,53,74
s172,54,249
s172,55,65
s172,56,71
s172,57,253
s172,58,25
s172,59,30
s172,60,50
s172,61,58
s172,62,265
s172,63,11
s173,1,20
s173,2,37
s173,3,39
s173,4,23
s173,5,44
s173,6,49
s173,7,26
s173,8,30
s173,9,40
s173,10,27
s173,11,52
s173,12,35
s173,13,31
s173,14,36
s173,15,42
s173,16,110
s173,17,1
s173,18,22
s173,19,118
s173,20,120
s173,21,13
s173,22,17
s173,23,132
s173,24,51
s173,25,139
s173,26,4
s173,27,143
s173,28,47
s173,29,144
s173,30,24
s173,31,54
s173,32,146
s173,33,7
s173,34,149
s173,35,150
s173,36,10
s173,37,184
s173,38,8
s173,39,189
s173,40,190
s173,41,209
s173,42,15
s173,43,210
s173,44,245
s173,45,253
s174,1,5
s174,2,62
s174,3,65
s174,4,8
s174,5,48
s174,6,9
s174,7,76
s174,8,14
s174,9,37
s174,10,69
s174,11,17
s174,12,30
s174,13,18
s174,14,20
s174,15,52
s174,16,67
s174,17,22
s174,18,33
s174,19,46
s174,20,26
s174,21,1
s174,22,47
s174,23,27
s174,24,78
s174,25,35
s174,26,28
s174,27,39
s174,28,36
s174,29,74
s174,30,34
s174,31,54
s174,32,29
s174,33,79
s174,34,110
s174,35,3
s174,36,117
s174,37,118
s174,38,121
s174,39,32
s174,40,44
s174,41,122
s174,42,16
s174,43,132
s174,44,45
s174,45,70
s174,46,72
s174,47,139
s174,48,143
s174,49,2
s174,50,144
s174,51,168
s174,52,43
s174,53,179
s174,54,180
s174,55,210
s174,56,4
s174,57,19
s174,58,23
s174,59,245
s174,60,59
s174,61,253
s174,62,255
s174,63,12
s174,64,68
s175,1,4
s175,2,6
s175,3,34
s175,4,5
s175,5,60
s175,6,82
s175,7,8
s175,8,1
s175,9,54
s175,10,14
s175,11,37
s175,12,17
s175,13,35
s175,14,21
s175,15,24
s175,16,68
s175,17,22
s175,18,9
s175,19,26
s175,20,18
s175,21,27
s175,22,110
s175,23,16
s175,24,28
s175,25,112
s175,26,7
s175,27,11
s175,28,113
s175,29,36
s175,30,47
s175,31,117
s175,32,12
s175,33,29
s175,34,118
s175,35,52
s175,36,120
s175,37,132
s175,38,49
s175,39,50
s175,40,67
s175,41,69
s175,42,133
s175,43,33
s175,44,48
s175,45,136
s175,46,70
s175,47,139
s175,48,143
s175,49,145
s175,50,32
s175,51,149
s175,52,150
s175,53,173
s175,54,38
s175,55,210
s175,56,15
s175,57,245
s175,58,56
s175,59,62
s175,60,248
s175,61,51
s175,62,253
s175,63,255
s175,64,25
s176,1,8
s176,2,9
s176,3,14
s176,4,25
s176,5,30
s176,6,20
s176,7,16
s176,8,61
s176,9,26
s176,10,1
s176,11,27
s176,12,68
s176,13,73
s176,14,51
s176,15,78
s176,16,79
s176,17,110
s176,18,114
s176,19,32
s176,20,50
s176,21,117
s176,22,118
s176,23,65
s176,24,119
s176,25,17
s176,26,21
s176,27,29
s176,28,35
s176,29,132
s176,30,63
s176,31,133
s176,32,139
s176,33,4
s176,34,23
s176,35,143
s176,36,24
s176,37,28
s176,38,31
s176,39,144
s176,40,37
s176,41,146
s176,42,149
s176,43,150
s176,44,171
s176,45,33
s176,46,53
s176,47,180
s176,48,56
s176,49,181
s176,50,52
s176,51,189
s176,52,190
s176,53,210
s176,54,6
s176,55,18
s176,56,245
s176,57,253
s176,58,60
s176,59,255
s177,1,1
s177,2,8
s177,3,79
s177,4,11
s177,5,9
s177,6,70
s177,7,17
s177,8,18
s177,9,76
s177,10,20
s177,11,68
s177,12,26
s177,13,27
s177,14,35
s177,15,15
s177,16,16
s177,17,36
s177,18,25
s177,19,28
s177,20,73
s177,21,51
s177,22,78
s177,23,67
s177,24,110
s177,25,118
s177,26,132
s177,27,69
s177,28,72
s177,29,136
s177,30,75
s177,31,139
s177,32,143
s177,33,199
s177,34,245
s177,35,12
s177,36,33
s177,37,37
s177,38,43
s177,39,50
s177,40,253
s177,41,255
s177,42,52
s177,43,266
s177,44,3
s178,1,8
s178,2,1
s178,3,6
s178,4,9
s178,5,58
s178,6,79
s178,7,11
s178,8,34
s178,9,35
s178,10,59
s178,11,74
s178,12,17
s178,13,5
s178,14,55
s178,15,18
s178,16,40
s178,17,20
s178,18,12
s178,19,26
s178,20,27
s178,21,28
s178,22,70
s178,23,36
s178,24,46
s178,25,68
s178,26,113
s178,27,10
s178,28,73
s178,29,117
s178,30,118
s178,31,121
s178,32,132
s178,33,47
s178,34,50
s178,35,76
s178,36,133
s178,37,136
s178,38,51
s178,39,143
s178,40,144
s178,41,146
s178,42,32
s178,43,33
s178,44,195
s178,45,245
s178,46,15
s178,47,25
s178,48,30
s178,49,52
s178,50,57
s178,51,250
s178,52,253
s178,53,45
s178,54,266
s179,1,8
s179,2,1
s179,3,10
s179,4,9
s179,5,19
s179,6,26
s179,7,13
s179,8,27
s179,9,51
s179,10,14
s179,11,17
s179,12,6
s179,13,18
s179,14,67
s179,15,22
s179,16,41
s179,17,20
s179,18,31
s179,19,114
s179,20,133
s179,21,3
s179,22,36
s179,23,143
s179,24,245
s179,25,60
s179,26,246
s179,27,7
s179,28,253
s179,29,34
s179,30,44
s179,31,266
s180,1,11
s180,2,24
s180,3,33
s180,4,17
s180,5,14
s180,6,18
s180,7,44
s180,8,28
s180,9,36
s180,10,35
s180,11,47
s180,12,46
s180,13,19
s180,14,32
s180,15,69
s180,16,26
s180,17,78
s180,18,79
s180,19,45
s180,20,110
s180,21,5
s180,22,117
s180,23,1
s180,24,139
s180,25,143
s180,26,199
s180,27,39
s180,28,201
s180,29,247
s180,30,10
s180,31,21
s180,32,253
s180,33,16
s181,1,5
s181,2,27
s181,3,36
s181,4,8
s181,5,9
s181,6,40
s181,7,11
s181,8,18
s181,9,17
s181,10,7
s181,11,42
s181,12,20
s181,13,26
s181,14,1
s181,15,28
s181,16,35
s181,17,46
s181,18,22
s181,19,69
s181,20,34
s181,21,78
s181,22,16
s181,23,79
s181,24,110
s181,25,4
s181,26,30
s181,27,117
s181,28,118
s181,29,41
s181,30,132
s181,31,38
s181,32,39
s181,33,139
s181,34,143
s181,35,144
s181,36,199
s181,37,247
s181,38,6
s181,39,253
s181,40,14
s181,41,15
s181,42,262
s181,43,24
s182,1,5
s182,2,33
s182,3,36
s182,4,8
s182,5,10
s182,6,9
s182,7,53
s182,8,11
s182,9,22
s182,10,17
s182,11,18
s182,12,48
s182,13,28
s182,14,41
s182,15,35
s182,16,52
s182,17,46
s182,18,3
s182,19,47
s182,20,16
s182,21,39
s182,22,110
s182,23,6
s182,24,43
s182,25,117
s182,26,1
s182,27,118
s182,28,119
s182,29,2
s182,30,132
s182,31,45
s182,32,139
s182,33,42
s182,34,143
s182,35,199
s182,36,245
s182,37,26
s182,38,247
s182,39,253
s182,40,14
s182,41,262
s182,42,29
s183,1,4
s183,2,1
s183,3,2
s183,4,5
s183,5,24
s183,6,54
s183,7,8
s183,8,3
s183,9,9
s183,10,61
s183,11,10
s183,12,55
s183,13,11
s183,14,26
s183,15,42
s183,16,17
s183,17,38
s183,18,18
s183,19,31
s183,20,28
s183,21,35
s183,22,12
s183,23,36
s183,24,67
s183,25,41
s183,26,44
s183,27,68
s183,28,22
s183,29,78
s183,30,13
s183,31,32
s183,32,79
s183,33,58
s183,34,94
s183,35,21
s183,36,27
s183,37,105
s183,38,50
s183,39,108
s183,40,109
s183,41,110
s183,42,52
s183,43,117
s183,44,118
s183,45,119
s183,46,20
s183,47,123
s183,48,139
s183,49,51
s183,50,143
s183,51,56
s183,52,171
s183,53,199
s183,54,245
s183,55,33
s183,56,39
s183,57,247
s183,58,7
s183,59,253
s183,60,262
s183,61,43
s184,1,5
s184,2,36
s184,3,41
s184,4,8
s184,5,30
s184,6,9
s184,7,51
s184,8,14
s184,9,50
s184,10,17
s184,11,32
s184,12,18
s184,13,53
s184,14,35
s184,15,1
s184,16,11
s184,17,43
s184,18,48
s184,19,13
s184,20,40
s184,21,98
s184,22,20
s184,23,28
s184,24,108
s184,25,6
s184,26,109
s184,27,112
s184,28,117
s184,29,118
s184,30,33
s184,31,121
s184,32,16
s184,33,27
s184,34,132
s184,35,49
s184,36,133
s184,37,7
s184,38,139
s184,39,46
s184,40,143
s184,41,47
s184,42,144
s184,43,146
s184,44,149
s184,45,150
s184,46,31
s184,47,214
s184,48,247
s184,49,253
s184,50,254
s184,51,262
s184,52,21
s185,1,11
s185,2,14
s185,3,18
s185,4,13
s185,5,29
s185,6,45
s185,7,17
s185,8,4
s185,9,19
s185,10,52
s185,11,98
s185,12,41
s185,13,108
s185,14,8
s185,15,109
s185,16,51
s185,17,112
s185,18,7
s185,19,117
s185,20,2
s185,21,118
s185,22,121
s185,23,12
s185,24,25
s185,25,133
s185,26,27
s185,27,139
s185,28,30
s185,29,42
s185,30,143
s185,31,1
s185,32,28
s185,33,144
s185,34,145
s185,35,26
s185,36,149
s185,37,150
s185,38,171
s185,39,10
s185,40,247
s185,41,253
s185,42,35
s185,43,254
s185,44,33
s185,45,262
s185,46,15
s185,47,21
s186,1,10
s186,2,12
s186,3,14
s186,4,13
s186,5,28
s186,6,52
s186,7,17
s186,8,1
s186,9,15
s186,10,18
s186,11,58
s186,12,35
s186,13,6
s186,14,23
s186,15,36
s186,16,98
s186,17,47
s186,18,108
s186,19,109
s186,20,55
s186,21,112
s186,22,32
s186,23,117
s186,24,118
s186,25,43
s186,26,121
s186,27,16
s186,28,27
s186,29,132
s186,30,51
s186,31,53
s186,32,133
s186,33,2
s186,34,139
s186,35,49
s186,36,143
s186,37,33
s186,38,50
s186,39,144
s186,40,145
s186,41,4
s186,42,146
s186,43,34
s186,44,48
s186,45,149
s186,46,150
s186,47,57
s186,48,153
s186,49,171
s186,50,247
s186,51,7
s186,52,253
s186,53,31
s186,54,38
s186,55,254
s186,56,20
s186,57,262
s186,58,40
s187,1,9
s187,2,2
s187,3,11
s187,4,10
s187,5,19
s187,6,20
s187,7,13
s187,8,37
s187,9,41
s187,10,14
s187,11,42
s187,12,60
s187,13,17
s187,14,5
s187,15,18
s187,16,62
s187,17,35
s187,18,15
s187,19,32
s187,20,36
s187,21,54
s187,22,48
s187,23,7
s187,24,98
s187,25,38
s187,26,108
s187,27,30
s187,28,109
s187,29,110
s187,30,6
s187,31,12
s187,32,114
s187,33,24
s187,34,117
s187,35,1
s187,36,118
s187,37,121
s187,38,29
s187,39,132
s187,40,139
s187,41,58
s187,42,143
s187,43,3
s187,44,39
s187,45,144
s187,46,146
s187,47,28
s187,48,147
s187,49,57
s187,50,149
s187,51,150
s187,52,171
s187,53,49
s187,54,180
s187,55,59
s187,56,247
s187,57,253
s187,58,40
s187,59,46
s187,60,254
s187,61,262
s187,62,56
s188,1,9
s188,2,4
s188,3,13
s188,4,22
s188,5,26
s188,6,14
s188,7,44
s188,8,52
s188,9,17
s188,10,8
s188,11,40
s188,12,18
s188,13,34
s188,14,35
s188,15,5
s188,16,21
s188,17,36
s188,18,46
s188,19,50
s188,20,31
s188,21,98
s188,22,43
s188,23,108
s188,24,29
s188,25,109
s188,26,49
s188,27,112
s188,28,42
s188,29,114
s188,30,10
s188,31,117
s188,32,6
s188,33,118
s188,34,51
s188,35,121
s188,36,25
s188,37,30
s188,38,132
s188,39,1
s188,40,2
s188,41,139
s188,42,38
s188,43,143
s188,44,144
s188,45,146
s188,46,16
s188,47,149
s188,48,150
s188,49,171
s188,50,179
s188,51,180
s188,52,247
s188,53,15
s188,54,253
s188,55,37
s188,56,254
s188,57,20
s188,58,262
s189,1,11
s189,2,9
s189,3,10
s189,4,13
s189,5,26
s189,6,34
s189,7,46
s189,8,59
s189,9,14
s189,10,35
s189,11,45
s189,12,17
s189,13,1
s189,14,18
s189,15,62
s189,16,20
s189,17,58
s189,18,29
s189,19,27
s189,20,48
s189,21,73
s189,22,42
s189,23,78
s189,24,32
s189,25,79
s189,26,60
s189,27,98
s189,28,8
s189,29,57
s189,30,108
s189,31,109
s189,32,112
s189,33,43
s189,34,54
s189,35,114
s189,36,117
s189,37,30
s189,38,118
s189,39,121
s189,40,132
s189,41,55
s189,42,56
s189,43,133
s189,44,139
s189,45,36
s189,46,53
s189,47,143
s189,48,31
s189,49,144
s189,50,146
s189,51,150
s189,52,171
s189,53,214
s189,54,15
s189,55,247
s189,56,4
s189,57,253
s189,58,254
s189,59,24
s189,60,262
s190,1,11
s190,2,18
s190,3,19
s190,4,49
s190,5,83
s190,6,14
s190,7,30
s190,8,31
s190,9,17
s190,10,9
s190,11,20
s190,12,97
s190,13,56
s190,14,51
s190,15,74
s190,16,62
s190,17,63
s190,18,78
s190,19,79
s190,20,70
s190,21,98
s190,22,16
s190,23,76
s190,24,108
s190,25,5
s190,26,109
s190,27,110
s190,28,38
s190,29,47
s190,30,112
s190,31,33
s190,32,117
s190,33,1
s190,34,34
s190,35,118
s190,36,50
s190,37,120
s190,38,132
s190,39,81
s190,40,133
s190,41,139
s190,42,37
s190,43,77
s190,44,143
s190,45,144
s190,46,91
s190,47,145
s190,48,48
s190,49,146
s190,50,61
s190,51,149
s190,52,150
s190,53,66
s190,54,153
s190,55,41
s190,56,175
s190,57,53
s190,58,209
s190,59,245
s190,60,40
s190,61,246
s190,62,72
s190,63,248
s190,64,255
s190,65,84
s190,66,260
s190,67,262
s190,68,28
s191,1,5
s191,2,70
s191,3,80
s191,4,8
s191,5,52
s191,6,9
s191,7,95
s191,8,11
s191,9,12
s191,10,15
s191,11,64
s191,12,79
s191,13,14
s191,14,25
s191,15,26
s191,16,40
s191,17,44
s191,18,17
s191,19,6
s191,20,16
s191,21,36
s191,22,56
s191,23,18
s191,24,29
s191,25,49
s191,26,20
s191,27,31
s191,28,50
s191,29,23
s191,30,68
s191,31,51
s191,32,27
s191,33,98
s191,34,28
s191,35,108
s191,36,1
s191,37,109
s191,38,45
s191,39,110
s191,40,117
s191,41,118
s191,42,37
s191,43,121
s191,44,22
s191,45,132
s191,46,38
s191,47,39
s191,48,81
s191,49,83
s191,50,139
s191,51,35
s191,52,143
s191,53,144
s191,54,59
s191,55,86
s191,56,146
s191,57,149
s191,58,150
s191,59,181
s191,60,55
s191,61,61
s191,62,209
s191,63,245
s191,64,43
s191,65,246
s191,66,71
s191,67,248
s191,68,255
s191,69,85
s191,70,260
s191,71,63
s191,72,262
s191,73,13
s192,1,5
s192,2,58
s192,3,63
s192,4,8
s192,5,39
s192,6,9
s192,7,79
s192,8,10
s192,9,57
s192,10,65
s192,11,11
s192,12,16
s192,13,20
s192,14,14
s192,15,38
s192,16,42
s192,17,17
s192,18,1
s192,19,21
s192,20,43
s192,21,18
s192,22,23
s192,23,59
s192,24,26
s192,25,55
s192,26,27
s192,27,35
s192,28,50
s192,29,36
s192,30,56
s192,31,98
s192,32,108
s192,33,51
s192,34,109
s192,35,73
s192,36,112
s192,37,114
s192,38,7
s192,39,12
s192,40,37
s192,41,117
s192,42,34
s192,43,118
s192,44,120
s192,45,121
s192,46,44
s192,47,125
s192,48,32
s192,49,132
s192,50,64
s192,51,139
s192,52,29
s192,53,62
s192,54,143
s192,55,30
s192,56,144
s192,57,75
s192,58,146
s192,59,53
s192,60,54
s192,61,149
s192,62,150
s192,63,171
s192,64,214
s192,65,217
s192,66,69
s192,67,245
s192,68,40
s192,69,41
s192,70,248
s192,71,253
s192,72,262
s193,1,9
s193,2,21
s193,3,36
s193,4,11
s193,5,39
s193,6,40
s193,7,13
s193,8,58
s193,9,71
s193,10,14
s193,11,8
s193,12,17
s193,13,1
s193,14,10
s193,15,18
s193,16,84
s193,17,20
s193,18,43
s193,19,70
s193,20,26
s193,21,37
s193,22,27
s193,23,30
s193,24,35
s193,25,67
s193,26,48
s193,27,59
s193,28,7
s193,29,73
s193,30,98
s193,31,65
s193,32,72
s193,33,108
s193,34,49
s193,35,109
s193,36,80
s193,37,114
s193,38,68
s193,39,117
s193,40,118
s193,41,120
s193,42,121
s193,43,12
s193,44,132
s193,45,79
s193,46,82
s193,47,139
s193,48,69
s193,49,143
s193,50,77
s193,51,146
s193,52,4
s193,53,149
s193,54,150
s193,55,171
s193,56,29
s193,57,34
s193,58,52
s193,59,175
s193,60,41
s193,61,46
s193,62,245
s193,63,33
s193,64,246
s193,65,54
s193,66,61
s193,67,248
s193,68,6
s193,69,260
s193,70,262
s193,71,64
s194,1,9
s194,2,4
s194,3,15
s194,4,11
s194,5,7
s194,6,17
s194,7,14
s194,8,33
s194,9,41
s194,10,2
s194,11,18
s194,12,55
s194,13,20
s194,14,45
s194,15,26
s194,16,25
s194,17,27
s194,18,35
s194,19,19
s194,20,32
s194,21,36
s194,22,51
s194,23,56
s194,24,59
s194,25,60
s194,26,101
s194,27,24
s194,28,52
s194,29,108
s194,30,10
s194,31,109
s194,32,114
s194,33,1
s194,34,44
s194,35,118
s194,36,121
s194,37,132
s194,38,54
s194,39,139
s194,40,3
s194,41,49
s194,42,143
s194,43,50
s194,44,144
s194,45,145
s194,46,6
s194,47,147
s194,48,53
s194,49,149
s194,50,150
s194,51,171
s194,52,175
s194,53,29
s194,54,180
s194,55,245
s194,56,246
s194,57,248
s194,58,8
s194,59,260
s194,60,31
s194,61,262
s194,62,43
s195,1,11
s195,2,51
s195,3,14
s195,4,66
s195,5,75
s195,6,17
s195,7,1
s195,8,60
s195,9,18
s195,10,56
s195,11,79
s195,12,35
s195,13,40
s195,14,47
s195,15,36
s195,16,64
s195,17,98
s195,18,62
s195,19,68
s195,20,108
s195,21,109
s195,22,112
s195,23,63
s195,24,114
s195,25,50
s195,26,117
s195,27,42
s195,28,118
s195,29,70
s195,30,120
s195,31,6
s195,32,30
s195,33,46
s195,34,73
s195,35,132
s195,36,71
s195,37,139
s195,38,19
s195,39,55
s195,40,65
s195,41,143
s195,42,48
s195,43,49
s195,44,144
s195,45,146
s195,46,41
s195,47,147
s195,48,149
s195,49,29
s195,50,150
s195,51,74
s195,52,162
s195,53,171
s195,54,31
s195,55,39
s195,56,180
s195,57,72
s195,58,245
s195,59,23
s195,60,28
s195,61,246
s195,62,57
s195,63,248
s195,64,4
s195,65,255
s195,66,260
s195,67,37
s195,68,43
s195,69,262
s195,70,61
s196,1,5
s196,2,47
s196,3,74
s196,4,8
s196,5,33
s196,6,9
s196,7,83
s196,8,10
s196,9,41
s196,10,68
s196,11,11
s196,12,13
s196,13,14
s196,14,22
s196,15,29
s196,16,17
s196,17,6
s196,18,15
s196,19,30
s196,20,18
s196,21,23
s196,22,26
s196,23,36
s196,24,27
s196,25,35
s196,26,12
s196,27,69
s196,28,81
s196,29,56
s196,30,49
s196,31,98
s196,32,75
s196,33,101
s196,34,108
s196,35,64
s196,36,109
s196,37,112
s196,38,2
s196,39,114
s196,40,37
s196,41,117
s196,42,31
s196,43,118
s196,44,120
s196,45,132
s196,46,72
s196,47,73
s196,48,133
s196,49,40
s196,50,50
s196,51,139
s196,52,59
s196,53,63
s196,54,143
s196,55,1
s196,56,34
s196,57,51
s196,58,144
s196,59,67
s196,60,146
s196,61,147
s196,62,149
s196,63,150
s196,64,84
s196,65,162
s196,66,46
s196,67,52
s196,68,171
s196,69,66
s196,70,175
s196,71,38
s196,72,43
s196,73,209
s196,74,245
s196,75,25
s196,76,246
s196,77,58
s196,78,65
s196,79,248
s196,80,255
s196,81,48
s196,82,54
s196,83,260
s196,84,39
s196,85,262
s196,86,19
s197,1,10
s197,2,40
s197,3,53
s197,4,11
s197,5,14
s197,6,23
s197,7,24
s197,8,83
s197,9,85
s197,10,17
s197,11,1
s197,12,54
s197,13,18
s197,14,97
s197,15,52
s197,16,58
s197,17,26
s197,18,42
s197,19,27
s197,20,71
s197,21,35
s197,22,76
s197,23,84
s197,24,36
s197,25,32
s197,26,48
s197,27,56
s197,28,98
s197,29,82
s197,30,101
s197,31,19
s197,32,108
s197,33,6
s197,34,70
s197,35,109
s197,36,49
s197,37,114
s197,38,4
s197,39,117
s197,40,118
s197,41,43
s197,42,120
s197,43,12
s197,44,25
s197,45,132
s197,46,133
s197,47,31
s197,48,139
s197,49,50
s197,50,64
s197,51,143
s197,52,51
s197,53,59
s197,54,146
s197,55,33
s197,56,74
s197,57,149
s197,58,60
s197,59,150
s197,60,37
s197,61,162
s197,62,171
s197,63,29
s197,64,245
s197,65,246
s197,66,66
s197,67,75
s197,68,248
s197,69,5
s197,70,9
s197,71,255
s197,72,260
s197,73,41
s197,74,262
s197,75,77
s197,76,87
s198,1,1
s198,2,9
s198,3,65
s198,4,8
s198,5,76
s198,6,14
s198,7,17
s198,8,24
s198,9,26
s198,10,28
s198,11,54
s198,12,64
s198,13,36
s198,14,73
s198,15,72
s198,16,22
s198,17,63
s198,18,78
s198,19,79
s198,20,114
s198,21,10
s198,22,117
s198,23,118
s198,24,127
s198,25,132
s198,26,60
s198,27,139
s198,28,6
s198,29,59
s198,30,143
s198,31,144
s198,32,71
s198,33,146
s198,34,23
s198,35,49
s198,36,149
s198,37,150
s198,38,245
s198,39,21
s198,40,45
s198,41,48
s198,42,249
s198,43,42
s198,44,253
s198,45,34
s198,46,262
s198,47,62
s199,1,1
s199,2,27
s199,3,54
s199,4,8
s199,5,9
s199,6,58
s199,7,14
s199,8,18
s199,9,17
s199,10,22
s199,11,11
s199,12,26
s199,13,28
s199,14,10
s199,15,29
s199,16,35
s199,17,36
s199,18,34
s199,19,62
s199,20,51
s199,21,72
s199,22,52
s199,23,78
s199,24,24
s199,25,79
s199,26,110
s199,27,118
s199,28,139
s199,29,3
s199,30,143
s199,31,144
s199,32,41
s199,33,147
s199,34,13
s199,35,149
s199,36,150
s199,37,245
s199,38,4
s199,39,38
s199,40,249
s199,41,32
s199,42,253
s199,43,262
s199,44,44
s200,1,2
s200,2,4
s200,3,16
s200,4,8
s200,5,1
s200,6,9
s200,7,50
s200,8,52
s200,9,15
s200,10,47
s200,11,17
s200,12,18
s200,13,74
s200,14,48
s200,15,78
s200,16,79
s200,17,133
s200,18,11
s200,19,19
s200,20,143
s200,21,144
s200,22,26
s200,23,146
s200,24,41
s200,25,149
s200,26,150
s200,27,245
s200,28,34
s200,29,45
s200,30,246
s200,31,3
s200,32,14
s200,33,253
s200,34,20
s200,35,24
s200,36,31
s201,1,4
s201,2,19
s201,3,59
s201,4,8
s201,5,1
s201,6,9
s201,7,63
s201,8,28
s201,9,57
s201,10,36
s201,11,47
s201,12,18
s201,13,56
s201,14,53
s201,15,6
s201,16,54
s201,17,72
s201,18,23
s201,19,78
s201,20,79
s201,21,113
s201,22,117
s201,23,118
s201,24,132
s201,25,2
s201,26,3
s201,27,133
s201,28,12
s201,29,143
s201,30,146
s201,31,11
s201,32,58
s201,33,149
s201,34,150
s201,35,195
s201,36,245
s201,37,33
s201,38,35
s201,39,246
s201,40,16
s201,41,250
s201,42,40
s201,43,43
s201,44,253
s201,45,20
s201,46,27
s201,47,29
s202,1,1
s202,2,14
s202,3,55
s202,4,8
s202,5,9
s202,6,61
s202,7,13
s202,8,35
s202,9,17
s202,10,25
s202,11,18
s202,12,64
s202,13,22
s202,14,11
s202,15,57
s202,16,26
s202,17,27
s202,18,28
s202,19,37
s202,20,53
s202,21,30
s202,22,36
s202,23,113
s202,24,33
s202,25,54
s202,26,117
s202,27,118
s202,28,133
s202,29,51
s202,30,143
s202,31,24
s202,32,52
s202,33,146
s202,34,149
s202,35,150
s202,36,195
s202,37,245
s202,38,31
s202,39,246
s202,40,2
s202,41,250
s202,42,40
s202,43,253
s202,44,10
s203,1,1
s203,2,12
s203,3,52
s203,4,4
s203,5,5
s203,6,8
s203,7,6
s203,8,9
s203,9,55
s203,10,13
s203,11,35
s203,12,51
s203,13,17
s203,14,26
s203,15,18
s203,16,28
s203,17,11
s203,18,44
s203,19,30
s203,20,34
s203,21,36
s203,22,113
s203,23,49
s203,24,117
s203,25,118
s203,26,133
s203,27,50
s203,28,146
s203,29,3
s203,30,149
s203,31,150
s203,32,195
s203,33,245
s203,34,246
s203,35,250
s203,36,42
s203,37,253
s203,38,14
s203,39,22
s204,1,4
s204,2,1
s204,3,52
s204,4,9
s204,5,55
s204,6,10
s204,7,35
s204,8,43
s204,9,13
s204,10,17
s204,11,24
s204,12,53
s204,13,25
s204,14,44
s204,15,28
s204,16,11
s204,17,46
s204,18,30
s204,19,12
s204,20,36
s204,21,48
s204,22,54
s204,23,56
s204,24,74
s204,25,139
s204,26,143
s204,27,21
s204,28,144
s204,29,146
s204,30,49
s204,31,149
s204,32,2
s204,33,150
s204,34,167
s204,35,18
s204,36,191
s204,37,245
s204,38,40
s204,39,42
s204,40,246
s204,41,3
s204,42,7
s204,43,253
s204,44,22
s204,45,34
s204,46,273
s205,1,1
s205,2,57
s205,3,68
s205,4,4
s205,5,6
s205,6,47
s205,7,8
s205,8,48
s205,9,9
s205,10,76
s205,11,13
s205,12,49
s205,13,69
s205,14,17
s205,15,29
s205,16,18
s205,17,74
s205,18,37
s205,19,10
s205,20,38
s205,21,113
s205,22,70
s205,23,117
s205,24,32
s205,25,118
s205,26,77
s205,27,127
s205,28,34
s205,29,132
s205,30,67
s205,31,133
s205,32,66
s205,33,136
s205,34,143
s205,35,24
s205,36,35
s205,37,195
s205,38,245
s205,39,42
s205,40,246
s205,41,12
s205,42,250
s205,43,253
s205,44,23
s205,45,26
s205,46,30
s205,47,259
s205,48,19
s206,1,1
s206,2,6
s206,3,50
s206,4,8
s206,5,30
s206,6,5
s206,7,14
s206,8,35
s206,9,36
s206,10,26
s206,11,72
s206,12,7
s206,13,78
s206,14,2
s206,15,110
s206,16,46
s206,17,118
s206,18,143
s206,19,44
s206,20,47
s206,21,245
s206,22,28
s206,23,246
s206,24,253
s206,25,17
s206,26,24
s206,27,266
s206,28,12
s206,29,16
s206,30,33
s206,31,37
s207,1,1
s207,2,14
s207,3,48
s207,4,4
s207,5,8
s207,6,5
s207,7,28
s207,8,6
s207,9,30
s207,10,13
s207,11,31
s207,12,35
s207,13,7
s207,14,36
s207,15,74
s207,16,110
s207,17,41
s207,18,117
s207,19,118
s207,20,139
s207,21,10
s207,22,143
s207,23,3
s207,24,144
s207,25,245
s207,26,33
s207,27,37
s207,28,246
s207,29,12
s207,30,253
s207,31,23
s207,32,27
s207,33,266
s207,34,16
s207,35,20
s208,1,1
s208,2,5
s208,3,44
s208,4,8
s208,5,9
s208,6,49
s208,7,30
s208,8,4
s208,9,35
s208,10,36
s208,11,110
s208,12,42
s208,13,118
s208,14,139
s208,15,3
s208,16,33
s208,17,143
s208,18,43
s208,19,144
s208,20,45
s208,21,245
s208,22,23
s208,23,27
s208,24,246
s208,25,253
s208,26,16
s208,27,20
s208,28,265
s208,29,29
s208,30,38
s208,31,266
s208,32,10
s208,33,13
s209,1,2
s209,2,3
s209,3,63
s209,4,8
s209,5,1
s209,6,9
s209,7,71
s209,8,15
s209,9,33
s209,10,17
s209,11,22
s209,12,18
s209,13,30
s209,14,5
s209,15,58
s209,16,35
s209,17,36
s209,18,69
s209,19,37
s209,20,47
s209,21,74
s209,22,62
s209,23,79
s209,24,110
s209,25,19
s209,26,118
s209,27,57
s209,28,119
s209,29,10
s209,30,139
s209,31,56
s209,32,144
s209,33,65
s209,34,146
s209,35,150
s209,36,66
s209,37,210
s209,38,245
s209,39,11
s209,40,246
s209,41,23
s209,42,27
s209,43,253
s209,44,42
s209,45,255
s209,46,49
s209,47,268
s209,48,6
s210,1,1
s210,2,10
s210,3,70
s210,4,8
s210,5,15
s210,6,29
s210,7,68
s210,8,17
s210,9,6
s210,10,18
s210,11,30
s210,12,65
s210,13,35
s210,14,36
s210,15,41
s210,16,4
s210,17,23
s210,18,110
s210,19,5
s210,20,19
s210,21,117
s210,22,118
s210,23,119
s210,24,133
s210,25,22
s210,26,25
s210,27,139
s210,28,21
s210,29,143
s210,30,210
s210,31,245
s210,32,16
s210,33,48
s210,34,50
s210,35,246
s210,36,26
s210,37,253
s210,38,32
s210,39,39
s210,40,42
s210,41,255
s210,42,55
s210,43,62
s210,44,268
s210,45,11
s211,1,1
s211,2,52
s211,3,65
s211,4,2
s211,5,28
s211,6,40
s211,7,8
s211,8,9
s211,9,21
s211,10,41
s211,11,72
s211,12,30
s211,13,4
s211,14,20
s211,15,35
s211,16,36
s211,17,37
s211,18,24
s211,19,46
s211,20,44
s211,21,19
s211,22,45
s211,23,56
s211,24,110
s211,25,18
s211,26,118
s211,27,119
s211,28,11
s211,29,139
s211,30,6
s211,31,143
s211,32,144
s211,33,25
s211,34,210
s211,35,245
s211,36,12
s211,37,246
s211,38,23
s211,39,253
s211,40,31
s211,41,39
s211,42,255
s211,43,50
s211,44,58
s211,45,268
s212,1,4
s212,2,1
s212,3,44
s212,4,9
s212,5,60
s212,6,15
s212,7,14
s212,8,58
s212,9,17
s212,10,18
s212,11,62
s212,12,28
s212,13,19
s212,14,24
s212,15,29
s212,16,25
s212,17,38
s212,18,30
s212,19,35
s212,20,36
s212,21,41
s212,22,33
s212,23,74
s212,24,6
s212,25,56
s212,26,78
s212,27,79
s212,28,114
s212,29,10
s212,30,16
s212,31,117
s212,32,118
s212,33,20
s212,34,125
s212,35,3
s212,36,7
s212,37,136
s212,38,8
s212,39,141
s212,40,53
s212,41,143
s212,42,52
s212,43,144
s212,44,12
s212,45,219
s212,46,245
s212,47,48
s212,48,51
s212,49,246
s212,50,21
s212,51,26
s212,52,253
s212,53,255
s212,54,256
s213,1,1
s213,2,5
s213,3,32
s213,4,4
s213,5,35
s213,6,65
s213,7,8
s213,8,34
s213,9,9
s213,10,70
s213,11,15
s213,12,69
s213,13,17
s213,14,18
s213,15,71
s213,16,22
s213,17,10
s213,18,26
s213,19,27
s213,20,28
s213,21,38
s213,22,30
s213,23,33
s213,24,37
s213,25,39
s213,26,66
s213,27,41
s213,28,19
s213,29,29
s213,30,74
s213,31,64
s213,32,79
s213,33,110
s213,34,3
s213,35,31
s213,36,117
s213,37,118
s213,38,43
s213,39,119
s213,40,25
s213,41,132
s213,42,36
s213,43,133
s213,44,44
s213,45,60
s213,46,139
s213,47,2
s213,48,143
s213,49,144
s213,50,218
s213,51,221
s213,52,245
s213,53,13
s213,54,58
s213,55,61
s213,56,246
s213,57,40
s213,58,253
s213,59,20
s213,60,23
s213,61,48
s213,62,52
s213,63,259
s213,64,46
s213,65,261
s213,66,7
s214,1,2
s214,2,52
s214,3,64
s214,4,8
s214,5,1
s214,6,21
s214,7,40
s214,8,9
s214,9,66
s214,10,14
s214,11,51
s214,12,17
s214,13,39
s214,14,18
s214,15,28
s214,16,10
s214,17,26
s214,18,41
s214,19,30
s214,20,53
s214,21,35
s214,22,11
s214,23,42
s214,24,110
s214,25,6
s214,26,117
s214,27,118
s214,28,60
s214,29,125
s214,30,15
s214,31,22
s214,32,139
s214,33,32
s214,34,143
s214,35,144
s214,36,146
s214,37,63
s214,38,149
s214,39,34
s214,40,150
s214,41,210
s214,42,245
s214,43,29
s214,44,33
s214,45,246
s214,46,253
s214,47,20
s214,48,25
s214,49,266
s214,50,48
s215,1,4
s215,2,1
s215,3,47
s215,4,9
s215,5,53
s215,6,28
s215,7,36
s215,8,46
s215,9,14
s215,10,7
s215,11,54
s215,12,72
s215,13,12
s215,14,78
s215,15,79
s215,16,113
s215,17,117
s215,18,118
s215,19,132
s215,20,49
s215,21,50
s215,22,133
s215,23,143
s215,24,145
s215,25,6
s215,26,149
s215,27,150
s215,28,195
s215,29,245
s215,30,21
s215,31,24
s215,32,246
s215,33,8
s215,34,250
s215,35,32
s215,36,41
s215,37,253
s215,38,13
s215,39,17
s215,40,256
s215,41,25
s215,42,30
s216,1,1
s216,2,59
s216,3,64
s216,4,8
s216,5,9
s216,6,42
s216,7,15
s216,8,61
s216,9,17
s216,10,20
s216,11,18
s216,12,28
s216,13,48
s216,14,29
s216,15,13
s216,16,30
s216,17,35
s216,18,31
s216,19,36
s216,20,63
s216,21,46
s216,22,58
s216,23,53
s216,24,54
s216,25,113
s216,26,40
s216,27,117
s216,28,38
s216,29,118
s216,30,125
s216,31,25
s216,32,132
s216,33,60
s216,34,133
s216,35,41
s216,36,57
s216,37,143
s216,38,32
s216,39,145
s216,40,149
s216,41,150
s216,42,195
s216,43,245
s216,44,246
s216,45,16
s216,46,250
s216,47,45
s216,48,253
s216,49,256
s216,50,34
s216,51,39
s217,1,1
s217,2,16
s217,3,42
s217,4,4
s217,5,3
s217,6,5
s217,7,8
s217,8,6
s217,9,9
s217,10,63
s217,11,23
s217,12,60
s217,13,80
s217,14,24
s217,15,14
s217,16,26
s217,17,43
s217,18,28
s217,19,30
s217,20,15
s217,21,35
s217,22,10
s217,23,36
s217,24,71
s217,25,110
s217,26,41
s217,27,117
s217,28,118
s217,29,66
s217,30,119
s217,31,120
s217,32,133
s217,33,7
s217,34,136
s217,35,48
s217,36,57
s217,37,139
s217,38,13
s217,39,143
s217,40,144
s217,41,218
s217,42,245
s217,43,39
s217,44,68
s217,45,246
s217,46,11
s217,47,247
s217,48,47
s217,49,49
s217,50,253
s217,51,22
s217,52,59
s217,53,254
s217,54,259
s217,55,55
s218,1,1
s218,2,97
s218,3,126
s218,4,2
s218,5,11
s218,6,27
s218,7,4
s218,8,10
s218,9,14
s218,10,38
s218,11,53
s218,12,15
s218,13,12
s218,14,19
s218,15,17
s218,16,20
s218,17,18
s218,18,23
s218,19,62
s218,20,108
s218,21,24
s218,22,5
s218,23,51
s218,24,26
s218,25,52
s218,26,121
s218,27,28
s218,28,8
s218,29,56
s218,30,58
s218,31,80
s218,32,86
s218,33,30
s218,34,16
s218,35,49
s218,36,64
s218,37,71
s218,38,93
s218,39,107
s218,40,35
s218,41,9
s218,42,50
s218,43,59
s218,44,72
s218,45,87
s218,46,36
s218,47,39
s218,48,109
s218,49,41
s218,50,44
s218,51,110
s218,52,118
s218,53,61
s218,54,120
s218,55,7
s218,56,132
s218,57,48
s218,58,139
s218,59,47
s218,60,141
s218,61,113
s218,62,143
s218,63,177
s218,64,37
s218,65,219
s218,66,245
s218,67,32
s218,68,103
s218,69,246
s218,70,6
s218,71,82
s218,72,84
s218,73,253
s218,74,21
s218,75,63
s218,76,254
s218,77,67
s218,78,69
s218,79,256
s218,80,75
s218,81,259
s219,1,1
s219,2,20
s219,3,109
s219,4,8
s219,5,9
s219,6,117
s219,7,10
s219,8,73
s219,9,79
s219,10,94
s219,11,97
s219,12,13
s219,13,62
s219,14,66
s219,15,15
s219,16,108
s219,17,17
s219,18,67
s219,19,80
s219,20,98
s219,21,18
s219,22,19
s219,23,81
s219,24,22
s219,25,26
s219,26,65
s219,27,24
s219,28,16
s219,29,25
s219,30,27
s219,31,30
s219,32,60
s219,33,35
s219,34,36
s219,35,89
s219,36,48
s219,37,63
s219,38,107
s219,39,53
s219,40,52
s219,41,54
s219,42,113
s219,43,34
s219,44,87
s219,45,78
s219,46,110
s219,47,59
s219,48,118
s219,49,119
s219,50,28
s219,51,124
s219,52,41
s219,53,51
s219,54,132
s219,55,5
s219,56,58
s219,57,139
s219,58,57
s219,59,143
s219,60,64
s219,61,70
s219,62,144
s219,63,91
s219,64,219
s219,65,245
s219,66,246
s219,67,253
s219,68,29
s219,69,84
s219,70,86
s219,71,92
s219,72,260
s219,73,72
s220,1,1
s220,2,14
s220,3,50
s220,4,4
s220,5,57
s220,6,69
s220,7,8
s220,8,51
s220,9,9
s220,10,85
s220,11,10
s220,12,67
s220,13,72
s220,14,90
s220,15,91
s220,16,13
s220,17,58
s220,18,61
s220,19,39
s220,20,52
s220,21,15
s220,22,16
s220,23,25
s220,24,82
s220,25,83
s220,26,17
s220,27,26
s220,28,53
s220,29,62
s220,30,73
s220,31,18
s220,32,112
s220,33,19
s220,34,104
s220,35,22
s220,36,12
s220,37,56
s220,38,27
s220,39,29
s220,40,68
s220,41,71
s220,42,30
s220,43,54
s220,44,35
s220,45,55
s220,46,36
s220,47,48
s220,48,60
s220,49,76
s220,50,23
s220,51,81
s220,52,78
s220,53,79
s220,54,102
s220,55,110
s220,56,5
s220,57,115
s220,58,65
s220,59,117
s220,60,118
s220,61,80
s220,62,119
s220,63,7
s220,64,124
s220,65,45
s220,66,132
s220,67,2
s220,68,139
s220,69,6
s220,70,143
s220,71,3
s220,72,64
s220,73,144
s220,74,219
s220,75,245
s220,76,46
s220,77,92
s220,78,246
s220,79,253
s220,80,86
s220,81,260
s220,82,66
s221,1,1
s221,2,12
s221,3,47
s221,4,79
s221,5,96
s221,6,4
s221,7,61
s221,8,72
s221,9,8
s221,10,48
s221,11,74
s221,12,9
s221,13,109
s221,14,13
s221,15,68
s221,16,73
s221,17,14
s221,18,42
s221,19,55
s221,20,17
s221,21,56
s221,22,18
s221,23,105
s221,24,19
s221,25,80
s221,26,94
s221,27,22
s221,28,10
s221,29,65
s221,30,26
s221,31,66
s221,32,27
s221,33,28
s221,34,63
s221,35,70
s221,36,30
s221,37,44
s221,38,90
s221,39,35
s221,40,45
s221,41,71
s221,42,36
s221,43,69
s221,44,76
s221,45,23
s221,46,78
s221,47,110
s221,48,113
s221,49,62
s221,50,93
s221,51,117
s221,52,118
s221,53,119
s221,54,24
s221,55,121
s221,56,52
s221,57,132
s221,58,60
s221,59,133
s221,60,139
s221,61,144
s221,62,145
s221,63,57
s221,64,91
s221,65,149
s221,66,40
s221,67,150
s221,68,219
s221,69,3
s221,70,245
s221,71,92
s221,72,101
s221,73,246
s221,74,7
s221,75,253
s221,76,15
s221,77,21
s221,78,89
s221,79,265
s222,1,1
s222,2,24
s222,3,40
s222,4,4
s222,5,8
s222,6,16
s222,7,17
s222,8,9
s222,9,63
s222,10,22
s222,11,44
s222,12,26
s222,13,27
s222,14,65
s222,15,30
s222,16,14
s222,17,42
s222,18,35
s222,19,36
s222,20,74
s222,21,45
s222,22,78
s222,23,79
s222,24,64
s222,25,110
s222,26,3
s222,27,25
s222,28,38
s222,29,115
s222,30,43
s222,31,58
s222,32,117
s222,33,10
s222,34,118
s222,35,41
s222,36,123
s222,37,23
s222,38,31
s222,39,125
s222,40,132
s222,41,39
s222,42,139
s222,43,143
s222,44,18
s222,45,144
s222,46,209
s222,47,210
s222,48,245
s222,49,51
s222,50,61
s222,51,253
s222,52,48
s222,53,255
s222,54,11
s222,55,12
s223,1,1
s223,2,3
s223,3,55
s223,4,4
s223,5,2
s223,6,9
s223,7,58
s223,8,15
s223,9,27
s223,10,37
s223,11,17
s223,12,18
s223,13,22
s223,14,28
s223,15,35
s223,16,26
s223,17,30
s223,18,6
s223,19,24
s223,20,34
s223,21,25
s223,22,36
s223,23,73
s223,24,110
s223,25,12
s223,26,117
s223,27,118
s223,28,124
s223,29,139
s223,30,21
s223,31,143
s223,32,144
s223,33,42
s223,34,210
s223,35,245
s223,36,11
s223,37,32
s223,38,46
s223,39,253
s223,40,43
s223,41,259
s224,1,1
s224,2,9
s224,3,26
s224,4,4
s224,5,33
s224,6,55
s224,7,8
s224,8,27
s224,9,57
s224,10,30
s224,11,13
s224,12,29
s224,13,35
s224,14,36
s224,15,47
s224,16,114
s224,17,21
s224,18,28
s224,19,117
s224,20,118
s224,21,51
s224,22,124
s224,23,6
s224,24,10
s224,25,132
s224,26,31
s224,27,133
s224,28,139
s224,29,11
s224,30,143
s224,31,144
s224,32,46
s224,33,209
s224,34,3
s224,35,245
s224,36,43
s224,37,52
s224,38,253
s224,39,37
s224,40,40
s225,1,1
s225,2,15
s225,3,36
s225,4,4
s225,5,37
s225,6,75
s225,7,8
s225,8,6
s225,9,9
s225,10,83
s225,11,13
s225,12,41
s225,13,52
s225,14,17
s225,15,5
s225,16,18
s225,17,84
s225,18,28
s225,19,30
s225,20,29
s225,21,16
s225,22,35
s225,23,10
s225,24,110
s225,25,14
s225,26,113
s225,27,20
s225,28,117
s225,29,118
s225,30,123
s225,31,49
s225,32,124
s225,33,132
s225,34,46
s225,35,78
s225,36,133
s225,37,45
s225,38,53
s225,39,74
s225,40,139
s225,41,143
s225,42,144
s225,43,146
s225,44,149
s225,45,150
s225,46,195
s225,47,245
s225,48,31
s225,49,51
s225,50,54
s225,51,247
s225,52,19
s225,53,21
s225,54,250
s225,55,57
s225,56,253
s225,57,42
s225,58,255
s225,59,11
s226,1,1
s226,2,8
s226,3,49
s226,4,9
s226,5,52
s226,6,14
s226,7,17
s226,8,24
s226,9,4
s226,10,26
s226,11,28
s226,12,2
s226,13,30
s226,14,15
s226,15,35
s226,16,3
s226,17,36
s226,18,78
s226,19,110
s226,20,48
s226,21,118
s226,22,120
s226,23,21
s226,24,139
s226,25,39
s226,26,143
s226,27,40
s226,28,245
s226,29,7
s226,30,27
s226,31,253
s226,32,259
s226,33,11
s226,34,265
s226,35,38
s227,1,1
s227,2,12
s227,3,32
s227,4,8
s227,5,9
s227,6,55
s227,7,14
s227,8,24
s227,9,30
s227,10,13
s227,11,20
s227,12,35
s227,13,36
s227,14,47
s227,15,48
s227,16,53
s227,17,54
s227,18,110
s227,19,27
s227,20,113
s227,21,117
s227,22,28
s227,23,118
s227,24,119
s227,25,21
s227,26,132
s227,27,133
s227,28,5
s227,29,29
s227,30,143
s227,31,2
s227,32,144
s227,33,146
s227,34,31
s227,35,149
s227,36,25
s227,37,150
s227,38,195
s227,39,245
s227,40,6
s227,41,26
s227,42,250
s227,43,39
s227,44,253
s227,45,15
s227,46,268
s227,47,17
s227,48,19
s228,1,1
s228,2,16
s228,3,19
s228,4,8
s228,5,2
s228,6,20
s228,7,22
s228,8,9
s228,9,31
s228,10,39
s228,11,14
s228,12,32
s228,13,47
s228,14,17
s228,15,28
s228,16,35
s228,17,33
s228,18,53
s228,19,110
s228,20,27
s228,21,113
s228,22,44
s228,23,117
s228,24,118
s228,25,120
s228,26,12
s228,27,143
s228,28,4
s228,29,6
s228,30,34
s228,31,45
s228,32,146
s228,33,7
s228,34,149
s228,35,5
s228,36,29
s228,37,150
s228,38,195
s228,39,245
s228,40,23
s228,41,25
s228,42,250
s228,43,40
s228,44,253
s228,45,255
s228,46,258
s228,47,10
s229,1,1
s229,2,14
s229,3,47
s229,4,8
s229,5,2
s229,6,9
s229,7,53
s229,8,15
s229,9,12
s229,10,19
s229,11,17
s229,12,10
s229,13,18
s229,14,22
s229,15,48
s229,16,26
s229,17,4
s229,18,27
s229,19,46
s229,20,13
s229,21,54
s229,22,110
s229,23,118
s229,24,6
s229,25,120
s229,26,21
s229,27,24
s229,28,144
s229,29,3
s229,30,191
s229,31,245
s229,32,30
s229,33,252
s229,34,11
s229,35,253
s229,36,16
s229,37,20
s229,38,258
s229,39,5
s229,40,262
s229,41,33
s229,42,39
s229,43,268
s229,44,23
s230,1,1
s230,2,10
s230,3,27
s230,4,8
s230,5,2
s230,6,9
s230,7,33
s230,8,23
s230,9,26
s230,10,63
s230,11,114
s230,12,118
s230,13,132
s230,14,31
s230,15,32
s230,16,133
s230,17,5
s230,18,143
s230,19,144
s230,20,28
s230,21,146
s230,22,25
s230,23,149
s230,24,7
s230,25,150
s230,26,29
s230,27,184
s230,28,189
s230,29,190
s230,30,245
s230,31,3
s230,32,18
s230,33,253
s230,34,12
s230,35,16
s230,36,258
s231,1,1
s231,2,14
s231,3,52
s231,4,8
s231,5,2
s231,6,9
s231,7,58
s231,8,15
s231,9,12
s231,10,53
s231,11,17
s231,12,18
s231,13,23
s231,14,13
s231,15,55
s231,16,26
s231,17,27
s231,18,47
s231,19,33
s231,20,50
s231,21,28
s231,22,54
s231,23,63
s231,24,34
s231,25,96
s231,26,39
s231,27,41
s231,28,108
s231,29,109
s231,30,46
s231,31,114
s231,32,115
s231,33,51
s231,34,117
s231,35,118
s231,36,57
s231,37,132
s231,38,133
s231,39,11
s231,40,143
s231,41,144
s231,42,146
s231,43,32
s231,44,149
s231,45,150
s231,46,45
s231,47,184
s231,48,189
s231,49,190
s231,50,56
s231,51,195
s231,52,245
s231,53,4
s231,54,6
s231,55,22
s231,56,250
s231,57,35
s231,58,253
s231,59,20
s231,60,258
s231,61,262
s232,1,48
s232,2,7
s232,3,60
s232,4,53
s232,5,5
s232,6,113
s232,7,57
s232,8,117
s232,9,1
s232,10,118
s232,11,120
s232,12,15
s232,13,22
s232,14,132
s232,15,58
s232,16,59
s232,17,143
s232,18,56
s232,19,146
s232,20,10
s232,21,149
s232,22,150
s232,23,168
s232,24,3
s232,25,180
s232,26,191
s232,27,245
s232,28,36
s232,29,43
s232,30,246
s232,31,19
s232,32,26
s232,33,247
s232,34,252
s232,35,8
s232,36,45
s232,37,253
s232,38,17
s233,1,4
s233,2,1
s233,3,14
s233,4,8
s233,5,15
s233,6,22
s233,7,24
s233,8,20
s233,9,66
s233,10,26
s233,11,28
s233,12,6
s233,13,44
s233,14,35
s233,15,39
s233,16,36
s233,17,9
s233,18,48
s233,19,40
s233,20,59
s233,21,53
s233,22,31
s233,23,54
s233,24,110
s233,25,7
s233,26,111
s233,27,13
s233,28,29
s233,29,117
s233,30,118
s233,31,34
s233,32,120
s233,33,12
s233,34,132
s233,35,61
s233,36,62
s233,37,139
s233,38,16
s233,39,143
s233,40,144
s233,41,170
s233,42,191
s233,43,193
s233,44,209
s233,45,245
s233,46,246
s233,47,2
s233,48,247
s233,49,52
s233,50,252
s233,51,37
s233,52,253
s233,53,43
s233,54,47
s234,1,2
s234,2,38
s234,3,61
s234,4,4
s234,5,1
s234,6,8
s234,7,31
s234,8,9
s234,9,11
s234,10,13
s234,11,52
s234,12,14
s234,13,28
s234,14,17
s234,15,6
s234,16,29
s234,17,18
s234,18,59
s234,19,22
s234,20,10
s234,21,26
s234,22,27
s234,23,45
s234,24,30
s234,25,35
s234,26,19
s234,27,39
s234,28,36
s234,29,32
s234,30,48
s234,31,33
s234,32,58
s234,33,53
s234,34,110
s234,35,118
s234,36,120
s234,37,132
s234,38,57
s234,39,139
s234,40,3
s234,41,143
s234,42,56
s234,43,144
s234,44,184
s234,45,189
s234,46,190
s234,47,191
s234,48,209
s234,49,245
s234,50,20
s234,51,25
s234,52,246
s234,53,247
s234,54,252
s234,55,37
s234,56,253
s234,57,43
s235,1,1
s235,2,11
s235,3,24
s235,4,4
s235,5,2
s235,6,5
s235,7,28
s235,8,35
s235,9,8
s235,10,3
s235,11,25
s235,12,9
s235,13,41
s235,14,14
s235,15,23
s235,16,36
s235,17,15
s235,18,43
s235,19,58
s235,20,17
s235,21,20
s235,22,37
s235,23,18
s235,24,65
s235,25,22
s235,26,10
s235,27,26
s235,28,27
s235,29,47
s235,30,29
s235,31,30
s235,32,6
s235,33,39
s235,34,46
s235,35,53
s235,36,110
s235,37,117
s235,38,118
s235,39,42
s235,40,120
s235,41,13
s235,42,132
s235,43,62
s235,44,63
s235,45,133
s235,46,34
s235,47,139
s235,48,143
s235,49,144
s235,50,38
s235,51,40
s235,52,146
s235,53,149
s235,54,150
s235,55,163
s235,56,168
s235,57,21
s235,58,184
s235,59,189
s235,60,190
s235,61,191
s235,62,210
s235,63,245
s235,64,31
s235,65,246
s235,66,247
s235,67,59
s235,68,61
s235,69,252
s235,70,45
s235,71,253
s235,72,50
s235,73,55
s236,1,4
s236,2,12
s236,3,15
s236,4,8
s236,5,7
s236,6,9
s236,7,43
s236,8,10
s236,9,30
s236,10,36
s236,11,13
s236,12,16
s236,13,45
s236,14,61
s236,15,14
s236,16,80
s236,17,81
s236,18,17
s236,19,37
s236,20,62
s236,21,22
s236,22,28
s236,23,29
s236,24,38
s236,25,71
s236,26,35
s236,27,39
s236,28,113
s236,29,72
s236,30,118
s236,31,132
s236,32,25
s236,33,79
s236,34,133
s236,35,24
s236,36,143
s236,37,144
s236,38,145
s236,39,73
s236,40,150
s236,41,245
s236,42,23
s236,43,26
s236,44,47
s236,45,55
s236,46,246
s236,47,60
s236,48,67
s236,49,247
s236,50,248
s236,51,57
s236,52,59
s236,53,253
s236,54,31
s236,55,258
s237,1,4
s237,2,1
s237,3,49
s237,4,9
s237,5,60
s237,6,10
s237,7,69
s237,8,74
s237,9,13
s237,10,41
s237,11,48
s237,12,14
s237,13,22
s237,14,23
s237,15,17
s237,16,12
s237,17,34
s237,18,18
s237,19,31
s237,20,76
s237,21,30
s237,22,47
s237,23,65
s237,24,26
s237,25,45
s237,26,27
s237,27,77
s237,28,36
s237,29,46
s237,30,35
s237,31,3
s237,32,25
s237,33,54
s237,34,110
s237,35,113
s237,36,29
s237,37,68
s237,38,117
s237,39,118
s237,40,70
s237,41,120
s237,42,20
s237,43,132
s237,44,21
s237,45,28
s237,46,72
s237,47,73
s237,48,133
s237,49,37
s237,50,44
s237,51,143
s237,52,144
s237,53,32
s237,54,145
s237,55,149
s237,56,150
s237,57,163
s237,58,168
s237,59,51
s237,60,173
s237,61,209
s237,62,245
s237,63,11
s237,64,62
s237,65,246
s237,66,57
s237,67,247
s237,68,19
s237,69,253
s237,70,258
s238,1,2
s238,2,37
s238,3,49
s238,4,4
s238,5,28
s238,6,34
s238,7,8
s238,8,21
s238,9,35
s238,10,9
s238,11,56
s238,12,13
s238,13,32
s238,14,14
s238,15,45
s238,16,15
s238,17,55
s238,18,73
s238,19,17
s238,20,23
s238,21,50
s238,22,18
s238,23,86
s238,24,24
s238,25,1
s238,26,36
s238,27,27
s238,28,41
s238,29,29
s238,30,30
s238,31,40
s238,32,110
s238,33,117
s238,34,31
s238,35,118
s238,36,123
s238,37,10
s238,38,16
s238,39,132
s238,40,71
s238,41,72
s238,42,139
s238,43,42
s238,44,143
s238,45,22
s238,46,144
s238,47,20
s238,48,47
s238,49,51
s238,50,209
s238,51,3
s238,52,245
s238,53,44
s238,54,48
s238,55,246
s238,56,7
s238,57,61
s238,58,68
s238,59,247
s238,60,248
s238,61,54
s238,62,253
s238,63,38
s238,64,258
s239,1,2
s239,2,1
s239,3,5
s239,4,39
s239,5,43
s239,6,4
s239,7,46
s239,8,60
s239,9,8
s239,10,31
s239,11,44
s239,12,9
s239,13,15
s239,14,69
s239,15,13
s239,16,14
s239,17,26
s239,18,70
s239,19,87
s239,20,17
s239,21,20
s239,22,32
s239,23,62
s239,24,18
s239,25,52
s239,26,94
s239,27,24
s239,28,11
s239,29,42
s239,30,68
s239,31,88
s239,32,64
s239,33,27
s239,34,48
s239,35,28
s239,36,36
s239,37,53
s239,38,21
s239,39,41
s239,40,110
s239,41,6
s239,42,117
s239,43,118
s239,44,82
s239,45,123
s239,46,132
s239,47,49
s239,48,139
s239,49,30
s239,50,143
s239,51,47
s239,52,144
s239,53,146
s239,54,149
s239,55,150
s239,56,163
s239,57,50
s239,58,209
s239,59,245
s239,60,22
s239,61,23
s239,62,58
s239,63,246
s239,64,73
s239,65,83
s239,66,247
s239,67,65
s239,68,67
s239,69,253
s239,70,258
s239,71,40
s240,1,2
s240,2,1
s240,3,5
s240,4,32
s240,5,35
s240,6,53
s240,7,71
s240,8,8
s240,9,24
s240,10,46
s240,11,9
s240,12,11
s240,13,41
s240,14,78
s240,15,13
s240,16,57
s240,17,14
s240,18,75
s240,19,15
s240,20,30
s240,21,17
s240,22,48
s240,23,58
s240,24,18
s240,25,84
s240,26,23
s240,27,55
s240,28,72
s240,29,36
s240,30,80
s240,31,110
s240,32,4
s240,33,22
s240,34,113
s240,35,54
s240,36,70
s240,37,114
s240,38,43
s240,39,117
s240,40,44
s240,41,118
s240,42,73
s240,43,123
s240,44,33
s240,45,39
s240,46,132
s240,47,45
s240,48,52
s240,49,62
s240,50,63
s240,51,133
s240,52,61
s240,53,64
s240,54,139
s240,55,10
s240,56,20
s240,57,143
s240,58,21
s240,59,144
s240,60,27
s240,61,74
s240,62,145
s240,63,146
s240,64,149
s240,65,47
s240,66,150
s240,67,29
s240,68,76
s240,69,209
s240,70,245
s240,71,82
s240,72,88
s240,73,246
s240,74,31
s240,75,248
s240,76,6
s240,77,253
s240,78,255
s240,79,258
s240,80,51
s241,1,1
s241,2,25
s241,3,44
s241,4,5
s241,5,9
s241,6,8
s241,7,10
s241,8,45
s241,9,59
s241,10,68
s241,11,79
s241,12,23
s241,13,27
s241,14,48
s241,15,26
s241,16,17
s241,17,66
s241,18,28
s241,19,16
s241,20,22
s241,21,30
s241,22,31
s241,23,62
s241,24,35
s241,25,36
s241,26,69
s241,27,41
s241,28,43
s241,29,6
s241,30,74
s241,31,50
s241,32,60
s241,33,78
s241,34,7
s241,35,110
s241,36,113
s241,37,47
s241,38,117
s241,39,32
s241,40,118
s241,41,127
s241,42,143
s241,43,12
s241,44,144
s241,45,65
s241,46,245
s241,47,246
s241,48,24
s241,49,247
s241,50,61
s241,51,248
s241,52,55
s241,53,56
s241,54,253
s242,1,15
s242,2,17
s242,3,28
s242,4,14
s242,5,18
s242,6,38
s242,7,24
s242,8,6
s242,9,12
s242,10,43
s242,11,57
s242,12,26
s242,13,1
s242,14,13
s242,15,27
s242,16,59
s242,17,30
s242,18,16
s242,19,35
s242,20,36
s242,21,31
s242,22,44
s242,23,20
s242,24,110
s242,25,118
s242,26,119
s242,27,5
s242,28,9
s242,29,132
s242,30,53
s242,31,54
s242,32,136
s242,33,144
s242,34,209
s242,35,3
s242,36,10
s242,37,245
s242,38,32
s242,39,47
s242,40,50
s242,41,246
s242,42,7
s242,43,247
s242,44,248
s242,45,41
s242,46,42
s242,47,253
s242,48,23
s242,49,29
s242,50,259
s242,51,19
s243,1,44
s243,2,12
s243,3,16
s243,4,115
s243,5,1
s243,6,20
s243,7,118
s243,8,25
s243,9,245
s243,10,6
s243,11,7
s243,12,24
s243,13,33
s243,14,253
s243,15,17
s243,16,259
s243,17,11
s243,18,13
s244,1,2
s244,2,41
s244,3,51
s244,4,8
s244,5,36
s244,6,15
s244,7,40
s244,8,17
s244,9,37
s244,10,22
s244,11,19
s244,12,39
s244,13,26
s244,14,27
s244,15,43
s244,16,29
s244,17,35
s244,18,42
s244,19,46
s244,20,53
s244,21,73
s244,22,78
s244,23,12
s244,24,79
s244,25,50
s244,26,110
s244,27,1
s244,28,113
s244,29,117
s244,30,120
s244,31,3
s244,32,6
s244,33,133
s244,34,139
s244,35,143
s244,36,145
s244,37,149
s244,38,38
s244,39,173
s244,40,25
s244,41,191
s244,42,193
s244,43,205
s244,44,245
s244,45,9
s244,46,10
s244,47,30
s244,48,253
s244,49,28
s244,50,259
s244,51,18
s245,1,15
s245,2,5
s245,3,32
s245,4,17
s245,5,1
s245,6,18
s245,7,35
s245,8,46
s245,9,31
s245,10,53
s245,11,54
s245,12,113
s245,13,4
s245,14,30
s245,15,117
s245,16,118
s245,17,133
s245,18,3
s245,19,29
s245,20,143
s245,21,145
s245,22,149
s245,23,150
s245,24,34
s245,25,168
s245,26,173
s245,27,191
s245,28,193
s245,29,245
s245,30,2
s245,31,20
s245,32,252
s245,33,6
s245,34,9
s245,35,253
s245,36,13
s246,1,15
s246,2,28
s246,3,39
s246,4,17
s246,5,25
s246,6,21
s246,7,19
s246,8,26
s246,9,23
s246,10,1
s246,11,5
s246,12,6
s246,13,27
s246,14,38
s246,15,30
s246,16,11
s246,17,35
s246,18,36
s246,19,33
s246,20,46
s246,21,37
s246,22,53
s246,23,73
s246,24,18
s246,25,78
s246,26,79
s246,27,110
s246,28,24
s246,29,113
s246,30,117
s246,31,118
s246,32,120
s246,33,2
s246,34,123
s246,35,9
s246,36,133
s246,37,143
s246,38,144
s246,39,145
s246,40,146
s246,41,149
s246,42,150
s246,43,173
s246,44,180
s246,45,191
s246,46,193
s246,47,205
s246,48,245
s246,49,3
s246,50,253
s246,51,16
s246,52,20
s246,53,259
s246,54,8
s246,55,10
s247,1,36
s247,2,16
s247,3,20
s247,4,46
s247,5,5
s247,6,31
s247,7,53
s247,8,3
s247,9,115
s247,10,1
s247,11,12
s247,12,118
s247,13,133
s247,14,10
s247,15,144
s247,16,146
s247,17,15
s247,18,150
s247,19,18
s247,20,173
s247,21,180
s247,22,19
s247,23,191
s247,24,193
s247,25,245
s247,26,2
s247,27,4
s247,28,22
s247,29,253
s247,30,271
s247,31,6
s248,1,1
s248,2,34
s248,3,14
s248,4,4
s248,5,17
s248,6,24
s248,7,114
s248,8,30
s248,9,146
s248,10,10
s248,11,16
s248,12,149
s248,13,7
s248,14,150
s248,15,20
s248,16,173
s248,17,13
s248,18,245
s248,19,3
s248,20,253
s248,21,259
s249,1,2
s249,2,45
s249,3,50
s249,4,4
s249,5,10
s249,6,39
s249,7,8
s249,8,40
s249,9,14
s249,10,5
s249,11,17
s249,12,3
s249,13,28
s249,14,6
s249,15,35
s249,16,47
s249,17,46
s249,18,53
s249,19,54
s249,20,113
s249,21,117
s249,22,1
s249,23,133
s249,24,143
s249,25,146
s249,26,149
s249,27,195
s249,28,245
s249,29,16
s249,30,246
s249,31,19
s249,32,22
s249,33,250
s249,34,253
s249,35,32
s249,36,36
s249,37,259
s249,38,27
s250,1,4
s250,2,8
s250,3,41
s250,4,1
s250,5,9
s250,6,49
s250,7,14
s250,8,20
s250,9,80
s250,10,17
s250,11,10
s250,12,22
s250,13,19
s250,14,26
s250,15,28
s250,16,50
s250,17,35
s250,18,46
s250,19,34
s250,20,53
s250,21,32
s250,22,71
s250,23,55
s250,24,78
s250,25,51
s250,26,113
s250,27,115
s250,28,29
s250,29,117
s250,30,12
s250,31,30
s250,32,133
s250,33,27
s250,34,195
s250,35,245
s250,36,31
s250,37,44
s250,38,247
s250,39,52
s250,40,54
s250,41,57
s250,42,59
s250,43,63
s250,44,64
s250,45,70
s250,46,250
s250,47,36
s250,48,253
s250,49,23
s251,1,5
s251,2,18
s251,3,33
s251,4,59
s251,5,60
s251,6,8
s251,7,6
s251,8,57
s251,9,9
s251,10,38
s251,11,13
s251,12,1
s251,13,14
s251,14,34
s251,15,20
s251,16,4
s251,17,22
s251,18,10
s251,19,26
s251,20,36
s251,21,2
s251,22,15
s251,23,67
s251,24,79
s251,25,114
s251,26,120
s251,27,132
s251,28,47
s251,29,48
s251,30,56
s251,31,58
s251,32,143
s251,33,144
s251,34,245
s251,35,41
s251,36,54
s251,37,253
s251,38,254
s252,1,1
s252,2,55
s252,3,62
s252,4,2
s252,5,28
s252,6,31
s252,7,100
s252,8,116
s252,9,8
s252,10,32
s252,11,63
s252,12,65
s252,13,86
s252,14,9
s252,15,129
s252,16,11
s252,17,118
s252,18,13
s252,19,18
s252,20,61
s252,21,14
s252,22,79
s252,23,98
s252,24,17
s252,25,99
s252,26,140
s252,27,19
s252,28,69
s252,29,90
s252,30,21
s252,31,108
s252,32,122
s252,33,23
s252,34,68
s252,35,26
s252,36,12
s252,37,91
s252,38,27
s252,39,35
s252,40,77
s252,41,117
s252,42,125
s252,43,36
s252,44,85
s252,45,95
s252,46,110
s252,47,57
s252,48,115
s252,49,70
s252,50,126
s252,51,58
s252,52,120
s252,53,7
s252,54,132
s252,55,3
s252,56,6
s252,57,64
s252,58,136
s252,59,139
s252,60,29
s252,61,59
s252,62,143
s252,63,60
s252,64,127
s252,65,245
s252,66,84
s252,67,88
s252,68,107
s252,69,253
s252,70,76
s252,71,82
s252,72,93
s252,73,101
s252,74,128
s252,75,259
s253,1,2
s253,2,76
s253,3,79
s253,4,4
s253,5,15
s253,6,27
s253,7,8
s253,8,28
s253,9,48
s253,10,50
s253,11,1
s253,12,22
s253,13,44
s253,14,75
s253,15,24
s253,16,33
s253,17,77
s253,18,26
s253,19,34
s253,20,31
s253,21,43
s253,22,35
s253,23,32
s253,24,36
s253,25,13
s253,26,57
s253,27,71
s253,28,20
s253,29,55
s253,30,78
s253,31,6
s253,32,74
s253,33,110
s253,34,7
s253,35,113
s253,36,17
s253,37,23
s253,38,117
s253,39,118
s253,40,121
s253,41,3
s253,42,123
s253,43,53
s253,44,132
s253,45,72
s253,46,80
s253,47,133
s253,48,18
s253,49,21
s253,50,139
s253,51,51
s253,52,143
s253,53,11
s253,54,52
s253,55,56
s253,56,68
s253,57,144
s253,58,153
s253,59,54
s253,60,69
s253,61,179
s253,62,180
s253,63,245
s253,64,38
s253,65,247
s253,66,9
s253,67,253
s253,68,16
s253,69,29
s253,70,256
s253,71,30
s253,72,289
s254,1,2
s254,2,25
s254,3,50
s254,4,4
s254,5,1
s254,6,8
s254,7,17
s254,8,51
s254,9,57
s254,10,9
s254,11,13
s254,12,58
s254,13,63
s254,14,14
s254,15,30
s254,16,18
s254,17,43
s254,18,24
s254,19,22
s254,20,66
s254,21,26
s254,22,15
s254,23,37
s254,24,20
s254,25,53
s254,26,41
s254,27,71
s254,28,79
s254,29,19
s254,30,110
s254,31,118
s254,32,132
s254,33,55
s254,34,56
s254,35,139
s254,36,16
s254,37,143
s254,38,144
s254,39,245
s254,40,62
s254,41,253
s254,42,34
s254,43,39
s254,44,254
s254,45,42
s254,46,46
s254,47,259
s254,48,27
s254,49,265
s254,50,7
s255,1,4
s255,2,1
s255,3,12
s255,4,8
s255,5,30
s255,6,37
s255,7,9
s255,8,21
s255,9,46
s255,10,51
s255,11,13
s255,12,2
s255,13,18
s255,14,16
s255,15,47
s255,16,23
s255,17,26
s255,18,3
s255,19,27
s255,20,68
s255,21,41
s255,22,17
s255,23,71
s255,24,55
s255,25,79
s255,26,73
s255,27,110
s255,28,113
s255,29,34
s255,30,117
s255,31,20
s255,32,118
s255,33,19
s255,34,49
s255,35,120
s255,36,29
s255,37,132
s255,38,10
s255,39,61
s255,40,62
s255,41,133
s255,42,36
s255,43,136
s255,44,38
s255,45,45
s255,46,143
s255,47,7
s255,48,59
s255,49,144
s255,50,25
s255,51,48
s255,52,209
s255,53,245
s255,54,14
s255,55,54
s255,56,63
s255,57,247
s255,58,249
s255,59,40
s255,60,253
s255,61,32
s255,62,286
s256,1,2
s256,2,40
s256,3,57
s256,4,8
s256,5,35
s256,6,9
s256,7,17
s256,8,22
s256,9,14
s256,10,46
s256,11,33
s256,12,23
s256,13,44
s256,14,26
s256,15,34
s256,16,73
s256,17,12
s256,18,78
s256,19,1
s256,20,110
s256,21,10
s256,22,20
s256,23,111
s256,24,56
s256,25,114
s256,26,36
s256,27,51
s256,28,117
s256,29,5
s256,30,52
s256,31,118
s256,32,132
s256,33,4
s256,34,7
s256,35,133
s256,36,43
s256,37,136
s256,38,48
s256,39,53
s256,40,139
s256,41,13
s256,42,143
s256,43,54
s256,44,144
s256,45,58
s256,46,245
s256,47,18
s256,48,55
s256,49,255
s256,50,19
s256,51,32
s256,52,256
s256,53,37
s256,54,41
s257,1,1
s257,2,3
s257,3,2
s257,4,33
s257,5,36
s257,6,55
s257,7,63
s257,8,8
s257,9,4
s257,10,12
s257,11,16
s257,12,51
s257,13,64
s257,14,70
s257,15,9
s257,16,40
s257,17,14
s257,18,35
s257,19,18
s257,20,23
s257,21,27
s257,22,10
s257,23,22
s257,24,46
s257,25,6
s257,26,60
s257,27,69
s257,28,44
s257,29,45
s257,30,28
s257,31,73
s257,32,110
s257,33,111
s257,34,117
s257,35,118
s257,36,39
s257,37,120
s257,38,68
s257,39,132
s257,40,37
s257,41,62
s257,42,139
s257,43,5
s257,44,66
s257,45,143
s257,46,34
s257,47,245
s257,48,31
s257,49,53
s257,50,65
s257,51,247
s257,52,7
s257,53,253
s257,54,21
s257,55,25
s257,56,26
s257,57,41
s257,58,47
s258,1,1
s258,2,28
s258,3,44
s258,4,8
s258,5,15
s258,6,9
s258,7,55
s258,8,29
s258,9,32
s258,10,17
s258,11,18
s258,12,45
s258,13,24
s258,14,22
s258,15,34
s258,16,26
s258,17,14
s258,18,27
s258,19,51
s258,20,35
s258,21,36
s258,22,42
s258,23,54
s258,24,115
s258,25,20
s258,26,40
s258,27,117
s258,28,13
s258,29,118
s258,30,120
s258,31,23
s258,32,30
s258,33,132
s258,34,3
s258,35,33
s258,36,133
s258,37,21
s258,38,143
s258,39,31
s258,40,144
s258,41,7
s258,42,146
s258,43,149
s258,44,4
s258,45,150
s258,46,53
s258,47,173
s258,48,245
s258,49,246
s258,50,248
s258,51,253
s258,52,255
s258,53,43
s259,1,2
s259,2,14
s259,3,23
s259,4,8
s259,5,9
s259,6,36
s259,7,48
s259,8,28
s259,9,50
s259,10,59
s259,11,24
s259,12,39
s259,13,51
s259,14,26
s259,15,27
s259,16,64
s259,17,17
s259,18,20
s259,19,35
s259,20,11
s259,21,115
s259,22,52
s259,23,117
s259,24,13
s259,25,118
s259,26,120
s259,27,32
s259,28,40
s259,29,132
s259,30,43
s259,31,143
s259,32,16
s259,33,25
s259,34,38
s259,35,144
s259,36,56
s259,37,146
s259,38,53
s259,39,149
s259,40,150
s259,41,68
s259,42,173
s259,43,34
s259,44,245
s259,45,49
s259,46,246
s259,47,21
s259,48,248
s259,49,37
s259,50,253
s259,51,29
s259,52,255
s259,53,55
s259,54,58
s260,1,2
s260,2,1
s260,3,22
s260,4,8
s260,5,38
s260,6,47
s260,7,9
s260,8,30
s260,9,63
s260,10,74
s260,11,113
s260,12,61
s260,13,117
s260,14,118
s260,15,120
s260,16,51
s260,17,60
s260,18,132
s260,19,65
s260,20,133
s260,21,27
s260,22,143
s260,23,20
s260,24,144
s260,25,146
s260,26,28
s260,27,50
s260,28,149
s260,29,150
s260,30,173
s260,31,37
s260,32,245
s260,33,44
s260,34,49
s260,35,246
s260,36,16
s260,37,23
s260,38,248
s260,39,36
s260,40,39
s260,41,253
s260,42,31
s260,43,255
s260,44,56
s261,1,8
s261,2,24
s261,3,35
s261,4,9
s261,5,57
s261,6,71
s261,7,37
s261,8,55
s261,9,26
s261,10,25
s261,11,27
s261,12,67
s261,13,34
s261,14,36
s261,15,58
s261,16,69
s261,17,113
s261,18,32
s261,19,48
s261,20,114
s261,21,117
s261,22,16
s261,23,118
s261,24,65
s261,25,120
s261,26,56
s261,27,132
s261,28,59
s261,29,60
s261,30,139
s261,31,28
s261,32,143
s261,33,20
s261,34,144
s261,35,41
s261,36,66
s261,37,146
s261,38,149
s261,39,14
s261,40,150
s261,41,173
s261,42,40
s261,43,45
s261,44,245
s261,45,49
s261,46,246
s261,47,23
s261,48,248
s261,49,39
s261,50,43
s261,51,253
s261,52,255
s261,53,53
s261,54,63
s262,1,1
s262,2,35
s262,3,36
s262,4,2
s262,5,12
s262,6,54
s262,7,106
s262,8,8
s262,9,13
s262,10,38
s262,11,23
s262,12,69
s262,13,80
s262,14,24
s262,15,57
s262,16,58
s262,17,26
s262,18,37
s262,19,59
s262,20,27
s262,21,89
s262,22,101
s262,23,67
s262,24,104
s262,25,108
s262,26,39
s262,27,109
s262,28,91
s262,29,110
s262,30,16
s262,31,117
s262,32,118
s262,33,70
s262,34,120
s262,35,50
s262,36,55
s262,37,132
s262,38,33
s262,39,34
s262,40,43
s262,41,45
s262,42,133
s262,43,32
s262,44,136
s262,45,66
s262,46,139
s262,47,42
s262,48,60
s262,49,143
s262,50,46
s262,51,61
s262,52,144
s262,53,78
s262,54,163
s262,55,179
s262,56,22
s262,57,180
s262,58,209
s262,59,53
s262,60,211
s262,61,246
s262,62,247
s262,63,72
s262,64,84
s262,65,253
s263,1,8
s263,2,36
s263,3,44
s263,4,9
s263,5,68
s263,6,83
s263,7,13
s263,8,77
s263,9,15
s263,10,53
s263,11,63
s263,12,17
s263,13,35
s263,14,64
s263,15,18
s263,16,87
s263,17,21
s263,18,70
s263,19,79
s263,20,24
s263,21,46
s263,22,26
s263,23,65
s263,24,27
s263,25,98
s263,26,23
s263,27,80
s263,28,11
s263,29,45
s263,30,39
s263,31,76
s263,32,78
s263,33,71
s263,34,97
s263,35,110
s263,36,10
s263,37,60
s263,38,115
s263,39,117
s263,40,3
s263,41,67
s263,42,118
s263,43,62
s263,44,120
s263,45,40
s263,46,132
s263,47,4
s263,48,6
s263,49,31
s263,50,32
s263,51,82
s263,52,133
s263,53,28
s263,54,136
s263,55,139
s263,56,16
s263,57,143
s263,58,1
s263,59,29
s263,60,33
s263,61,61
s263,62,144
s263,63,86
s263,64,163
s263,65,25
s263,66,174
s263,67,179
s263,68,22
s263,69,66
s263,70,180
s263,71,210
s263,72,41
s263,73,58
s263,74,211
s263,75,227
s263,76,73
s263,77,230
s263,78,231
s263,79,246
s263,80,247
s263,81,253
s264,1,1
s264,2,74
s264,3,76
s264,4,8
s264,5,13
s264,6,34
s264,7,67
s264,8,9
s264,9,35
s264,10,39
s264,11,86
s264,12,69
s264,13,15
s264,14,54
s264,15,62
s264,16,17
s264,17,36
s264,18,63
s264,19,18
s264,20,22
s264,21,72
s264,22,24
s264,23,60
s264,24,26
s264,25,43
s264,26,61
s264,27,27
s264,28,53
s264,29,82
s264,30,44
s264,31,45
s264,32,40
s264,33,87
s264,34,78
s264,35,79
s264,36,98
s264,37,110
s264,38,12
s264,39,117
s264,40,6
s264,41,118
s264,42,124
s264,43,47
s264,44,56
s264,45,132
s264,46,4
s264,47,31
s264,48,33
s264,49,66
s264,50,88
s264,51,133
s264,52,28
s264,53,139
s264,54,16
s264,55,19
s264,56,143
s264,57,20
s264,58,29
s264,59,64
s264,60,144
s264,61,11
s264,62,96
s264,63,163
s264,64,174
s264,65,83
s264,66,179
s264,67,68
s264,68,180
s264,69,209
s264,70,41
s264,71,211
s264,72,227
s264,73,71
s264,74,230
s264,75,65
s264,76,231
s264,77,232
s264,78,80
s264,79,235
s264,80,85
s264,81,246
s264,82,247
s264,83,253
s264,84,84
s265,1,8
s265,2,15
s265,3,19
s265,4,9
s265,5,37
s265,6,42
s265,7,13
s265,8,54
s265,9,76
s265,10,17
s265,11,46
s265,12,18
s265,13,81
s265,14,22
s265,15,72
s265,16,23
s265,17,3
s265,18,4
s265,19,24
s265,20,67
s265,21,26
s265,22,1
s265,23,45
s265,24,68
s265,25,27
s265,26,14
s265,27,90
s265,28,35
s265,29,7
s265,30,36
s265,31,62
s265,32,44
s265,33,28
s265,34,108
s265,35,109
s265,36,78
s265,37,86
s265,38,110
s265,39,5
s265,40,43
s265,41,117
s265,42,118
s265,43,55
s265,44,120
s265,45,29
s265,46,132
s265,47,2
s265,48,133
s265,49,12
s265,50,136
s265,51,73
s265,52,139
s265,53,143
s265,54,144
s265,55,52
s265,56,77
s265,57,163
s265,58,30
s265,59,174
s265,60,80
s265,61,179
s265,62,180
s265,63,34
s265,64,210
s265,65,211
s265,66,25
s265,67,246
s265,68,31
s265,69,247
s265,70,253
s265,71,59
s265,72,255
s265,73,41
s266,1,10
s266,2,9
s266,3,31
s266,4,17
s266,5,2
s266,6,18
s266,7,37
s266,8,70
s266,9,11
s266,10,42
s266,11,78
s266,12,6
s266,13,173
s266,14,34
s266,15,245
s266,16,25
s266,17,254
s266,18,16
s266,19,22
s267,1,15
s267,2,29
s267,3,40
s267,4,17
s267,5,18
s267,6,53
s267,7,24
s267,8,20
s267,9,41
s267,10,26
s267,11,8
s267,12,27
s267,13,28
s267,14,58
s267,15,61
s267,16,35
s267,17,10
s267,18,21
s267,19,36
s267,20,32
s267,21,38
s267,22,44
s267,23,5
s267,24,45
s267,25,110
s267,26,115
s267,27,25
s267,28,117
s267,29,118
s267,30,52
s267,31,124
s267,32,7
s267,33,12
s267,34,132
s267,35,1
s267,36,2
s267,37,139
s267,38,16
s267,39,19
s267,40,143
s267,41,144
s267,42,187
s267,43,189
s267,44,13
s267,45,190
s267,46,33
s267,47,245
s267,48,246
s267,49,31
s267,50,247
s267,51,9
s267,52,22
s268,1,1
s268,2,41
s268,3,58
s268,4,2
s268,5,11
s268,6,24
s268,7,4
s268,8,74
s268,9,78
s268,10,8
s268,11,32
s268,12,59
s268,13,9
s268,14,30
s268,15,13
s268,16,39
s268,17,68
s268,18,17
s268,19,27
s268,20,18
s268,21,75
s268,22,25
s268,23,26
s268,24,35
s268,25,31
s268,26,36
s268,27,54
s268,28,67
s268,29,76
s268,30,49
s268,31,44
s268,32,79
s268,33,110
s268,34,23
s268,35,117
s268,36,3
s268,37,118
s268,38,28
s268,39,120
s268,40,38
s268,41,43
s268,42,123
s268,43,19
s268,44,139
s268,45,143
s268,46,6
s268,47,12
s268,48,16
s268,49,22
s268,50,144
s268,51,163
s268,52,184
s268,53,20
s268,54,21
s268,55,189
s268,56,190
s268,57,210
s268,58,245
s268,59,51
s268,60,66
s268,61,246
s268,62,33
s268,63,37
s268,64,247
s268,65,46
s268,66,248
s268,67,272
s269,1,1
s269,2,23
s269,3,43
s269,4,8
s269,5,9
s269,6,55
s269,7,24
s269,8,12
s269,9,44
s269,10,26
s269,11,27
s269,12,58
s269,13,110
s269,14,6
s269,15,41
s269,16,117
s269,17,118
s269,18,51
s269,19,124
s269,20,15
s269,21,132
s269,22,2
s269,23,139
s269,24,10
s269,25,143
s269,26,7
s269,27,144
s269,28,5
s269,29,163
s269,30,11
s269,31,17
s269,32,179
s269,33,180
s269,34,20
s269,35,184
s269,36,13
s269,37,189
s269,38,190
s269,39,21
s269,40,199
s269,41,45
s269,42,202
s269,43,52
s269,44,210
s269,45,18
s269,46,245
s269,47,30
s269,48,32
s269,49,35
s269,50,39
s269,51,248
s269,52,262
s269,53,40
s269,54,278
s270,1,1
s270,2,26
s270,3,50
s270,4,8
s270,5,11
s270,6,9
s270,7,60
s270,8,14
s270,9,29
s270,10,55
s270,11,17
s270,12,19
s270,13,18
s270,14,62
s270,15,110
s270,16,10
s270,17,49
s270,18,117
s270,19,4
s270,20,118
s270,21,59
s270,22,124
s270,23,133
s270,24,6
s270,25,139
s270,26,54
s270,27,143
s270,28,7
s270,29,144
s270,30,163
s270,31,20
s270,32,199
s270,33,52
s270,34,201
s270,35,202
s270,36,245
s270,37,40
s270,38,43
s270,39,46
s270,40,53
s270,41,246
s270,42,30
s270,43,34
s270,44,248
s270,45,15
s271,1,8
s271,2,3
s271,3,17
s271,4,9
s271,5,38
s271,6,50
s271,7,14
s271,8,1
s271,9,7
s271,10,18
s271,11,20
s271,12,35
s271,13,16
s271,14,36
s271,15,49
s271,16,113
s271,17,55
s271,18,117
s271,19,118
s271,20,62
s271,21,123
s271,22,10
s271,23,132
s271,24,59
s271,25,61
s271,26,133
s271,27,57
s271,28,143
s271,29,2
s271,30,58
s271,31,144
s271,32,63
s271,33,145
s271,34,11
s271,35,39
s271,36,149
s271,37,150
s271,38,171
s271,39,13
s271,40,195
s271,41,197
s271,42,198
s271,43,245
s271,44,47
s271,45,248
s271,46,250
s271,47,23
s271,48,27
s272,1,1
s272,2,14
s272,3,18
s272,4,8
s272,5,19
s272,6,22
s272,7,9
s272,8,45
s272,9,52
s272,10,35
s272,11,13
s272,12,36
s272,13,44
s272,14,51
s272,15,47
s272,16,28
s272,17,53
s272,18,15
s272,19,54
s272,20,113
s272,21,12
s272,22,115
s272,23,6
s272,24,117
s272,25,7
s272,26,118
s272,27,56
s272,28,124
s272,29,132
s272,30,49
s272,31,50
s272,32,133
s272,33,143
s272,34,144
s272,35,46
s272,36,145
s272,37,39
s272,38,149
s272,39,150
s272,40,171
s272,41,38
s272,42,195
s272,43,197
s272,44,5
s272,45,198
s272,46,245
s272,47,33
s272,48,247
s272,49,17
s272,50,250
s272,51,23
s272,52,25
s272,53,262
s272,54,41
s273,1,2
s273,2,23
s273,3,29
s273,4,50
s273,5,57
s273,6,8
s273,7,10
s273,8,45
s273,9,13
s273,10,22
s273,11,40
s273,12,15
s273,13,1
s273,14,12
s273,15,17
s273,16,18
s273,17,54
s273,18,24
s273,19,27
s273,20,35
s273,21,4
s273,22,11
s273,23,36
s273,24,25
s273,25,110
s273,26,9
s273,27,113
s273,28,16
s273,29,19
s273,30,117
s273,31,118
s273,32,124
s273,33,3
s273,34,132
s273,35,47
s273,36,133
s273,37,139
s273,38,143
s273,39,5
s273,40,144
s273,41,146
s273,42,149
s273,43,150
s273,44,245
s273,45,37
s273,46,246
s273,47,30
s273,48,34
s273,49,247
s273,50,259
s273,51,21
s274,1,14
s274,2,1
s274,3,3
s274,4,24
s274,5,41
s274,6,17
s274,7,19
s274,8,18
s274,9,13
s274,10,47
s274,11,23
s274,12,28
s274,13,26
s274,14,27
s274,15,115
s274,16,20
s274,17,117
s274,18,118
s274,19,40
s274,20,124
s274,21,9
s274,22,132
s274,23,2
s274,24,133
s274,25,15
s274,26,143
s274,27,8
s274,28,12
s274,29,144
s274,30,30
s274,31,146
s274,32,25
s274,33,149
s274,34,150
s274,35,29
s274,36,245
s274,37,254
s275,1,2
s275,2,22
s275,3,26
s275,4,4
s275,5,12
s275,6,16
s275,7,8
s275,8,5
s275,9,17
s275,10,9
s275,11,29
s275,12,14
s275,13,13
s275,14,31
s275,15,58
s275,16,67
s275,17,56
s275,18,18
s275,19,37
s275,20,73
s275,21,19
s275,22,52
s275,23,54
s275,24,24
s275,25,42
s275,26,27
s275,27,34
s275,28,60
s275,29,41
s275,30,25
s275,31,44
s275,32,3
s275,33,45
s275,34,35
s275,35,53
s275,36,59
s275,37,78
s275,38,46
s275,39,79
s275,40,110
s275,41,11
s275,42,113
s275,43,32
s275,44,80
s275,45,117
s275,46,120
s275,47,43
s275,48,68
s275,49,132
s275,50,28
s275,51,69
s275,52,72
s275,53,133
s275,54,30
s275,55,66
s275,56,139
s275,57,143
s275,58,144
s275,59,75
s275,60,210
s275,61,227
s275,62,65
s275,63,232
s275,64,246
s275,65,61
s275,66,247
s275,67,33
s275,68,253
s275,69,38
s275,70,40
s276,1,4
s276,2,13
s276,3,18
s276,4,8
s276,5,2
s276,6,9
s276,7,23
s276,8,14
s276,9,43
s276,10,66
s276,11,17
s276,12,39
s276,13,71
s276,14,22
s276,15,51
s276,16,65
s276,17,26
s276,18,27
s276,19,72
s276,20,41
s276,21,12
s276,22,44
s276,23,45
s276,24,30
s276,25,68
s276,26,57
s276,27,78
s276,28,79
s276,29,110
s276,30,24
s276,31,113
s276,32,31
s276,33,117
s276,34,25
s276,35,120
s276,36,69
s276,37,132
s276,38,1
s276,39,70
s276,40,133
s276,41,37
s276,42,139
s276,43,143
s276,44,5
s276,45,38
s276,46,40
s276,47,52
s276,48,56
s276,49,67
s276,50,144
s276,51,3
s276,52,210
s276,53,227
s276,54,232
s276,55,246
s276,56,59
s276,57,247
s276,58,32
s276,59,253
s276,60,36
s277,1,5
s277,2,6
s277,3,11
s277,4,8
s277,5,1
s277,6,9
s277,7,16
s277,8,20
s277,9,40
s277,10,42
s277,11,26
s277,12,36
s277,13,27
s277,14,45
s277,15,41
s277,16,7
s277,17,22
s277,18,44
s277,19,2
s277,20,72
s277,21,46
s277,22,54
s277,23,78
s277,24,79
s277,25,60
s277,26,110
s277,27,114
s277,28,31
s277,29,65
s277,30,117
s277,31,118
s277,32,25
s277,33,139
s277,34,143
s277,35,144
s277,36,24
s277,37,175
s277,38,209
s277,39,246
s277,40,21
s277,41,35
s277,42,253
s277,43,49
s278,1,1
s278,2,2
s278,3,27
s278,4,34
s278,5,68
s278,6,70
s278,7,4
s278,8,13
s278,9,19
s278,10,8
s278,11,20
s278,12,62
s278,13,9
s278,14,40
s278,15,42
s278,16,53
s278,17,24
s278,18,31
s278,19,26
s278,20,7
s278,21,39
s278,22,35
s278,23,58
s278,24,41
s278,25,44
s278,26,45
s278,27,110
s278,28,11
s278,29,29
s278,30,113
s278,31,37
s278,32,117
s278,33,118
s278,34,32
s278,35,132
s278,36,3
s278,37,139
s278,38,16
s278,39,143
s278,40,30
s278,41,38
s278,42,144
s278,43,6
s278,44,48
s278,45,210
s278,46,246
s278,47,18
s278,48,28
s278,49,46
s278,50,253
s278,51,50
s279,1,4
s279,2,7
s279,3,55
s279,4,8
s279,5,3
s279,6,9
s279,7,69
s279,8,20
s279,9,48
s279,10,67
s279,11,24
s279,12,11
s279,13,41
s279,14,26
s279,15,6
s279,16,42
s279,17,27
s279,18,73
s279,19,114
s279,20,47
s279,21,80
s279,22,117
s279,23,39
s279,24,132
s279,25,1
s279,26,2
s279,27,77
s279,28,78
s279,29,133
s279,30,45
s279,31,59
s279,32,143
s279,33,5
s279,34,43
s279,35,74
s279,36,144
s279,37,72
s279,38,245
s279,39,56
s279,40,246
s279,41,19
s279,42,34
s279,43,253
s279,44,46
s279,45,51
s280,1,5
s280,2,1
s280,3,52
s280,4,9
s280,5,60
s280,6,11
s280,7,47
s280,8,17
s280,9,43
s280,10,24
s280,11,8
s280,12,26
s280,13,4
s280,14,27
s280,15,29
s280,16,37
s280,17,56
s280,18,44
s280,19,45
s280,20,114
s280,21,117
s280,22,143
s280,23,35
s280,24,144
s280,25,50
s280,26,57
s280,27,245
s280,28,42
s280,29,246
s280,30,12
s280,31,21
s280,32,253
s281,1,1
s281,2,29
s281,3,39
s281,4,8
s281,5,22
s281,6,9
s281,7,49
s281,8,31
s281,9,26
s281,10,19
s281,11,27
s281,12,68
s281,13,32
s281,14,40
s281,15,78
s281,16,21
s281,17,79
s281,18,55
s281,19,114
s281,20,24
s281,21,41
s281,22,117
s281,23,118
s281,24,45
s281,25,132
s281,26,43
s281,27,44
s281,28,136
s281,29,28
s281,30,143
s281,31,23
s281,32,42
s281,33,144
s281,34,246
s281,35,253
s281,36,33
s282,1,1
s282,2,34
s282,3,47
s282,4,8
s282,5,26
s282,6,9
s282,7,55
s282,8,21
s282,9,35
s282,10,41
s282,11,10
s282,12,27
s282,13,62
s282,14,11
s282,15,33
s282,16,36
s282,17,51
s282,18,60
s282,19,68
s282,20,37
s282,21,78
s282,22,24
s282,23,79
s282,24,64
s282,25,113
s282,26,30
s282,27,45
s282,28,114
s282,29,117
s282,30,118
s282,31,65
s282,32,136
s282,33,246
s282,34,23
s282,35,253
s283,1,5
s283,2,1
s283,3,39
s283,4,67
s283,5,68
s283,6,8
s283,7,60
s283,8,9
s283,9,44
s283,10,14
s283,11,57
s283,12,17
s283,13,40
s283,14,18
s283,15,64
s283,16,24
s283,17,45
s283,18,52
s283,19,26
s283,20,38
s283,21,27
s283,22,59
s283,23,114
s283,24,132
s283,25,54
s283,26,56
s283,27,143
s283,28,144
s283,29,61
s283,30,174
s283,31,50
s283,32,246
s283,33,12
s283,34,37
s283,35,253
s283,36,43
s284,1,4
s284,2,8
s284,3,52
s284,4,64
s284,5,110
s284,6,1
s284,7,53
s284,8,111
s284,9,124
s284,10,21
s284,11,78
s284,12,83
s284,13,22
s284,14,66
s284,15,24
s284,16,45
s284,17,26
s284,18,46
s284,19,67
s284,20,27
s284,21,100
s284,22,72
s284,23,69
s284,24,89
s284,25,79
s284,26,101
s284,27,120
s284,28,65
s284,29,132
s284,30,5
s284,31,7
s284,32,33
s284,33,39
s284,34,84
s284,35,86
s284,36,119
s284,37,136
s284,38,41
s284,39,62
s284,40,117
s284,41,141
s284,42,123
s284,43,127
s284,44,143
s284,45,10
s284,46,32
s284,47,40
s284,48,63
s284,49,87
s284,50,118
s284,51,121
s284,52,170
s284,53,70
s284,54,81
s284,55,177
s284,56,88
s284,57,179
s284,58,82
s284,59,181
s284,60,189
s284,61,190
s284,62,91
s284,63,245
s284,64,58
s284,65,99
s284,66,105
s284,67,249
s284,68,20
s284,69,253
s284,70,90
s285,1,5
s285,2,9
s285,3,84
s285,4,8
s285,5,1
s285,6,105
s285,7,14
s285,8,17
s285,9,19
s285,10,45
s285,11,66
s285,12,39
s285,13,18
s285,14,27
s285,15,75
s285,16,44
s285,17,63
s285,18,22
s285,19,33
s285,20,34
s285,21,26
s285,22,10
s285,23,20
s285,24,35
s285,25,29
s285,26,48
s285,27,65
s285,28,42
s285,29,36
s285,30,74
s285,31,113
s285,32,85
s285,33,118
s285,34,132
s285,35,67
s285,36,68
s285,37,143
s285,38,6
s285,39,69
s285,40,72
s285,41,144
s285,42,170
s285,43,40
s285,44,60
s285,45,173
s285,46,177
s285,47,179
s285,48,61
s285,49,180
s285,50,181
s285,51,64
s285,52,189
s285,53,190
s285,54,245
s285,55,76
s285,56,81
s285,57,87
s285,58,95
s285,59,249
s285,60,16
s285,61,23
s285,62,253
s286,1,5
s286,2,6
s286,3,83
s286,4,8
s286,5,1
s286,6,9
s286,7,101
s286,8,14
s286,9,16
s286,10,17
s286,11,43
s286,12,65
s286,13,37
s286,14,18
s286,15,24
s286,16,74
s286,17,19
s286,18,15
s286,19,63
s286,20,22
s286,21,30
s286,22,31
s286,23,26
s286,24,32
s286,25,27
s286,26,73
s286,27,35
s286,28,39
s286,29,46
s286,30,88
s286,31,97
s286,32,36
s286,33,66
s286,34,44
s286,35,61
s286,36,78
s286,37,38
s286,38,79
s286,39,70
s286,40,113
s286,41,132
s286,42,64
s286,43,136
s286,44,143
s286,45,144
s286,46,170
s286,47,173
s286,48,10
s286,49,181
s286,50,62
s286,51,189
s286,52,190
s286,53,245
s286,54,86
s286,55,93
s286,56,249
s286,57,20
s286,58,253
s287,1,5
s287,2,1
s287,3,58
s287,4,9
s287,5,75
s287,6,14
s287,7,37
s287,8,40
s287,9,72
s287,10,76
s287,11,17
s287,12,33
s287,13,59
s287,14,18
s287,15,44
s287,16,82
s287,17,19
s287,18,34
s287,19,26
s287,20,27
s287,21,56
s287,22,43
s287,23,113
s287,24,117
s287,25,132
s287,26,45
s287,27,46
s287,28,78
s287,29,80
s287,30,136
s287,31,12
s287,32,143
s287,33,47
s287,34,144
s287,35,64
s287,36,173
s287,37,177
s287,38,181
s287,39,38
s287,40,189
s287,41,30
s287,42,190
s287,43,245
s287,44,22
s287,45,25
s287,46,73
s287,47,246
s287,48,48
s287,49,54
s287,50,247
s287,51,253
s287,52,41
s288,1,4
s288,2,1
s288,3,44
s288,4,8
s288,5,77
s288,6,80
s288,7,9
s288,8,55
s288,9,20
s288,10,26
s288,11,49
s288,12,24
s288,13,17
s288,14,61
s288,15,63
s288,16,2
s288,17,18
s288,18,57
s288,19,27
s288,20,70
s288,21,31
s288,22,15
s288,23,35
s288,24,69
s288,25,36
s288,26,25
s288,27,52
s288,28,59
s288,29,60
s288,30,113
s288,31,81
s288,32,117
s288,33,132
s288,34,51
s288,35,53
s288,36,141
s288,37,79
s288,38,143
s288,39,50
s288,40,75
s288,41,144
s288,42,153
s288,43,23
s288,44,245
s288,45,14
s288,46,73
s288,47,253
s289,1,1
s289,2,109
s289,3,110
s289,4,2
s289,5,34
s289,6,37
s289,7,4
s289,8,53
s289,9,72
s289,10,5
s289,11,10
s289,12,21
s289,13,8
s289,14,22
s289,15,38
s289,16,101
s289,17,9
s289,18,86
s289,19,14
s289,20,66
s289,21,75
s289,22,17
s289,23,59
s289,24,18
s289,25,81
s289,26,19
s289,27,24
s289,28,87
s289,29,90
s289,30,26
s289,31,30
s289,32,76
s289,33,27
s289,34,93
s289,35,114
s289,36,132
s289,37,6
s289,38,143
s289,39,12
s289,40,144
s289,41,78
s289,42,170
s289,43,56
s289,44,177
s289,45,64
s289,46,179
s289,47,60
s289,48,181
s289,49,69
s289,50,189
s289,51,190
s289,52,245
s289,53,25
s289,54,84
s289,55,100
s289,56,253
s289,57,74
s290,1,1
s290,2,71
s290,3,73
s290,4,4
s290,5,9
s290,6,30
s290,7,8
s290,8,53
s290,9,37
s290,10,14
s290,11,42
s290,12,68
s290,13,17
s290,14,36
s290,15,18
s290,16,20
s290,17,45
s290,18,67
s290,19,24
s290,20,26
s290,21,5
s290,22,27
s290,23,63
s290,24,65
s290,25,62
s290,26,114
s290,27,117
s290,28,132
s290,29,70
s290,30,143
s290,31,66
s290,32,144
s290,33,49
s290,34,58
s290,35,245
s290,36,44
s290,37,48
s290,38,246
s290,39,29
s290,40,253
s290,41,33
s291,1,2
s291,2,59
s291,3,62
s291,4,4
s291,5,1
s291,6,21
s291,7,8
s291,8,52
s291,9,9
s291,10,27
s291,11,10
s291,12,13
s291,13,16
s291,14,17
s291,15,18
s291,16,25
s291,17,23
s291,18,22
s291,19,41
s291,20,48
s291,21,26
s291,22,14
s291,23,35
s291,24,30
s291,25,54
s291,26,120
s291,27,132
s291,28,50
s291,29,51
s291,30,133
s291,31,6
s291,32,143
s291,33,7
s291,34,144
s291,35,177
s291,36,181
s291,37,189
s291,38,190
s291,39,245
s291,40,32
s291,41,34
s291,42,246
s291,43,3
s291,44,253
s291,45,12
s291,46,24
s292,1,1
s292,2,62
s292,3,65
s292,4,4
s292,5,22
s292,6,8
s292,7,49
s292,8,9
s292,9,28
s292,10,19
s292,11,44
s292,12,57
s292,13,24
s292,14,11
s292,15,21
s292,16,26
s292,17,7
s292,18,38
s292,19,27
s292,20,63
s292,21,36
s292,22,114
s292,23,23
s292,24,117
s292,25,132
s292,26,59
s292,27,61
s292,28,143
s292,29,144
s292,30,245
s292,31,34
s292,32,37
s292,33,41
s292,34,53
s292,35,246
s292,36,10
s292,37,253
s293,1,10
s293,2,30
s293,3,60
s293,4,17
s293,5,25
s293,6,18
s293,7,68
s293,8,22
s293,9,24
s293,10,26
s293,11,42
s293,12,51
s293,13,15
s293,14,35
s293,15,27
s293,16,33
s293,17,66
s293,18,29
s293,19,34
s293,20,48
s293,21,78
s293,22,23
s293,23,44
s293,24,79
s293,25,39
s293,26,110
s293,27,7
s293,28,117
s293,29,2
s293,30,118
s293,31,13
s293,32,120
s293,33,61
s293,34,132
s293,35,62
s293,36,143
s293,37,144
s293,38,41
s293,39,69
s293,40,173
s293,41,32
s293,42,245
s293,43,50
s293,44,246
s293,45,28
s293,46,247
s293,47,36
s293,48,37
s293,49,253
s293,50,19
s293,51,20
s294,1,4
s294,2,45
s294,3,52
s294,4,8
s294,5,40
s294,6,9
s294,7,55
s294,8,13
s294,9,48
s294,10,86
s294,11,17
s294,12,41
s294,13,18
s294,14,95
s294,15,22
s294,16,27
s294,17,49
s294,18,26
s294,19,59
s294,20,37
s294,21,61
s294,22,85
s294,23,6
s294,24,44
s294,25,1
s294,26,38
s294,27,89
s294,28,110
s294,29,7
s294,30,117
s294,31,118
s294,32,132
s294,33,19
s294,34,139
s294,35,16
s294,36,21
s294,37,143
s294,38,39
s294,39,144
s294,40,63
s294,41,76
s294,42,145
s294,43,51
s294,44,149
s294,45,150
s294,46,54
s294,47,171
s294,48,42
s294,49,173
s294,50,5
s294,51,210
s294,52,23
s294,53,245
s294,54,31
s294,55,70
s294,56,80
s294,57,246
s294,58,14
s294,59,247
s294,60,253
s294,61,64
s295,1,1
s295,2,30
s295,3,37
s295,4,112
s295,5,120
s295,6,2
s295,7,58
s295,8,59
s295,9,4
s295,10,12
s295,11,17
s295,12,66
s295,13,89
s295,14,8
s295,15,18
s295,16,38
s295,17,60
s295,18,90
s295,19,14
s295,20,25
s295,21,71
s295,22,72
s295,23,19
s295,24,23
s295,25,20
s295,26,81
s295,27,110
s295,28,22
s295,29,51
s295,30,64
s295,31,26
s295,32,39
s295,33,77
s295,34,27
s295,35,117
s295,36,28
s295,37,34
s295,38,35
s295,39,21
s295,40,36
s295,41,41
s295,42,15
s295,43,44
s295,44,3
s295,45,45
s295,46,56
s295,47,33
s295,48,65
s295,49,74
s295,50,68
s295,51,61
s295,52,92
s295,53,113
s295,54,70
s295,55,78
s295,56,88
s295,57,79
s295,58,118
s295,59,62
s295,60,132
s295,61,139
s295,62,143
s295,63,6
s295,64,31
s295,65,63
s295,66,144
s295,67,210
s295,68,245
s295,69,53
s295,70,100
s295,71,246
s295,72,247
s295,73,75
s295,74,76
s295,75,253
s295,76,82
s296,1,5
s296,2,9
s296,3,16
s296,4,8
s296,5,2
s296,6,19
s296,7,37
s296,8,18
s296,9,52
s296,10,44
s296,11,12
s296,12,45
s296,13,55
s296,14,110
s296,15,7
s296,16,117
s296,17,118
s296,18,17
s296,19,121
s296,20,56
s296,21,58
s296,22,132
s296,23,54
s296,24,143
s296,25,144
s296,26,173
s296,27,22
s296,28,24
s296,29,245
s296,30,33
s296,31,246
s296,32,13
s296,33,253
s296,34,28
s296,35,258
s297,1,4
s297,2,7
s297,3,15
s297,4,8
s297,5,1
s297,6,9
s297,7,19
s297,8,11
s297,9,39
s297,10,40
s297,11,13
s297,12,24
s297,13,27
s297,14,17
s297,15,28
s297,16,18
s297,17,48
s297,18,22
s297,19,49
s297,20,53
s297,21,54
s297,22,110
s297,23,3
s297,24,6
s297,25,113
s297,26,23
s297,27,26
s297,28,115
s297,29,10
s297,30,16
s297,31,117
s297,32,118
s297,33,29
s297,34,146
s297,35,21
s297,36,149
s297,37,150
s297,38,31
s297,39,191
s297,40,245
s297,41,38
s297,42,46
s297,43,246
s297,44,252
s297,45,25
s297,46,253
s297,47,32
s297,48,259
s297,49,14
s298,1,2
s298,2,17
s298,3,18
s298,4,8
s298,5,11
s298,6,9
s298,7,22
s298,8,54
s298,9,12
s298,10,62
s298,11,19
s298,12,51
s298,13,26
s298,14,27
s298,15,63
s298,16,29
s298,17,35
s298,18,14
s298,19,36
s298,20,24
s298,21,41
s298,22,44
s298,23,21
s298,24,45
s298,25,57
s298,26,132
s298,27,59
s298,28,143
s298,29,144
s298,30,245
s298,31,33
s298,32,246
s298,33,6
s298,34,10
s298,35,253
s298,36,25
s298,37,258
s299,1,4
s299,2,9
s299,3,17
s299,4,8
s299,5,1
s299,6,24
s299,7,10
s299,8,37
s299,9,41
s299,10,13
s299,11,20
s299,12,28
s299,13,52
s299,14,55
s299,15,15
s299,16,29
s299,17,42
s299,18,18
s299,19,63
s299,20,48
s299,21,58
s299,22,53
s299,23,54
s299,24,64
s299,25,110
s299,26,5
s299,27,113
s299,28,49
s299,29,117
s299,30,14
s299,31,118
s299,32,132
s299,33,65
s299,34,133
s299,35,19
s299,36,143
s299,37,60
s299,38,144
s299,39,68
s299,40,145
s299,41,50
s299,42,149
s299,43,150
s299,44,168
s299,45,22
s299,46,25
s299,47,33
s299,48,173
s299,49,32
s299,50,191
s299,51,23
s299,52,246
s299,53,253
s299,54,35
s299,55,39
s299,56,47
s299,57,269
s299,58,27
s300,1,2
s300,2,36
s300,3,49
s300,4,8
s300,5,30
s300,6,9
s300,7,58
s300,8,11
s300,9,1
s300,10,20
s300,11,17
s300,12,13
s300,13,18
s300,14,7
s300,15,24
s300,16,19
s300,17,32
s300,18,26
s300,19,12
s300,20,27
s300,21,37
s300,22,74
s300,23,46
s300,24,78
s300,25,10
s300,26,79
s300,27,54
s300,28,110
s300,29,5
s300,30,117
s300,31,118
s300,32,132
s300,33,143
s300,34,59
s300,35,62
s300,36,144
s300,37,4
s300,38,209
s300,39,246
s300,40,6
s300,41,253
s300,42,29
s300,43,259
s300,44,286
s301,1,2
s301,2,12
s301,3,45
s301,4,8
s301,5,6
s301,6,9
s301,7,49
s301,8,13
s301,9,32
s301,10,44
s301,11,17
s301,12,27
s301,13,18
s301,14,26
s301,15,29
s301,16,39
s301,17,74
s301,18,20
s301,19,78
s301,20,79
s301,21,47
s301,22,245
s301,23,23
s301,24,246
s301,25,253
s301,26,16
s301,27,19
s301,28,255
s301,29,33
s302,1,5
s302,2,7
s302,3,17
s302,4,8
s302,5,1
s302,6,9
s302,7,23
s302,8,10
s302,9,40
s302,10,45
s302,11,13
s302,12,29
s302,13,56
s302,14,67
s302,15,16
s302,16,30
s302,17,46
s302,18,24
s302,19,19
s302,20,53
s302,21,26
s302,22,27
s302,23,59
s302,24,48
s302,25,28
s302,26,110
s302,27,12
s302,28,117
s302,29,2
s302,30,118
s302,31,136
s302,32,33
s302,33,139
s302,34,143
s302,35,3
s302,36,14
s302,37,144
s302,38,50
s302,39,147
s302,40,20
s302,41,149
s302,42,150
s302,43,168
s302,44,179
s302,45,37
s302,46,185
s302,47,189
s302,48,11
s302,49,191
s302,50,245
s302,51,43
s302,52,57
s302,53,246
s302,54,252
s302,55,25
s302,56,253
s302,57,35
s302,58,38
s302,59,258
s302,60,21
s303,1,2
s303,2,17
s303,3,63
s303,4,8
s303,5,13
s303,6,10
s303,7,36
s303,8,44
s303,9,22
s303,10,25
s303,11,55
s303,12,26
s303,13,45
s303,14,47
s303,15,52
s303,16,53
s303,17,15
s303,18,54
s303,19,62
s303,20,114
s303,21,49
s303,22,117
s303,23,118
s303,24,143
s303,25,14
s303,26,18
s303,27,144
s303,28,46
s303,29,147
s303,30,149
s303,31,11
s303,32,150
s303,33,191
s303,34,245
s303,35,37
s303,36,48
s303,37,246
s303,38,5
s303,39,252
s303,40,23
s303,41,253
s303,42,29
s303,43,31
s303,44,258
s304,1,10
s304,2,41
s304,3,44
s304,4,13
s304,5,18
s304,6,28
s304,7,17
s304,8,1
s304,9,29
s304,10,51
s304,11,50
s304,12,23
s304,13,53
s304,14,11
s304,15,54
s304,16,52
s304,17,114
s304,18,27
s304,19,117
s304,20,20
s304,21,118
s304,22,49
s304,23,143
s304,24,16
s304,25,19
s304,26,144
s304,27,43
s304,28,191
s304,29,245
s304,30,36
s304,31,46
s304,32,246
s304,33,5
s304,34,253
s304,35,32
s304,36,272
s305,1,5
s305,2,1
s305,3,25
s305,4,45
s305,5,54
s305,6,8
s305,7,38
s305,8,9
s305,9,31
s305,10,59
s305,11,11
s305,12,15
s305,13,27
s305,14,40
s305,15,17
s305,16,28
s305,17,19
s305,18,37
s305,19,26
s305,20,24
s305,21,48
s305,22,39
s305,23,7
s305,24,44
s305,25,113
s305,26,120
s305,27,20
s305,28,41
s305,29,132
s305,30,56
s305,31,143
s305,32,53
s305,33,144
s305,34,153
s305,35,246
s305,36,4
s305,37,253
s305,38,33
s305,39,257
s305,40,259
s305,41,22
s305,42,23
s306,1,1
s306,2,30
s306,3,35
s306,4,5
s306,5,6
s306,6,14
s306,7,8
s306,8,23
s306,9,9
s306,10,22
s306,11,40
s306,12,24
s306,13,38
s306,14,17
s306,15,18
s306,16,47
s306,17,19
s306,18,37
s306,19,26
s306,20,27
s306,21,69
s306,22,78
s306,23,29
s306,24,79
s306,25,49
s306,26,113
s306,27,58
s306,28,120
s306,29,132
s306,30,53
s306,31,54
s306,32,143
s306,33,52
s306,34,144
s306,35,50
s306,36,56
s306,37,153
s306,38,246
s306,39,41
s306,40,253
s306,41,34
s307,1,4
s307,2,1
s307,3,28
s307,4,53
s307,5,70
s307,6,8
s307,7,43
s307,8,9
s307,9,37
s307,10,19
s307,11,41
s307,12,47
s307,13,22
s307,14,11
s307,15,26
s307,16,27
s307,17,57
s307,18,23
s307,19,36
s307,20,33
s307,21,34
s307,22,40
s307,23,44
s307,24,45
s307,25,46
s307,26,113
s307,27,120
s307,28,132
s307,29,50
s307,30,51
s307,31,143
s307,32,49
s307,33,52
s307,34,56
s307,35,246
s307,36,6
s307,37,54
s307,38,60
s307,39,253
s307,40,257
s307,41,259
s307,42,35
s308,1,10
s308,2,14
s308,3,15
s308,4,42
s308,5,46
s308,6,13
s308,7,23
s308,8,31
s308,9,56
s308,10,62
s308,11,17
s308,12,7
s308,13,16
s308,14,32
s308,15,47
s308,16,24
s308,17,39
s308,18,26
s308,19,8
s308,20,27
s308,21,49
s308,22,48
s308,23,57
s308,24,53
s308,25,54
s308,26,110
s308,27,113
s308,28,33
s308,29,117
s308,30,2
s308,31,9
s308,32,118
s308,33,38
s308,34,143
s308,35,12
s308,36,144
s308,37,52
s308,38,145
s308,39,40
s308,40,149
s308,41,150
s308,42,45
s308,43,171
s308,44,37
s308,45,191
s308,46,245
s308,47,35
s308,48,246
s308,49,6
s308,50,252
s308,51,22
s308,52,253
s308,53,29
s308,54,259
s309,1,2
s309,2,25
s309,3,41
s309,4,8
s309,5,22
s309,6,9
s309,7,47
s309,8,15
s309,9,38
s309,10,44
s309,11,10
s309,12,45
s309,13,110
s309,14,6
s309,15,11
s309,16,117
s309,17,1
s309,18,118
s309,19,245
s309,20,34
s309,21,246
s309,22,253
s309,23,16
s309,24,19
s309,25,29
s310,1,5
s310,2,1
s310,3,7
s310,4,54
s310,5,55
s310,6,8
s310,7,47
s310,8,9
s310,9,13
s310,10,11
s310,11,30
s310,12,45
s310,13,17
s310,14,18
s310,15,52
s310,16,29
s310,17,40
s310,18,35
s310,19,10
s310,20,36
s310,21,51
s310,22,147
s310,23,16
s310,24,42
s310,25,149
s310,26,150
s310,27,49
s310,28,245
s310,29,32
s310,30,46
s310,31,246
s310,32,253
s310,33,21
s310,34,28
s311,1,4
s311,2,38
s311,3,46
s311,4,8
s311,5,33
s311,6,9
s311,7,57
s311,8,13
s311,9,24
s311,10,48
s311,11,17
s311,12,12
s311,13,18
s311,14,58
s311,15,22
s311,16,39
s311,17,44
s311,18,11
s311,19,32
s311,20,26
s311,21,27
s311,22,37
s311,23,6
s311,24,25
s311,25,1
s311,26,45
s311,27,29
s311,28,110
s311,29,114
s311,30,34
s311,31,41
s311,32,117
s311,33,31
s311,34,118
s311,35,15
s311,36,50
s311,37,121
s311,38,133
s311,39,143
s311,40,30
s311,41,144
s311,42,147
s311,43,36
s311,44,149
s311,45,150
s311,46,153
s311,47,181
s311,48,42
s311,49,189
s311,50,190
s311,51,245
s311,52,246
s311,53,3
s311,54,253
s311,55,10
s311,56,16
s311,57,23
s311,58,255
s312,1,4
s312,2,12
s312,3,20
s312,4,8
s312,5,2
s312,6,9
s312,7,30
s312,8,13
s312,9,48
s312,10,17
s312,11,18
s312,12,55
s312,13,22
s312,14,10
s312,15,50
s312,16,26
s312,17,1
s312,18,27
s312,19,41
s312,20,28
s312,21,29
s312,22,35
s312,23,45
s312,24,44
s312,25,25
s312,26,110
s312,27,11
s312,28,117
s312,29,118
s312,30,16
s312,31,132
s312,32,139
s312,33,7
s312,34,143
s312,35,144
s312,36,19
s312,37,32
s312,38,173
s312,39,5
s312,40,179
s312,41,180
s312,42,246
s312,43,15
s312,44,253
s312,45,255
s312,46,259
s312,47,36
s313,1,1
s313,2,47
s313,3,48
s313,4,5
s313,5,9
s313,6,18
s313,7,8
s313,8,37
s313,9,22
s313,10,60
s313,11,19
s313,12,54
s313,13,26
s313,14,12
s313,15,27
s313,16,62
s313,17,28
s313,18,14
s313,19,35
s313,20,4
s313,21,43
s313,22,49
s313,23,36
s313,24,20
s313,25,53
s313,26,58
s313,27,41
s313,28,46
s313,29,56
s313,30,44
s313,31,3
s313,32,42
s313,33,45
s313,34,40
s313,35,110
s313,36,6
s313,37,117
s313,38,118
s313,39,120
s313,40,23
s313,41,136
s313,42,15
s313,43,143
s313,44,11
s313,45,144
s313,46,29
s313,47,245
s313,48,246
s313,49,13
s313,50,253
s313,51,21
s313,52,255
s314,1,2
s314,2,35
s314,3,45
s314,4,8
s314,5,29
s314,6,9
s314,7,57
s314,8,11
s314,9,1
s314,10,52
s314,11,18
s314,12,58
s314,13,24
s314,14,19
s314,15,47
s314,16,26
s314,17,12
s314,18,27
s314,19,56
s314,20,30
s314,21,34
s314,22,36
s314,23,42
s314,24,111
s314,25,6
s314,26,13
s314,27,117
s314,28,118
s314,29,144
s314,30,5
s314,31,246
s314,32,17
s314,33,23
s314,34,40
s314,35,51
s314,36,253
s314,37,32
s314,38,255
s314,39,15
s315,1,4
s315,2,20
s315,3,23
s315,4,8
s315,5,1
s315,6,9
s315,7,35
s315,8,13
s315,9,28
s315,10,36
s315,11,54
s315,12,59
s315,13,17
s315,14,24
s315,15,46
s315,16,18
s315,17,42
s315,18,67
s315,19,22
s315,20,19
s315,21,41
s315,22,26
s315,23,7
s315,24,48
s315,25,34
s315,26,56
s315,27,53
s315,28,110
s315,29,11
s315,30,21
s315,31,113
s315,32,29
s315,33,58
s315,34,117
s315,35,118
s315,36,64
s315,37,133
s315,38,25
s315,39,57
s315,40,139
s315,41,143
s315,42,144
s315,43,145
s315,44,30
s315,45,149
s315,46,150
s315,47,62
s315,48,173
s315,49,27
s315,50,179
s315,51,15
s315,52,180
s315,53,66
s315,54,191
s315,55,245
s315,56,44
s315,57,246
s315,58,252
s315,59,31
s315,60,32
s315,61,253
s315,62,37
s315,63,40
s315,64,259
s316,1,4
s316,2,19
s316,3,27
s316,4,8
s316,5,9
s316,6,38
s316,7,22
s316,8,18
s316,9,58
s316,10,26
s316,11,79
s316,12,48
s316,13,40
s316,14,53
s316,15,31
s316,16,110
s316,17,12
s316,18,113
s316,19,34
s316,20,71
s316,21,117
s316,22,1
s316,23,28
s316,24,118
s316,25,75
s316,26,133
s316,27,63
s316,28,139
s316,29,17
s316,30,25
s316,31,143
s316,32,11
s316,33,144
s316,34,67
s316,35,145
s316,36,37
s316,37,70
s316,38,149
s316,39,150
s316,40,173
s316,41,43
s316,42,72
s316,43,179
s316,44,180
s316,45,191
s316,46,245
s316,47,65
s316,48,246
s316,49,5
s316,50,253
s316,51,45
s316,52,49
s316,53,259
s316,54,269
s316,55,33
s317,1,4
s317,2,37
s317,3,46
s317,4,8
s317,5,30
s317,6,9
s317,7,50
s317,8,11
s317,9,12
s317,10,29
s317,11,13
s317,12,32
s317,13,49
s317,14,17
s317,15,5
s317,16,18
s317,17,62
s317,18,22
s317,19,51
s317,20,26
s317,21,27
s317,22,65
s317,23,35
s317,24,10
s317,25,36
s317,26,33
s317,27,110
s317,28,6
s317,29,31
s317,30,117
s317,31,1
s317,32,118
s317,33,121
s317,34,43
s317,35,47
s317,36,132
s317,37,2
s317,38,136
s317,39,34
s317,40,39
s317,41,139
s317,42,143
s317,43,144
s317,44,44
s317,45,53
s317,46,153
s317,47,48
s317,48,173
s317,49,21
s317,50,181
s317,51,38
s317,52,45
s317,53,189
s317,54,190
s317,55,209
s317,56,245
s317,57,246
s317,58,253
s317,59,20
s317,60,23
s317,61,259
s317,62,52
s318,1,4
s318,2,20
s318,3,25
s318,4,8
s318,5,9
s318,6,33
s318,7,13
s318,8,42
s318,9,56
s318,10,17
s318,11,37
s318,12,18
s318,13,64
s318,14,22
s318,15,35
s318,16,26
s318,17,27
s318,18,47
s318,19,110
s318,20,38
s318,21,113
s318,22,45
s318,23,55
s318,24,117
s318,25,6
s318,26,39
s318,27,118
s318,28,61
s318,29,121
s318,30,10
s318,31,127
s318,32,133
s318,33,44
s318,34,54
s318,35,139
s318,36,143
s318,37,40
s318,38,144
s318,39,58
s318,40,145
s318,41,43
s318,42,53
s318,43,149
s318,44,150
s318,45,57
s318,46,153
s318,47,14
s318,48,173
s318,49,32
s318,50,179
s318,51,41
s318,52,180
s318,53,60
s318,54,183
s318,55,19
s318,56,189
s318,57,11
s318,58,190
s318,59,21
s318,60,209
s318,61,245
s318,62,246
s318,63,23
s318,64,253
s318,65,34
s318,66,258
s318,67,259
s319,1,2
s319,2,20
s319,3,32
s319,4,8
s319,5,12
s319,6,9
s319,7,37
s319,8,22
s319,9,18
s319,10,57
s319,11,26
s319,12,11
s319,13,27
s319,14,63
s319,15,35
s319,16,14
s319,17,36
s319,18,43
s319,19,55
s319,20,46
s319,21,54
s319,22,53
s319,23,61
s319,24,110
s319,25,13
s319,26,113
s319,27,40
s319,28,49
s319,29,117
s319,30,5
s319,31,33
s319,32,118
s319,33,133
s319,34,47
s319,35,139
s319,36,19
s319,37,30
s319,38,143
s319,39,31
s319,40,144
s319,41,145
s319,42,149
s319,43,150
s319,44,173
s319,45,16
s319,46,21
s319,47,39
s319,48,48
s319,49,191
s319,50,245
s319,51,246
s319,52,253
s319,53,23
s319,54,269
s320,1,5
s320,2,15
s320,3,21
s320,4,8
s320,5,9
s320,6,24
s320,7,12
s320,8,52
s320,9,26
s320,10,27
s320,11,61
s320,12,39
s320,13,44
s320,14,17
s320,15,45
s320,16,111
s320,17,30
s320,18,35
s320,19,117
s320,20,132
s320,21,1
s320,22,3
s320,23,59
s320,24,60
s320,25,146
s320,26,22
s320,27,47
s320,28,149
s320,29,18
s320,30,150
s320,31,50
s320,32,173
s320,33,40
s320,34,179
s320,35,36
s320,36,180
s320,37,53
s320,38,246
s320,39,11
s320,40,253
s320,41,33
s320,42,258
s320,43,25
s320,44,38
s321,1,2
s321,2,15
s321,3,52
s321,4,8
s321,5,7
s321,6,9
s321,7,60
s321,8,11
s321,9,16
s321,10,51
s321,11,17
s321,12,18
s321,13,58
s321,14,24
s321,15,30
s321,16,26
s321,17,27
s321,18,37
s321,19,29
s321,20,50
s321,21,35
s321,22,36
s321,23,59
s321,24,67
s321,25,53
s321,26,78
s321,27,79
s321,28,61
s321,29,111
s321,30,10
s321,31,19
s321,32,117
s321,33,4
s321,34,118
s321,35,23
s321,36,139
s321,37,143
s321,38,144
s321,39,246
s321,40,48
s321,41,56
s321,42,253
s321,43,42
s321,44,255
s322,1,22
s322,2,26
s322,3,32
s322,4,18
s322,5,27
s322,6,44
s322,7,68
s322,8,30
s322,9,37
s322,10,78
s322,11,25
s322,12,79
s322,13,94
s322,14,34
s322,15,108
s322,16,23
s322,17,109
s322,18,120
s322,19,19
s322,20,132
s322,21,21
s322,22,33
s322,23,35
s322,24,143
s322,25,31
s322,26,144
s322,27,24
s322,28,246
s322,29,6
s322,30,9
s322,31,253
s322,32,28
s322,33,259
s322,34,14
s322,35,16
s323,1,1
s323,2,21
s323,3,28
s323,4,8
s323,5,9
s323,6,32
s323,7,24
s323,8,26
s323,9,30
s323,10,22
s323,11,27
s323,12,36
s323,13,29
s323,14,35
s323,15,34
s323,16,72
s323,17,31
s323,18,78
s323,19,79
s323,20,38
s323,21,94
s323,22,108
s323,23,20
s323,24,109
s323,25,37
s323,26,120
s323,27,19
s323,28,132
s323,29,143
s323,30,17
s323,31,144
s323,32,23
s323,33,33
s323,34,246
s323,35,5
s323,36,39
s323,37,253
s323,38,259
s323,39,12
s323,40,14
s324,1,22
s324,2,32
s324,3,38
s324,4,26
s324,5,21
s324,6,27
s324,7,51
s324,8,72
s324,9,31
s324,10,37
s324,11,78
s324,12,79
s324,13,47
s324,14,104
s324,15,39
s324,16,108
s324,17,109
s324,18,120
s324,19,132
s324,20,23
s324,21,41
s324,22,44
s324,23,143
s324,24,144
s324,25,29
s324,26,46
s324,27,246
s324,28,7
s324,29,12
s324,30,253
s324,31,25
s324,32,259
s324,33,16
s324,34,17
s325,1,4
s325,2,58
s325,3,61
s325,4,8
s325,5,32
s325,6,38
s325,7,46
s325,8,9
s325,9,66
s325,10,11
s325,11,1
s325,12,34
s325,13,13
s325,14,39
s325,15,82
s325,16,17
s325,17,35
s325,18,22
s325,19,72
s325,20,77
s325,21,26
s325,22,65
s325,23,27
s325,24,16
s325,25,53
s325,26,54
s325,27,49
s325,28,69
s325,29,37
s325,30,45
s325,31,78
s325,32,24
s325,33,79
s325,34,111
s325,35,64
s325,36,117
s325,37,3
s325,38,118
s325,39,67
s325,40,120
s325,41,31
s325,42,132
s325,43,5
s325,44,50
s325,45,68
s325,46,139
s325,47,143
s325,48,47
s325,49,51
s325,50,144
s325,51,7
s325,52,71
s325,53,191
s325,54,12
s325,55,245
s325,56,246
s325,57,10
s325,58,14
s325,59,247
s325,60,76
s325,61,252
s325,62,20
s325,63,21
s325,64,253
s325,65,29
s325,66,62
s326,1,1
s326,2,34
s326,3,36
s326,4,4
s326,5,6
s326,6,17
s326,7,8
s326,8,27
s326,9,9
s326,10,22
s326,11,40
s326,12,19
s326,13,33
s326,14,38
s326,15,24
s326,16,7
s326,17,12
s326,18,26
s326,19,3
s326,20,15
s326,21,57
s326,22,46
s326,23,16
s326,24,25
s326,25,53
s326,26,13
s326,27,54
s326,28,28
s326,29,70
s326,30,78
s326,31,29
s326,32,79
s326,33,50
s326,34,90
s326,35,37
s326,36,108
s326,37,30
s326,38,109
s326,39,111
s326,40,11
s326,41,32
s326,42,113
s326,43,117
s326,44,118
s326,45,120
s326,46,132
s326,47,56
s326,48,133
s326,49,143
s326,50,144
s326,51,191
s326,52,246
s326,53,5
s326,54,14
s326,55,43
s326,56,252
s326,57,23
s326,58,253
s326,59,39
s327,1,5
s327,2,7
s327,3,43
s327,4,8
s327,5,1
s327,6,9
s327,7,52
s327,8,10
s327,9,31
s327,10,38
s327,11,17
s327,12,24
s327,13,18
s327,14,47
s327,15,22
s327,16,32
s327,17,26
s327,18,27
s327,19,44
s327,20,46
s327,21,6
s327,22,53
s327,23,3
s327,24,54
s327,25,72
s327,26,78
s327,27,25
s327,28,79
s327,29,49
s327,30,94
s327,31,35
s327,32,39
s327,33,108
s327,34,30
s327,35,109
s327,36,50
s327,37,113
s327,38,60
s327,39,120
s327,40,41
s327,41,132
s327,42,143
s327,43,42
s327,44,45
s327,45,191
s327,46,246
s327,47,13
s327,48,252
s327,49,20
s327,50,253
s327,51,29
s327,52,36
s328,1,22
s328,2,32
s328,3,35
s328,4,26
s328,5,21
s328,6,27
s328,7,46
s328,8,41
s328,9,15
s328,10,44
s328,11,13
s328,12,45
s328,13,72
s328,14,40
s328,15,78
s328,16,29
s328,17,79
s328,18,52
s328,19,94
s328,20,108
s328,21,109
s328,22,120
s328,23,24
s328,24,43
s328,25,132
s328,26,143
s328,27,28
s328,28,144
s328,29,50
s328,30,246
s328,31,6
s328,32,10
s328,33,33
s328,34,42
s328,35,253
s328,36,31
s328,37,259
s328,38,20
s329,1,2
s329,2,30
s329,3,40
s329,4,8
s329,5,19
s329,6,9
s329,7,45
s329,8,22
s329,9,25
s329,10,32
s329,11,26
s329,12,15
s329,13,27
s329,14,50
s329,15,94
s329,16,108
s329,17,109
s329,18,56
s329,19,114
s329,20,42
s329,21,117
s329,22,4
s329,23,118
s329,24,52
s329,25,120
s329,26,21
s329,27,132
s329,28,43
s329,29,47
s329,30,136
s329,31,6
s329,32,16
s329,33,24
s329,34,41
s329,35,143
s329,36,17
s329,37,144
s329,38,146
s329,39,44
s329,40,149
s329,41,150
s329,42,173
s329,43,179
s329,44,180
s329,45,37
s329,46,184
s329,47,10
s329,48,34
s329,49,189
s329,50,5
s329,51,190
s329,52,39
s329,53,246
s329,54,13
s329,55,253
s330,1,2
s330,2,26
s330,3,35
s330,4,8
s330,5,23
s330,6,9
s330,7,48
s330,8,22
s330,9,34
s330,10,12
s330,11,27
s330,12,44
s330,13,72
s330,14,78
s330,15,20
s330,16,79
s330,17,53
s330,18,94
s330,19,29
s330,20,40
s330,21,108
s330,22,21
s330,23,109
s330,24,55
s330,25,114
s330,26,17
s330,27,42
s330,28,117
s330,29,118
s330,30,120
s330,31,18
s330,32,43
s330,33,132
s330,34,47
s330,35,136
s330,36,24
s330,37,143
s330,38,16
s330,39,144
s330,40,51
s330,41,146
s330,42,15
s330,43,39
s330,44,149
s330,45,150
s330,46,60
s330,47,173
s330,48,25
s330,49,31
s330,50,246
s330,51,14
s330,52,32
s330,53,253
s330,54,28
s331,1,2
s331,2,53
s331,3,56
s331,4,8
s331,5,46
s331,6,28
s331,7,36
s331,8,39
s331,9,35
s331,10,32
s331,11,42
s331,12,37
s331,13,14
s331,14,48
s331,15,44
s331,16,12
s331,17,45
s331,18,114
s331,19,17
s331,20,43
s331,21,117
s331,22,10
s331,23,118
s331,24,133
s331,25,15
s331,26,41
s331,27,143
s331,28,9
s331,29,144
s331,30,50
s331,31,146
s331,32,16
s331,33,149
s331,34,11
s331,35,150
s331,36,163
s331,37,174
s331,38,27
s331,39,30
s331,40,179
s331,41,31
s331,42,184
s331,43,26
s331,44,189
s331,45,19
s331,46,190
s331,47,246
s331,48,54
s331,49,253
s331,50,257
s331,51,29
s331,52,259
s331,53,20
s331,54,23
s332,1,20
s332,2,1
s332,3,61
s332,4,37
s332,5,9
s332,6,40
s332,7,44
s332,8,2
s332,9,45
s332,10,51
s332,11,120
s332,12,21
s332,13,132
s332,14,22
s332,15,143
s332,16,19
s332,17,144
s332,18,24
s332,19,246
s332,20,7
s332,21,12
s332,22,253
s332,23,34
s332,24,257
s332,25,25
s332,26,29
s332,27,259
s332,28,18
s333,1,2
s333,2,15
s333,3,55
s333,4,8
s333,5,6
s333,6,9
s333,7,61
s333,8,20
s333,9,42
s333,10,51
s333,11,26
s333,12,34
s333,13,27
s333,14,54
s333,15,37
s333,16,1
s333,17,56
s333,18,45
s333,19,132
s333,20,143
s333,21,52
s333,22,144
s333,23,60
s333,24,245
s333,25,48
s333,26,53
s333,27,246
s333,28,18
s333,29,253
s333,30,36
s333,31,40
s333,32,257
s333,33,29
s333,34,32
s333,35,259
s333,36,21
s333,37,24
s334,1,2
s334,2,13
s334,3,32
s334,4,8
s334,5,6
s334,6,9
s334,7,43
s334,8,11
s334,9,10
s334,10,17
s334,11,7
s334,12,18
s334,13,37
s334,14,29
s334,15,35
s334,16,36
s334,17,39
s334,18,245
s334,19,25
s334,20,34
s334,21,246
s334,22,253
s334,23,15
s335,1,4
s335,2,22
s335,3,8
s335,4,1
s335,5,9
s335,6,31
s335,7,13
s335,8,2
s335,9,15
s335,10,32
s335,11,53
s335,12,17
s335,13,29
s335,14,18
s335,15,59
s335,16,26
s335,17,19
s335,18,25
s335,19,27
s335,20,6
s335,21,50
s335,22,58
s335,23,28
s335,24,35
s335,25,38
s335,26,41
s335,27,36
s335,28,46
s335,29,52
s335,30,110
s335,31,117
s335,32,7
s335,33,118
s335,34,33
s335,35,120
s335,36,132
s335,37,3
s335,38,139
s335,39,23
s335,40,143
s335,41,5
s335,42,16
s335,43,144
s335,44,12
s335,45,56
s335,46,245
s335,47,246
s335,48,253
s335,49,45
s336,1,4
s336,2,9
s336,3,45
s336,4,8
s336,5,1
s336,6,62
s336,7,19
s336,8,65
s336,9,26
s336,10,27
s336,11,75
s336,12,37
s336,13,47
s336,14,54
s336,15,44
s336,16,60
s336,17,70
s336,18,24
s336,19,49
s336,20,78
s336,21,11
s336,22,79
s336,23,108
s336,24,18
s336,25,109
s336,26,53
s336,27,110
s336,28,43
s336,29,111
s336,30,76
s336,31,117
s336,32,50
s336,33,118
s336,34,120
s336,35,12
s336,36,132
s336,37,48
s336,38,139
s336,39,10
s336,40,141
s336,41,66
s336,42,143
s336,43,3
s336,44,144
s336,45,14
s336,46,73
s336,47,164
s336,48,30
s336,49,179
s336,50,180
s336,51,34
s336,52,209
s336,53,236
s336,54,245
s336,55,39
s336,56,248
s336,57,16
s336,58,28
s336,59,253
s336,60,57
s337,1,4
s337,2,1
s337,3,20
s337,4,9
s337,5,26
s337,6,19
s337,7,15
s337,8,25
s337,9,43
s337,10,45
s337,11,27
s337,12,37
s337,13,41
s337,14,22
s337,15,44
s337,16,29
s337,17,70
s337,18,16
s337,19,78
s337,20,5
s337,21,79
s337,22,90
s337,23,21
s337,24,28
s337,25,108
s337,26,109
s337,27,34
s337,28,110
s337,29,6
s337,30,117
s337,31,118
s337,32,120
s337,33,3
s337,34,139
s337,35,8
s337,36,143
s337,37,144
s337,38,23
s337,39,164
s337,40,11
s337,41,179
s337,42,180
s337,43,32
s337,44,181
s337,45,39
s337,46,189
s337,47,190
s337,48,209
s337,49,236
s337,50,245
s337,51,36
s337,52,40
s337,53,247
s337,54,13
s337,55,253
s337,56,30
s338,1,2
s338,2,42
s338,3,45
s338,4,8
s338,5,34
s338,6,9
s338,7,53
s338,8,15
s338,9,62
s338,10,17
s338,11,48
s338,12,18
s338,13,68
s338,14,114
s338,15,6
s338,16,27
s338,17,117
s338,18,1
s338,19,118
s338,20,32
s338,21,120
s338,22,24
s338,23,29
s338,24,132
s338,25,63
s338,26,64
s338,27,139
s338,28,43
s338,29,141
s338,30,47
s338,31,61
s338,32,143
s338,33,65
s338,34,66
s338,35,144
s338,36,46
s338,37,177
s338,38,181
s338,39,51
s338,40,55
s338,41,245
s338,42,246
s338,43,7
s338,44,22
s338,45,247
s338,46,26
s338,47,253
s338,48,52
s338,49,60
s338,50,254
s338,51,36
s338,52,40
s339,1,4
s339,2,16
s339,3,41
s339,4,8
s339,5,1
s339,6,9
s339,7,49
s339,8,15
s339,9,11
s339,10,57
s339,11,71
s339,12,17
s339,13,50
s339,14,18
s339,15,26
s339,16,54
s339,17,60
s339,18,27
s339,19,66
s339,20,110
s339,21,13
s339,22,44
s339,23,117
s339,24,118
s339,25,120
s339,26,2
s339,27,132
s339,28,69
s339,29,139
s339,30,22
s339,31,43
s339,32,143
s339,33,144
s339,34,45
s339,35,154
s339,36,56
s339,37,59
s339,38,181
s339,39,55
s339,40,209
s339,41,245
s339,42,40
s339,43,48
s339,44,246
s339,45,23
s339,46,247
s339,47,253
s339,48,53
s339,49,62
s339,50,254
s339,51,31
s339,52,35
s340,1,3
s340,2,16
s340,3,39
s340,4,63
s340,5,65
s340,6,8
s340,7,1
s340,8,57
s340,9,9
s340,10,51
s340,11,15
s340,12,45
s340,13,17
s340,14,40
s340,15,26
s340,16,38
s340,17,27
s340,18,55
s340,19,62
s340,20,29
s340,21,52
s340,22,35
s340,23,34
s340,24,36
s340,25,56
s340,26,110
s340,27,11
s340,28,117
s340,29,118
s340,30,43
s340,31,120
s340,32,132
s340,33,58
s340,34,139
s340,35,18
s340,36,143
s340,37,4
s340,38,54
s340,39,144
s340,40,44
s340,41,61
s340,42,154
s340,43,181
s340,44,48
s340,45,209
s340,46,245
s340,47,32
s340,48,246
s340,49,6
s340,50,14
s340,51,247
s340,52,24
s340,53,253
s340,54,41
s341,1,4
s341,2,12
s341,3,39
s341,4,8
s341,5,1
s341,6,9
s341,7,52
s341,8,15
s341,9,7
s341,10,13
s341,11,17
s341,12,18
s341,13,21
s341,14,26
s341,15,44
s341,16,49
s341,17,27
s341,18,61
s341,19,28
s341,20,10
s341,21,35
s341,22,36
s341,23,51
s341,24,110
s341,25,38
s341,26,117
s341,27,118
s341,28,120
s341,29,11
s341,30,132
s341,31,14
s341,32,62
s341,33,139
s341,34,143
s341,35,59
s341,36,144
s341,37,16
s341,38,42
s341,39,154
s341,40,181
s341,41,47
s341,42,50
s341,43,209
s341,44,245
s341,45,247
s341,46,253
s341,47,43
s341,48,56
s341,49,254
s341,50,24
s341,51,30
s342,1,3
s342,2,1
s342,3,14
s342,4,9
s342,5,17
s342,6,15
s342,7,45
s342,8,47
s342,9,26
s342,10,18
s342,11,27
s342,12,31
s342,13,39
s342,14,41
s342,15,46
s342,16,110
s342,17,25
s342,18,111
s342,19,54
s342,20,117
s342,21,118
s342,22,29
s342,23,120
s342,24,8
s342,25,12
s342,26,132
s342,27,49
s342,28,51
s342,29,139
s342,30,19
s342,31,23
s342,32,141
s342,33,48
s342,34,52
s342,35,143
s342,36,11
s342,37,144
s342,38,28
s342,39,245
s342,40,247
s342,41,32
s342,42,248
s343,1,2
s343,2,15
s343,3,37
s343,4,8
s343,5,6
s343,6,9
s343,7,53
s343,8,13
s343,9,18
s343,10,25
s343,11,1
s343,12,17
s343,13,14
s343,14,35
s343,15,29
s343,16,42
s343,17,7
s343,18,36
s343,19,54
s343,20,50
s343,21,19
s343,22,27
s343,23,16
s343,24,31
s343,25,113
s343,26,56
s343,27,120
s343,28,10
s343,29,143
s343,30,146
s343,31,46
s343,32,149
s343,33,150
s343,34,170
s343,35,47
s343,36,245
s343,37,247
s343,38,5
s343,39,248
s343,40,20
s343,41,28
s343,42,253
s343,43,12
s344,1,1
s344,2,56
s344,3,65
s344,4,8
s344,5,20
s344,6,9
s344,7,88
s344,8,13
s344,9,23
s344,10,29
s344,11,17
s344,12,15
s344,13,18
s344,14,34
s344,15,26
s344,16,25
s344,17,36
s344,18,27
s344,19,64
s344,20,83
s344,21,28
s344,22,42
s344,23,78
s344,24,35
s344,25,31
s344,26,69
s344,27,54
s344,28,63
s344,29,79
s344,30,76
s344,31,113
s344,32,117
s344,33,120
s344,34,14
s344,35,132
s344,36,89
s344,37,133
s344,38,32
s344,39,85
s344,40,141
s344,41,24
s344,42,143
s344,43,86
s344,44,164
s344,45,181
s344,46,45
s344,47,48
s344,48,195
s344,49,245
s344,50,51
s344,51,246
s344,52,5
s344,53,250
s344,54,39
s344,55,253
s344,56,262
s344,57,59
s344,58,74
s345,1,1
s345,2,30
s345,3,48
s345,4,4
s345,5,9
s345,6,11
s345,7,8
s345,8,24
s345,9,21
s345,10,57
s345,11,26
s345,12,23
s345,13,27
s345,14,35
s345,15,37
s345,16,44
s345,17,36
s345,18,45
s345,19,78
s345,20,22
s345,21,79
s345,22,110
s345,23,117
s345,24,118
s345,25,120
s345,26,13
s345,27,139
s345,28,17
s345,29,143
s345,30,12
s345,31,42
s345,32,144
s345,33,52
s345,34,209
s345,35,245
s345,36,34
s345,37,246
s345,38,6
s345,39,247
s345,40,15
s345,41,19
s345,42,253
s345,43,40
s345,44,51
s346,1,4
s346,2,14
s346,3,32
s346,4,8
s346,5,1
s346,6,9
s346,7,37
s346,8,15
s346,9,48
s346,10,60
s346,11,17
s346,12,38
s346,13,18
s346,14,68
s346,15,26
s346,16,24
s346,17,31
s346,18,27
s346,19,36
s346,20,42
s346,21,29
s346,22,55
s346,23,35
s346,24,62
s346,25,110
s346,26,10
s346,27,113
s346,28,40
s346,29,54
s346,30,117
s346,31,118
s346,32,132
s346,33,2
s346,34,133
s346,35,39
s346,36,53
s346,37,139
s346,38,28
s346,39,30
s346,40,143
s346,41,23
s346,42,144
s346,43,34
s346,44,145
s346,45,149
s346,46,150
s346,47,166
s346,48,56
s346,49,184
s346,50,41
s346,51,189
s346,52,190
s346,53,59
s346,54,209
s346,55,11
s346,56,245
s346,57,22
s346,58,246
s346,59,253
s346,60,58
s347,1,4
s347,2,1
s347,3,39
s347,4,9
s347,5,45
s347,6,22
s347,7,50
s347,8,52
s347,9,26
s347,10,28
s347,11,27
s347,12,65
s347,13,36
s347,14,44
s347,15,41
s347,16,35
s347,17,29
s347,18,58
s347,19,57
s347,20,47
s347,21,59
s347,22,60
s347,23,63
s347,24,68
s347,25,51
s347,26,78
s347,27,30
s347,28,79
s347,29,110
s347,30,37
s347,31,117
s347,32,21
s347,33,118
s347,34,54
s347,35,132
s347,36,139
s347,37,43
s347,38,143
s347,39,144
s347,40,62
s347,41,245
s347,42,42
s347,43,66
s347,44,76
s347,45,246
s347,46,15
s347,47,247
s347,48,253
s347,49,61
s348,1,2
s348,2,34
s348,3,52
s348,4,8
s348,5,28
s348,6,9
s348,7,62
s348,8,35
s348,9,6
s348,10,15
s348,11,36
s348,12,55
s348,13,67
s348,14,46
s348,15,50
s348,16,53
s348,17,3
s348,18,54
s348,19,70
s348,20,31
s348,21,39
s348,22,78
s348,23,20
s348,24,79
s348,25,49
s348,26,82
s348,27,1
s348,28,4
s348,29,83
s348,30,10
s348,31,19
s348,32,105
s348,33,108
s348,34,109
s348,35,61
s348,36,110
s348,37,41
s348,38,111
s348,39,117
s348,40,44
s348,41,118
s348,42,43
s348,43,120
s348,44,24
s348,45,132
s348,46,64
s348,47,65
s348,48,139
s348,49,143
s348,50,144
s348,51,51
s348,52,68
s348,53,145
s348,54,48
s348,55,146
s348,56,57
s348,57,149
s348,58,150
s348,59,153
s348,60,7
s348,61,171
s348,62,22
s348,63,245
s348,64,21
s348,65,27
s348,66,253
s348,67,255
s348,68,60
s348,69,63
s348,70,262
s348,71,13
s348,72,33
s348,73,40
s349,1,35
s349,2,4
s349,3,13
s349,4,36
s349,5,41
s349,6,49
s349,7,46
s349,8,10
s349,9,40
s349,10,53
s349,11,5
s349,12,54
s349,13,44
s349,14,105
s349,15,16
s349,16,38
s349,17,108
s349,18,109
s349,19,51
s349,20,114
s349,21,7
s349,22,12
s349,23,117
s349,24,1
s349,25,118
s349,26,15
s349,27,139
s349,28,143
s349,29,2
s349,30,144
s349,31,43
s349,32,171
s349,33,8
s349,34,39
s349,35,245
s349,36,19
s349,37,25
s349,38,253
s349,39,26
s349,40,34
s349,41,255
s349,42,42
s350,1,3
s350,2,1
s350,3,35
s350,4,9
s350,5,48
s350,6,22
s350,7,18
s350,8,26
s350,9,58
s350,10,70
s350,11,27
s350,12,57
s350,13,84
s350,14,88
s350,15,39
s350,16,65
s350,17,80
s350,18,44
s350,19,60
s350,20,45
s350,21,110
s350,22,10
s350,23,51
s350,24,111
s350,25,63
s350,26,117
s350,27,118
s350,28,56
s350,29,120
s350,30,6
s350,31,29
s350,32,139
s350,33,12
s350,34,52
s350,35,143
s350,36,8
s350,37,144
s350,38,55
s350,39,164
s350,40,31
s350,41,209
s350,42,11
s350,43,245
s350,44,24
s350,45,246
s350,46,53
s350,47,248
s350,48,17
s350,49,19
s350,50,253
s350,51,64
s350,52,73
s350,53,254
s350,54,36
s350,55,49
s351,1,3
s351,2,44
s351,3,64
s351,4,4
s351,5,1
s351,6,11
s351,7,8
s351,8,39
s351,9,9
s351,10,18
s351,11,69
s351,12,22
s351,13,26
s351,14,27
s351,15,45
s351,16,28
s351,17,10
s351,18,35
s351,19,19
s351,20,36
s351,21,110
s351,22,117
s351,23,118
s351,24,41
s351,25,120
s351,26,12
s351,27,37
s351,28,132
s351,29,40
s351,30,139
s351,31,16
s351,32,141
s351,33,43
s351,34,70
s351,35,143
s351,36,38
s351,37,164
s351,38,15
s351,39,20
s351,40,209
s351,41,245
s351,42,23
s351,43,246
s351,44,50
s351,45,248
s351,46,253
s351,47,54
s351,48,63
s351,49,254
s351,50,31
s352,1,26
s352,2,31
s352,3,36
s352,4,27
s352,5,47
s352,6,55
s352,7,35
s352,8,1
s352,9,7
s352,10,30
s352,11,46
s352,12,10
s352,13,24
s352,14,53
s352,15,6
s352,16,54
s352,17,105
s352,18,11
s352,19,108
s352,20,3
s352,21,109
s352,22,39
s352,23,110
s352,24,25
s352,25,117
s352,26,118
s352,27,139
s352,28,5
s352,29,28
s352,30,143
s352,31,2
s352,32,144
s352,33,33
s352,34,146
s352,35,149
s352,36,150
s352,37,153
s352,38,29
s352,39,37
s352,40,168
s352,41,12
s352,42,184
s352,43,8
s352,44,23
s352,45,189
s352,46,190
s352,47,245
s352,48,248
s352,49,17
s352,50,253
s352,51,38
s352,52,43
s353,1,3
s353,2,1
s353,3,9
s353,4,29
s353,5,32
s353,6,8
s353,7,25
s353,8,18
s353,9,35
s353,10,14
s353,11,11
s353,12,39
s353,13,17
s353,14,21
s353,15,48
s353,16,22
s353,17,42
s353,18,26
s353,19,27
s353,20,55
s353,21,28
s353,22,4
s353,23,36
s353,24,13
s353,25,46
s353,26,53
s353,27,54
s353,28,68
s353,29,45
s353,30,78
s353,31,79
s353,32,56
s353,33,111
s353,34,7
s353,35,113
s353,36,85
s353,37,114
s353,38,117
s353,39,2
s353,40,30
s353,41,40
s353,42,143
s353,43,84
s353,44,171
s353,45,16
s353,46,245
s353,47,41
s353,48,247
s353,49,248
s353,50,15
s353,51,23
s353,52,253
s353,53,51
s353,54,63
s354,1,2
s354,2,49
s354,3,52
s354,4,3
s354,5,63
s354,6,70
s354,7,4
s354,8,1
s354,9,23
s354,10,8
s354,11,39
s354,12,58
s354,13,9
s354,14,30
s354,15,57
s354,16,79
s354,17,15
s354,18,45
s354,19,53
s354,20,17
s354,21,18
s354,22,56
s354,23,22
s354,24,27
s354,25,26
s354,26,34
s354,27,61
s354,28,113
s354,29,25
s354,30,84
s354,31,117
s354,32,19
s354,33,120
s354,34,42
s354,35,55
s354,36,132
s354,37,82
s354,38,143
s354,39,78
s354,40,144
s354,41,44
s354,42,245
s354,43,64
s354,44,246
s354,45,248
s354,46,48
s354,47,51
s354,48,253
s354,49,35
s354,50,43
s354,51,254
s354,52,68
s354,53,71
s355,1,1
s355,2,36
s355,3,47
s355,4,4
s355,5,27
s355,6,8
s355,7,28
s355,8,9
s355,9,54
s355,10,15
s355,11,32
s355,12,49
s355,13,17
s355,14,18
s355,15,53
s355,16,21
s355,17,46
s355,18,26
s355,19,10
s355,20,29
s355,21,57
s355,22,22
s355,23,35
s355,24,23
s355,25,33
s355,26,111
s355,27,59
s355,28,120
s355,29,50
s355,30,132
s355,31,52
s355,32,141
s355,33,55
s355,34,143
s355,35,245
s355,36,38
s355,37,41
s355,38,246
s355,39,12
s355,40,248
s355,41,34
s355,42,253
s355,43,254
s355,44,45
s356,1,1
s356,2,39
s356,3,41
s356,4,71
s356,5,72
s356,6,3
s356,7,12
s356,8,31
s356,9,8
s356,10,2
s356,11,32
s356,12,67
s356,13,9
s356,14,46
s356,15,15
s356,16,38
s356,17,69
s356,18,17
s356,19,33
s356,20,65
s356,21,18
s356,22,47
s356,23,21
s356,24,37
s356,25,40
s356,26,26
s356,27,7
s356,28,13
s356,29,27
s356,30,50
s356,31,35
s356,32,29
s356,33,64
s356,34,36
s356,35,42
s356,36,120
s356,37,132
s356,38,4
s356,39,5
s356,40,143
s356,41,144
s356,42,245
s356,43,52
s356,44,246
s356,45,24
s356,46,248
s356,47,253
s356,48,30
s356,49,254
s356,50,56
s356,51,59
s357,1,1
s357,2,34
s357,3,43
s357,4,3
s357,5,56
s357,6,57
s357,7,4
s357,8,25
s357,9,8
s357,10,26
s357,11,44
s357,12,22
s357,13,30
s357,14,41
s357,15,27
s357,16,47
s357,17,28
s357,18,16
s357,19,35
s357,20,32
s357,21,36
s357,22,23
s357,23,45
s357,24,49
s357,25,111
s357,26,118
s357,27,120
s357,28,132
s357,29,46
s357,30,143
s357,31,144
s357,32,245
s357,33,246
s357,34,7
s357,35,14
s357,36,253
s357,37,21
s357,38,254
s357,39,38
s357,40,42
s358,1,1
s358,2,19
s358,3,31
s358,4,8
s358,5,9
s358,6,41
s358,7,27
s358,8,2
s358,9,29
s358,10,14
s358,11,35
s358,12,7
s358,13,36
s358,14,39
s358,15,141
s358,16,144
s358,17,6
s358,18,245
s358,19,30
s358,20,33
s358,21,246
s358,22,12
s358,23,253
s358,24,17
s358,25,23
s359,1,1
s359,2,17
s359,3,39
s359,4,8
s359,5,13
s359,6,9
s359,7,45
s359,8,29
s359,9,15
s359,10,35
s359,11,11
s359,12,36
s359,13,44
s359,14,245
s359,15,33
s359,16,38
s359,17,246
s359,18,16
s359,19,253
s359,20,22
s359,21,26
s360,1,3
s360,2,12
s360,3,15
s360,4,4
s360,5,19
s360,6,38
s360,7,8
s360,8,1
s360,9,16
s360,10,9
s360,11,48
s360,12,14
s360,13,17
s360,14,18
s360,15,22
s360,16,26
s360,17,43
s360,18,49
s360,19,27
s360,20,53
s360,21,61
s360,22,28
s360,23,23
s360,24,40
s360,25,35
s360,26,36
s360,27,110
s360,28,7
s360,29,117
s360,30,118
s360,31,42
s360,32,120
s360,33,11
s360,34,132
s360,35,13
s360,36,60
s360,37,63
s360,38,139
s360,39,21
s360,40,143
s360,41,10
s360,42,144
s360,43,41
s360,44,154
s360,45,52
s360,46,181
s360,47,46
s360,48,50
s360,49,209
s360,50,245
s360,51,34
s360,52,247
s360,53,253
s360,54,254
s360,55,30
s361,1,4
s361,2,12
s361,3,48
s361,4,8
s361,5,3
s361,6,9
s361,7,59
s361,8,15
s361,9,56
s361,10,77
s361,11,17
s361,12,49
s361,13,26
s361,14,27
s361,15,57
s361,16,63
s361,17,46
s361,18,25
s361,19,45
s361,20,53
s361,21,21
s361,22,54
s361,23,69
s361,24,36
s361,25,55
s361,26,78
s361,27,79
s361,28,66
s361,29,110
s361,30,13
s361,31,47
s361,32,117
s361,33,1
s361,34,118
s361,35,139
s361,36,28
s361,37,143
s361,38,144
s361,39,51
s361,40,203
s361,41,7
s361,42,245
s361,43,61
s361,44,73
s361,45,246
s361,46,10
s361,47,250
s361,48,31
s361,49,253
s361,50,20
s361,51,23
s361,52,255
s361,53,39
s361,54,50
s362,1,4
s362,2,12
s362,3,70
s362,4,8
s362,5,1
s362,6,9
s362,7,80
s362,8,22
s362,9,33
s362,10,26
s362,11,24
s362,12,28
s362,13,72
s362,14,35
s362,15,3
s362,16,36
s362,17,46
s362,18,48
s362,19,69
s362,20,53
s362,21,43
s362,22,54
s362,23,113
s362,24,132
s362,25,6
s362,26,79
s362,27,133
s362,28,45
s362,29,77
s362,30,143
s362,31,7
s362,32,41
s362,33,78
s362,34,195
s362,35,246
s362,36,29
s362,37,38
s362,38,250
s362,39,50
s362,40,253
s362,41,42
s362,42,47
s362,43,262
s362,44,59
s362,45,71
s363,1,3
s363,2,1
s363,3,13
s363,4,9
s363,5,24
s363,6,26
s363,7,15
s363,8,18
s363,9,27
s363,10,60
s363,11,68
s363,12,28
s363,13,45
s363,14,59
s363,15,35
s363,16,30
s363,17,36
s363,18,46
s363,19,21
s363,20,48
s363,21,53
s363,22,16
s363,23,54
s363,24,51
s363,25,69
s363,26,38
s363,27,78
s363,28,113
s363,29,11
s363,30,117
s363,31,2
s363,32,118
s363,33,120
s363,34,5
s363,35,133
s363,36,29
s363,37,143
s363,38,8
s363,39,25
s363,40,144
s363,41,67
s363,42,195
s363,43,246
s363,44,248
s363,45,39
s363,46,250
s363,47,47
s363,48,253
s363,49,23
s364,1,4
s364,2,7
s364,3,33
s364,4,54
s364,5,76
s364,6,8
s364,7,2
s364,8,49
s364,9,9
s364,10,82
s364,11,22
s364,12,40
s364,13,44
s364,14,26
s364,15,34
s364,16,27
s364,17,41
s364,18,43
s364,19,45
s364,20,46
s364,21,56
s364,22,78
s364,23,50
s364,24,52
s364,25,55
s364,26,53
s364,27,110
s364,28,36
s364,29,111
s364,30,1
s364,31,21
s364,32,113
s364,33,30
s364,34,117
s364,35,31
s364,36,118
s364,37,47
s364,38,132
s364,39,10
s364,40,133
s364,41,77
s364,42,139
s364,43,143
s364,44,144
s364,45,195
s364,46,18
s364,47,209
s364,48,246
s364,49,37
s364,50,250
s364,51,24
s364,52,68
s364,53,253
s364,54,61
s364,55,62
s365,1,1
s365,2,28
s365,3,35
s365,4,3
s365,5,13
s365,6,19
s365,7,8
s365,8,7
s365,9,24
s365,10,9
s365,11,23
s365,12,42
s365,13,14
s365,14,65
s365,15,66
s365,16,15
s365,17,51
s365,18,55
s365,19,17
s365,20,47
s365,21,58
s365,22,18
s365,23,57
s365,24,72
s365,25,54
s365,26,22
s365,27,21
s365,28,26
s365,29,27
s365,30,44
s365,31,60
s365,32,36
s365,33,37
s365,34,41
s365,35,34
s365,36,5
s365,37,45
s365,38,43
s365,39,73
s365,40,50
s365,41,64
s365,42,78
s365,43,79
s365,44,76
s365,45,110
s365,46,33
s365,47,113
s365,48,117
s365,49,38
s365,50,118
s365,51,132
s365,52,40
s365,53,139
s365,54,141
s365,55,52
s365,56,143
s365,57,48
s365,58,144
s365,59,211
s365,60,246
s365,61,20
s365,62,32
s365,63,247
s365,64,59
s365,65,61
s365,66,253
s365,67,53
s366,1,2
s366,2,44
s366,3,47
s366,4,4
s366,5,1
s366,6,32
s366,7,8
s366,8,40
s366,9,9
s366,10,38
s366,11,51
s366,12,14
s366,13,27
s366,14,48
s366,15,15
s366,16,58
s366,17,82
s366,18,17
s366,19,18
s366,20,49
s366,21,89
s366,22,19
s366,23,61
s366,24,22
s366,25,25
s366,26,26
s366,27,16
s366,28,54
s366,29,53
s366,30,87
s366,31,28
s366,32,31
s366,33,36
s366,34,41
s366,35,46
s366,36,45
s366,37,110
s366,38,113
s366,39,73
s366,40,117
s366,41,11
s366,42,50
s366,43,118
s366,44,81
s366,45,132
s366,46,139
s366,47,141
s366,48,52
s366,49,80
s366,50,143
s366,51,13
s366,52,144
s366,53,94
s366,54,153
s366,55,55
s366,56,210
s366,57,246
s366,58,29
s366,59,69
s366,60,247
s366,61,253
s366,62,60
s366,63,64
s367,1,4
s367,2,15
s367,3,38
s367,4,63
s367,5,97
s367,6,8
s367,7,1
s367,8,50
s367,9,9
s367,10,49
s367,11,104
s367,12,14
s367,13,47
s367,14,69
s367,15,17
s367,16,32
s367,17,61
s367,18,18
s367,19,55
s367,20,22
s367,21,44
s367,22,26
s367,23,28
s367,24,35
s367,25,41
s367,26,39
s367,27,34
s367,28,45
s367,29,53
s367,30,46
s367,31,65
s367,32,78
s367,33,60
s367,34,54
s367,35,80
s367,36,110
s367,37,36
s367,38,113
s367,39,29
s367,40,59
s367,41,117
s367,42,30
s367,43,118
s367,44,132
s367,45,51
s367,46,52
s367,47,133
s367,48,56
s367,49,139
s367,50,143
s367,51,48
s367,52,151
s367,53,179
s367,54,180
s367,55,195
s367,56,210
s367,57,245
s367,58,42
s367,59,73
s367,60,250
s367,61,24
s367,62,33
s367,63,81
s367,64,253
s368,1,4
s368,2,15
s368,3,58
s368,4,8
s368,5,1
s368,6,9
s368,7,67
s368,8,28
s368,9,16
s368,10,35
s368,11,36
s368,12,46
s368,13,10
s368,14,52
s368,15,53
s368,16,5
s368,17,54
s368,18,73
s368,19,78
s368,20,113
s368,21,61
s368,22,118
s368,23,133
s368,24,144
s368,25,173
s368,26,44
s368,27,179
s368,28,37
s368,29,180
s368,30,195
s368,31,246
s368,32,34
s368,33,250
s368,34,18
s368,35,24
s368,36,48
s368,37,253
s368,38,40
s369,1,4
s369,2,16
s369,3,50
s369,4,8
s369,5,1
s369,6,9
s369,7,62
s369,8,10
s369,9,24
s369,10,48
s369,11,17
s369,12,18
s369,13,56
s369,14,26
s369,15,19
s369,16,25
s369,17,27
s369,18,52
s369,19,61
s369,20,28
s369,21,51
s369,22,35
s369,23,36
s369,24,46
s369,25,7
s369,26,113
s369,27,117
s369,28,118
s369,29,132
s369,30,60
s369,31,133
s369,32,143
s369,33,58
s369,34,144
s369,35,57
s369,36,63
s369,37,195
s369,38,246
s369,39,15
s369,40,20
s369,41,250
s369,42,37
s369,43,253
s369,44,29
s370,1,4
s370,2,16
s370,3,45
s370,4,8
s370,5,6
s370,6,9
s370,7,55
s370,8,14
s370,9,23
s370,10,31
s370,11,17
s370,12,19
s370,13,18
s370,14,43
s370,15,28
s370,16,10
s370,17,35
s370,18,5
s370,19,46
s370,20,48
s370,21,7
s370,22,30
s370,23,105
s370,24,22
s370,25,108
s370,26,109
s370,27,51
s370,28,113
s370,29,44
s370,30,117
s370,31,1
s370,32,118
s370,33,132
s370,34,56
s370,35,133
s370,36,53
s370,37,143
s370,38,54
s370,39,195
s370,40,246
s370,41,250
s370,42,32
s370,43,34
s370,44,253
s370,45,25
s370,46,26
s371,1,2
s371,2,44
s371,3,59
s371,4,3
s371,5,1
s371,6,5
s371,7,8
s371,8,40
s371,9,9
s371,10,11
s371,11,66
s371,12,41
s371,13,43
s371,14,56
s371,15,36
s371,16,45
s371,17,68
s371,18,25
s371,19,47
s371,20,78
s371,21,10
s371,22,79
s371,23,110
s371,24,33
s371,25,117
s371,26,118
s371,27,38
s371,28,132
s371,29,34
s371,30,62
s371,31,65
s371,32,139
s371,33,12
s371,34,30
s371,35,143
s371,36,31
s371,37,144
s371,38,39
s371,39,203
s371,40,32
s371,41,246
s371,42,42
s371,43,51
s371,44,250
s371,45,253
s371,46,16
s371,47,20
s372,1,2
s372,2,55
s372,3,70
s372,4,4
s372,5,9
s372,6,41
s372,7,8
s372,8,1
s372,9,52
s372,10,51
s372,11,19
s372,12,49
s372,13,62
s372,14,26
s372,15,44
s372,16,27
s372,17,37
s372,18,43
s372,19,28
s372,20,38
s372,21,35
s372,22,39
s372,23,58
s372,24,48
s372,25,53
s372,26,110
s372,27,7
s372,28,40
s372,29,113
s372,30,50
s372,31,117
s372,32,46
s372,33,118
s372,34,45
s372,35,132
s372,36,139
s372,37,10
s372,38,141
s372,39,143
s372,40,3
s372,41,47
s372,42,203
s372,43,245
s372,44,63
s372,45,246
s372,46,12
s372,47,250
s372,48,25
s372,49,253
s372,50,18
s372,51,22
s372,52,255
s373,1,4
s373,2,28
s373,3,51
s373,4,8
s373,5,7
s373,6,9
s373,7,60
s373,8,13
s373,9,44
s373,10,66
s373,11,17
s373,12,32
s373,13,18
s373,14,83
s373,15,50
s373,16,35
s373,17,36
s373,18,58
s373,19,48
s373,20,31
s373,21,110
s373,22,49
s373,23,117
s373,24,2
s373,25,118
s373,26,54
s373,27,132
s373,28,5
s373,29,75
s373,30,78
s373,31,139
s373,32,15
s373,33,47
s373,34,143
s373,35,1
s373,36,10
s373,37,144
s373,38,52
s373,39,203
s373,40,245
s373,41,57
s373,42,67
s373,43,246
s373,44,250
s373,45,38
s373,46,253
s373,47,14
s373,48,255
s373,49,24
s373,50,30
s374,1,4
s374,2,10
s374,3,56
s374,4,8
s374,5,3
s374,6,9
s374,7,67
s374,8,19
s374,9,62
s374,10,72
s374,11,26
s374,12,54
s374,13,27
s374,14,83
s374,15,28
s374,16,52
s374,17,35
s374,18,1
s374,19,53
s374,20,66
s374,21,36
s374,22,74
s374,23,82
s374,24,48
s374,25,51
s374,26,110
s374,27,7
s374,28,113
s374,29,63
s374,30,70
s374,31,117
s374,32,118
s374,33,132
s374,34,75
s374,35,76
s374,36,139
s374,37,143
s374,38,57
s374,39,58
s374,40,77
s374,41,79
s374,42,203
s374,43,245
s374,44,61
s374,45,71
s374,46,246
s374,47,12
s374,48,20
s374,49,250
s374,50,31
s374,51,253
s374,52,24
s374,53,255
s374,54,43
s374,55,50
s375,1,3
s375,2,32
s375,3,49
s375,4,4
s375,5,1
s375,6,6
s375,7,8
s375,8,27
s375,9,9
s375,10,16
s375,11,55
s375,12,19
s375,13,53
s375,14,61
s375,15,26
s375,16,7
s375,17,13
s375,18,48
s375,19,31
s375,20,43
s375,21,69
s375,22,41
s375,23,46
s375,24,63
s375,25,44
s375,26,40
s375,27,45
s375,28,70
s375,29,21
s375,30,110
s375,31,37
s375,32,117
s375,33,118
s375,34,42
s375,35,120
s375,36,71
s375,37,78
s375,38,132
s375,39,68
s375,40,139
s375,41,11
s375,42,35
s375,43,141
s375,44,64
s375,45,143
s375,46,2
s375,47,65
s375,48,144
s375,49,171
s375,50,14
s375,51,179
s375,52,180
s375,53,195
s375,54,203
s375,55,5
s375,56,245
s375,57,51
s375,58,62
s375,59,246
s375,60,10
s375,61,250
s375,62,253
s375,63,17
s376,1,3
s376,2,1
s376,3,10
s376,4,9
s376,5,18
s376,6,15
s376,7,38
s376,8,46
s376,9,17
s376,10,35
s376,11,51
s376,12,26
s376,13,54
s376,14,59
s376,15,27
s376,16,65
s376,17,72
s376,18,28
s376,19,37
s376,20,48
s376,21,36
s376,22,55
s376,23,41
s376,24,31
s376,25,49
s376,26,78
s376,27,7
s376,28,14
s376,29,79
s376,30,42
s376,31,57
s376,32,110
s376,33,45
s376,34,111
s376,35,5
s376,36,30
s376,37,76
s376,38,117
s376,39,118
s376,40,132
s376,41,50
s376,42,139
s376,43,47
s376,44,141
s376,45,53
s376,46,63
s376,47,143
s376,48,144
s376,49,73
s376,50,203
s376,51,246
s376,52,23
s376,53,52
s376,54,250
s376,55,253
s376,56,255
s376,57,34
s377,1,4
s377,2,1
s377,3,57
s377,4,9
s377,5,65
s377,6,10
s377,7,31
s377,8,37
s377,9,17
s377,10,23
s377,11,18
s377,12,43
s377,13,28
s377,14,54
s377,15,36
s377,16,62
s377,17,46
s377,18,42
s377,19,50
s377,20,71
s377,21,16
s377,22,78
s377,23,6
s377,24,79
s377,25,84
s377,26,110
s377,27,117
s377,28,118
s377,29,56
s377,30,119
s377,31,83
s377,32,120
s377,33,132
s377,34,77
s377,35,139
s377,36,26
s377,37,143
s377,38,38
s377,39,144
s377,40,49
s377,41,53
s377,42,195
s377,43,203
s377,44,246
s377,45,20
s377,46,61
s377,47,72
s377,48,250
s377,49,253
s377,50,12
s377,51,255
s377,52,35
s378,1,4
s378,2,9
s378,3,65
s378,4,8
s378,5,1
s378,6,79
s378,7,21
s378,8,51
s378,9,66
s378,10,22
s378,11,20
s378,12,44
s378,13,26
s378,14,3
s378,15,45
s378,16,73
s378,17,77
s378,18,27
s378,19,72
s378,20,28
s378,21,60
s378,22,35
s378,23,57
s378,24,36
s378,25,70
s378,26,48
s378,27,68
s378,28,43
s378,29,74
s378,30,78
s378,31,34
s378,32,88
s378,33,110
s378,34,7
s378,35,117
s378,36,118
s378,37,132
s378,38,71
s378,39,139
s378,40,41
s378,41,64
s378,42,141
s378,43,85
s378,44,143
s378,45,144
s378,46,91
s378,47,195
s378,48,203
s378,49,245
s378,50,49
s378,51,53
s378,52,246
s378,53,16
s378,54,76
s378,55,83
s378,56,250
s378,57,56
s378,58,253
s378,59,25
s379,1,3
s379,2,12
s379,3,42
s379,4,8
s379,5,6
s379,6,9
s379,7,51
s379,8,26
s379,9,7
s379,10,11
s379,11,28
s379,12,45
s379,13,35
s379,14,19
s379,15,36
s379,16,46
s379,17,69
s379,18,44
s379,19,78
s379,20,79
s379,21,50
s379,22,113
s379,23,1
s379,24,115
s379,25,117
s379,26,4
s379,27,118
s379,28,132
s379,29,48
s379,30,49
s379,31,133
s379,32,143
s379,33,144
s379,34,151
s379,35,27
s379,36,39
s379,37,179
s379,38,23
s379,39,180
s379,40,43
s379,41,195
s379,42,250
s379,43,29
s379,44,32
s379,45,253
s380,1,3
s380,2,7
s380,3,39
s380,4,8
s380,5,1
s380,6,9
s380,7,48
s380,8,22
s380,9,24
s380,10,26
s380,11,25
s380,12,27
s380,13,52
s380,14,28
s380,15,32
s380,16,35
s380,17,36
s380,18,46
s380,19,73
s380,20,18
s380,21,44
s380,22,78
s380,23,11
s380,24,79
s380,25,111
s380,26,5
s380,27,23
s380,28,45
s380,29,113
s380,30,42
s380,31,117
s380,32,43
s380,33,132
s380,34,50
s380,35,133
s380,36,143
s380,37,195
s380,38,246
s380,39,17
s380,40,250
s380,41,38
s380,42,253
s380,43,10
s380,44,12
s381,1,1
s381,2,32
s381,3,43
s381,4,2
s381,5,18
s381,6,28
s381,7,8
s381,8,5
s381,9,29
s381,10,9
s381,11,52
s381,12,22
s381,13,13
s381,14,41
s381,15,26
s381,16,6
s381,17,27
s381,18,53
s381,19,34
s381,20,42
s381,21,35
s381,22,36
s381,23,110
s381,24,21
s381,25,113
s381,26,40
s381,27,117
s381,28,118
s381,29,45
s381,30,120
s381,31,12
s381,32,20
s381,33,57
s381,34,58
s381,35,132
s381,36,56
s381,37,133
s381,38,139
s381,39,23
s381,40,143
s381,41,4
s381,42,24
s381,43,144
s381,44,145
s381,45,149
s381,46,150
s381,47,44
s381,48,195
s381,49,209
s381,50,7
s381,51,246
s381,52,15
s381,53,250
s381,54,31
s381,55,39
s381,56,253
s381,57,11
s382,1,4
s382,2,7
s382,3,51
s382,4,8
s382,5,1
s382,6,9
s382,7,62
s382,8,28
s382,9,24
s382,10,52
s382,11,35
s382,12,13
s382,13,36
s382,14,61
s382,15,46
s382,16,22
s382,17,48
s382,18,69
s382,19,30
s382,20,56
s382,21,78
s382,22,20
s382,23,79
s382,24,63
s382,25,110
s382,26,11
s382,27,17
s382,28,113
s382,29,25
s382,30,60
s382,31,117
s382,32,5
s382,33,18
s382,34,118
s382,35,120
s382,36,15
s382,37,132
s382,38,58
s382,39,133
s382,40,139
s382,41,19
s382,42,143
s382,43,57
s382,44,144
s382,45,195
s382,46,246
s382,47,6
s382,48,250
s382,49,32
s382,50,253
s382,51,16
s382,52,262
s382,53,38
s383,1,28
s383,2,12
s383,3,45
s383,4,35
s383,5,2
s383,6,36
s383,7,56
s383,8,46
s383,9,5
s383,10,41
s383,11,69
s383,12,27
s383,13,54
s383,14,78
s383,15,18
s383,16,79
s383,17,61
s383,18,113
s383,19,6
s383,20,117
s383,21,1
s383,22,132
s383,23,58
s383,24,133
s383,25,7
s383,26,143
s383,27,57
s383,28,195
s383,29,246
s383,30,15
s383,31,20
s383,32,250
s383,33,11
s383,34,39
s383,35,253
s383,36,25
s384,1,4
s384,2,10
s384,3,41
s384,4,8
s384,5,1
s384,6,9
s384,7,51
s384,8,14
s384,9,6
s384,10,44
s384,11,17
s384,12,18
s384,13,50
s384,14,26
s384,15,27
s384,16,42
s384,17,28
s384,18,21
s384,19,43
s384,20,35
s384,21,11
s384,22,36
s384,23,46
s384,24,32
s384,25,113
s384,26,117
s384,27,118
s384,28,132
s384,29,45
s384,30,47
s384,31,133
s384,32,7
s384,33,143
s384,34,144
s384,35,195
s384,36,246
s384,37,13
s384,38,16
s384,39,250
s384,40,253
s385,1,1
s385,2,13
s385,3,32
s385,4,8
s385,5,4
s385,6,9
s385,7,41
s385,8,14
s385,9,23
s385,10,40
s385,11,15
s385,12,17
s385,13,18
s385,14,10
s385,15,49
s385,16,28
s385,17,22
s385,18,34
s385,19,35
s385,20,16
s385,21,36
s385,22,47
s385,23,46
s385,24,12
s385,25,69
s385,26,30
s385,27,78
s385,28,79
s385,29,113
s385,30,51
s385,31,117
s385,32,118
s385,33,58
s385,34,132
s385,35,42
s385,36,45
s385,37,133
s385,38,143
s385,39,195
s385,40,250
s385,41,11
s385,42,253
s385,43,25
s386,1,1
s386,2,20
s386,3,36
s386,4,8
s386,5,9
s386,6,47
s386,7,26
s386,8,19
s386,9,24
s386,10,27
s386,11,34
s386,12,41
s386,13,28
s386,14,35
s386,15,46
s386,16,22
s386,17,113
s386,18,117
s386,19,17
s386,20,118
s386,21,42
s386,22,120
s386,23,4
s386,24,132
s386,25,133
s386,26,143
s386,27,43
s386,28,144
s386,29,49
s386,30,195
s386,31,250
s386,32,253
s387,1,14
s387,2,12
s387,3,24
s387,4,17
s387,5,6
s387,6,18
s387,7,35
s387,8,28
s387,9,19
s387,10,26
s387,11,36
s387,12,34
s387,13,46
s387,14,13
s387,15,53
s387,16,2
s387,17,54
s387,18,39
s387,19,113
s387,20,117
s387,21,1
s387,22,118
s387,23,29
s387,24,133
s387,25,5
s387,26,143
s387,27,144
s387,28,153
s387,29,3
s387,30,195
s387,31,245
s387,32,10
s388,1,4
s388,2,9
s388,3,22
s388,4,5
s388,5,28
s388,6,40
s388,7,61
s388,8,70
s388,9,8
s388,10,1
s388,11,23
s388,12,54
s388,13,47
s388,14,74
s388,15,14
s388,16,46
s388,17,49
s388,18,17
s388,19,42
s388,20,18
s388,21,56
s388,22,25
s388,23,43
s388,24,57
s388,25,26
s388,26,38
s388,27,27
s388,28,32
s388,29,62
s388,30,10
s388,31,24
s388,32,35
s388,33,41
s388,34,36
s388,35,71
s388,36,51
s388,37,59
s388,38,78
s388,39,79
s388,40,66
s388,41,114
s388,42,117
s388,43,120
s388,44,53
s388,45,144
s388,46,44
s388,47,245
s388,48,64
s388,49,246
s388,50,15
s388,51,248
s388,52,253
s388,53,254
s388,54,67
s389,1,4
s389,2,15
s389,3,65
s389,4,8
s389,5,2
s389,6,9
s389,7,74
s389,8,10
s389,9,42
s389,10,46
s389,11,11
s389,12,16
s389,13,33
s389,14,14
s389,15,69
s389,16,86
s389,17,17
s389,18,12
s389,19,34
s389,20,62
s389,21,18
s389,22,54
s389,23,93
s389,24,28
s389,25,63
s389,26,35
s389,27,3
s389,28,36
s389,29,79
s389,30,41
s389,31,64
s389,32,75
s389,33,78
s389,34,37
s389,35,110
s389,36,58
s389,37,117
s389,38,118
s389,39,121
s389,40,13
s389,41,26
s389,42,132
s389,43,61
s389,44,92
s389,45,139
s389,46,31
s389,47,56
s389,48,143
s389,49,57
s389,50,90
s389,51,144
s389,52,67
s389,53,195
s389,54,204
s389,55,246
s389,56,22
s389,57,250
s389,58,51
s389,59,253
s389,60,255
s389,61,44
s390,1,1
s390,2,73
s390,3,74
s390,4,4
s390,5,10
s390,6,59
s390,7,8
s390,8,60
s390,9,11
s390,10,35
s390,11,36
s390,12,45
s390,13,61
s390,14,17
s390,15,30
s390,16,37
s390,17,18
s390,18,67
s390,19,22
s390,20,39
s390,21,23
s390,22,5
s390,23,44
s390,24,50
s390,25,26
s390,26,6
s390,27,40
s390,28,27
s390,29,28
s390,30,33
s390,31,41
s390,32,46
s390,33,47
s390,34,70
s390,35,19
s390,36,78
s390,37,79
s390,38,32
s390,39,110
s390,40,38
s390,41,111
s390,42,14
s390,43,29
s390,44,114
s390,45,55
s390,46,117
s390,47,48
s390,48,132
s390,49,65
s390,50,66
s390,51,139
s390,52,143
s390,53,62
s390,54,144
s390,55,53
s390,56,68
s390,57,164
s390,58,42
s390,59,195
s390,60,204
s390,61,245
s390,62,54
s390,63,58
s390,64,246
s390,65,9
s390,66,250
s390,67,253
s390,68,255
s390,69,34
s391,1,1
s391,2,77
s391,3,78
s391,4,4
s391,5,10
s391,6,50
s391,7,8
s391,8,63
s391,9,9
s391,10,54
s391,11,20
s391,12,61
s391,13,26
s391,14,55
s391,15,30
s391,16,57
s391,17,35
s391,18,46
s391,19,36
s391,20,47
s391,21,48
s391,22,34
s391,23,53
s391,24,110
s391,25,117
s391,26,118
s391,27,60
s391,28,132
s391,29,52
s391,30,133
s391,31,58
s391,32,136
s391,33,75
s391,34,139
s391,35,29
s391,36,143
s391,37,2
s391,38,72
s391,39,144
s391,40,70
s391,41,195
s391,42,204
s391,43,246
s391,44,19
s391,45,68
s391,46,250
s391,47,14
s391,48,16
s391,49,40
s391,50,253
s391,51,38
s392,1,5
s392,2,9
s392,3,45
s392,4,8
s392,5,1
s392,6,54
s392,7,28
s392,8,12
s392,9,22
s392,10,31
s392,11,27
s392,12,44
s392,13,35
s392,14,3
s392,15,23
s392,16,36
s392,17,41
s392,18,58
s392,19,46
s392,20,40
s392,21,69
s392,22,78
s392,23,32
s392,24,79
s392,25,56
s392,26,110
s392,27,111
s392,28,14
s392,29,17
s392,30,117
s392,31,7
s392,32,18
s392,33,118
s392,34,47
s392,35,121
s392,36,24
s392,37,29
s392,38,125
s392,39,67
s392,40,74
s392,41,132
s392,42,66
s392,43,139
s392,44,6
s392,45,38
s392,46,143
s392,47,4
s392,48,64
s392,49,144
s392,50,15
s392,51,195
s392,52,204
s392,53,10
s392,54,246
s392,55,19
s392,56,48
s392,57,250
s392,58,11
s392,59,33
s392,60,253
s392,61,26
s393,1,4
s393,2,6
s393,3,22
s393,4,38
s393,5,44
s393,6,8
s393,7,1
s393,8,29
s393,9,9
s393,10,28
s393,11,53
s393,12,11
s393,13,21
s393,14,48
s393,15,59
s393,16,14
s393,17,32
s393,18,17
s393,19,39
s393,20,20
s393,21,42
s393,22,23
s393,23,26
s393,24,31
s393,25,27
s393,26,30
s393,27,56
s393,28,35
s393,29,45
s393,30,36
s393,31,41
s393,32,70
s393,33,13
s393,34,52
s393,35,78
s393,36,79
s393,37,113
s393,38,114
s393,39,10
s393,40,117
s393,41,133
s393,42,33
s393,43,58
s393,44,143
s393,45,144
s393,46,60
s393,47,246
s393,48,253
s393,49,258
s393,50,34
s394,1,4
s394,2,1
s394,3,9
s394,4,12
s394,5,14
s394,6,45
s394,7,20
s394,8,28
s394,9,23
s394,10,15
s394,11,21
s394,12,26
s394,13,22
s394,14,6
s394,15,36
s394,16,70
s394,17,11
s394,18,78
s394,19,79
s394,20,110
s394,21,19
s394,22,113
s394,23,117
s394,24,118
s394,25,42
s394,26,120
s394,27,17
s394,28,133
s394,29,35
s394,30,139
s394,31,143
s394,32,18
s394,33,24
s394,34,144
s394,35,2
s394,36,7
s394,37,40
s394,38,146
s394,39,149
s394,40,150
s394,41,41
s394,42,246
s394,43,3
s394,44,253
s394,45,258
s394,46,25
s394,47,34
s395,1,4
s395,2,39
s395,3,48
s395,4,5
s395,5,1
s395,6,20
s395,7,8
s395,8,32
s395,9,49
s395,10,56
s395,11,60
s395,12,69
s395,13,9
s395,14,31
s395,15,10
s395,16,59
s395,17,17
s395,18,40
s395,19,18
s395,20,70
s395,21,19
s395,22,46
s395,23,11
s395,24,26
s395,25,35
s395,26,27
s395,27,68
s395,28,28
s395,29,45
s395,30,30
s395,31,55
s395,32,36
s395,33,67
s395,34,113
s395,35,114
s395,36,12
s395,37,117
s395,38,13
s395,39,133
s395,40,57
s395,41,136
s395,42,52
s395,43,143
s395,44,53
s395,45,144
s395,46,246
s395,47,6
s395,48,253
s395,49,33
s395,50,258
s395,51,25
s396,1,4
s396,2,1
s396,3,46
s396,4,9
s396,5,57
s396,6,11
s396,7,47
s396,8,18
s396,9,59
s396,10,22
s396,11,38
s396,12,23
s396,13,31
s396,14,26
s396,15,32
s396,16,27
s396,17,28
s396,18,49
s396,19,36
s396,20,56
s396,21,34
s396,22,70
s396,23,17
s396,24,50
s396,25,78
s396,26,10
s396,27,79
s396,28,113
s396,29,114
s396,30,29
s396,31,52
s396,32,117
s396,33,30
s396,34,48
s396,35,132
s396,36,54
s396,37,55
s396,38,143
s396,39,144
s396,40,195
s396,41,198
s396,42,58
s396,43,245
s396,44,19
s396,45,250
s396,46,253
s396,47,16
s397,1,8
s397,2,19
s397,3,28
s397,4,9
s397,5,29
s397,6,37
s397,7,14
s397,8,1
s397,9,10
s397,10,73
s397,11,74
s397,12,17
s397,13,63
s397,14,18
s397,15,39
s397,16,62
s397,17,35
s397,18,36
s397,19,41
s397,20,78
s397,21,32
s397,22,79
s397,23,110
s397,24,22
s397,25,113
s397,26,117
s397,27,30
s397,28,118
s397,29,72
s397,30,132
s397,31,60
s397,32,61
s397,33,133
s397,34,139
s397,35,23
s397,36,143
s397,37,13
s397,38,31
s397,39,40
s397,40,144
s397,41,146
s397,42,149
s397,43,150
s397,44,67
s397,45,195
s397,46,198
s397,47,245
s397,48,26
s397,49,250
s397,50,38
s397,51,59
s397,52,253
s397,53,16
s398,1,4
s398,2,33
s398,3,39
s398,4,5
s398,5,1
s398,6,29
s398,7,8
s398,8,30
s398,9,9
s398,10,52
s398,11,11
s398,12,21
s398,13,49
s398,14,17
s398,15,12
s398,16,18
s398,17,57
s398,18,20
s398,19,10
s398,20,23
s398,21,45
s398,22,26
s398,23,6
s398,24,27
s398,25,54
s398,26,28
s398,27,35
s398,28,36
s398,29,50
s398,30,46
s398,31,32
s398,32,69
s398,33,78
s398,34,55
s398,35,58
s398,36,79
s398,37,113
s398,38,132
s398,39,133
s398,40,143
s398,41,40
s398,42,144
s398,43,195
s398,44,198
s398,45,246
s398,46,22
s398,47,250
s398,48,44
s398,49,253
s398,50,14
s398,51,19
s399,1,11
s399,2,30
s399,3,47
s399,4,14
s399,5,67
s399,6,77
s399,7,17
s399,8,24
s399,9,59
s399,10,18
s399,11,51
s399,12,19
s399,13,1
s399,14,2
s399,15,23
s399,16,66
s399,17,26
s399,18,55
s399,19,27
s399,20,13
s399,21,35
s399,22,9
s399,23,20
s399,24,36
s399,25,41
s399,26,58
s399,27,46
s399,28,42
s399,29,56
s399,30,70
s399,31,25
s399,32,40
s399,33,78
s399,34,10
s399,35,79
s399,36,110
s399,37,53
s399,38,111
s399,39,43
s399,40,117
s399,41,44
s399,42,118
s399,43,57
s399,44,120
s399,45,8
s399,46,121
s399,47,29
s399,48,139
s399,49,50
s399,50,143
s399,51,144
s399,52,195
s399,53,203
s399,54,245
s399,55,246
s399,56,250
s399,57,253
s399,58,15
s399,59,22
s400,1,1
s400,2,34
s400,3,35
s400,4,4
s400,5,12
s400,6,18
s400,7,8
s400,8,19
s400,9,9
s400,10,46
s400,11,28
s400,12,11
s400,13,20
s400,14,30
s400,15,36
s400,16,41
s400,17,44
s400,18,45
s400,19,70
s400,20,15
s400,21,78
s400,22,79
s400,23,111
s400,24,117
s400,25,118
s400,26,26
s400,27,165
s400,28,23
s400,29,245
s400,30,6
s400,31,31
s400,32,253
s400,33,22
s400,34,25
s401,1,2
s401,2,1
s401,3,8
s401,4,74
s401,5,96
s401,6,47
s401,7,9
s401,8,20
s401,9,106
s401,10,10
s401,11,15
s401,12,44
s401,13,11
s401,14,14
s401,15,87
s401,16,122
s401,17,17
s401,18,73
s401,19,18
s401,20,50
s401,21,76
s401,22,79
s401,23,23
s401,24,22
s401,25,45
s401,26,26
s401,27,35
s401,28,69
s401,29,27
s401,30,28
s401,31,94
s401,32,107
s401,33,99
s401,34,46
s401,35,56
s401,36,105
s401,37,114
s401,38,55
s401,39,117
s401,40,118
s401,41,77
s401,42,119
s401,43,78
s401,44,132
s401,45,143
s401,46,92
s401,47,144
s401,48,103
s401,49,154
s401,50,247
s401,51,33
s401,52,253
s401,53,38
s401,54,254
s401,55,49
s401,56,81
s401,57,255
s401,58,4
s401,59,75
s401,60,261
s401,61,29
s401,62,95
s401,63,98
s401,64,265
s401,65,102
s402,1,1
s402,2,23
s402,3,26
s402,4,2
s402,5,30
s402,6,40
s402,7,8
s402,8,12
s402,9,27
s402,10,9
s402,11,54
s402,12,10
s402,13,37
s402,14,48
s402,15,11
s402,16,22
s402,17,36
s402,18,17
s402,19,19
s402,20,18
s402,21,57
s402,22,5
s402,23,39
s402,24,60
s402,25,113
s402,26,50
s402,27,114
s402,28,117
s402,29,118
s402,30,119
s402,31,4
s402,32,46
s402,33,120
s402,34,3
s402,35,59
s402,36,63
s402,37,133
s402,38,47
s402,39,143
s402,40,144
s402,41,55
s402,42,146
s402,43,21
s402,44,42
s402,45,149
s402,46,15
s402,47,150
s402,48,56
s402,49,153
s402,50,41
s402,51,179
s402,52,180
s402,53,44
s402,54,246
s402,55,20
s402,56,247
s402,57,253
s402,58,266
s402,59,43
s402,60,52
s403,1,1
s403,2,10
s403,3,53
s403,4,8
s403,5,9
s403,6,76
s403,7,20
s403,8,24
s403,9,50
s403,10,26
s403,11,15
s403,12,27
s403,13,62
s403,14,28
s403,15,49
s403,16,54
s403,17,35
s403,18,36
s403,19,65
s403,20,70
s403,21,46
s403,22,56
s403,23,78
s403,24,79
s403,25,67
s403,26,110
s403,27,11
s403,28,29
s403,29,113
s403,30,48
s403,31,114
s403,32,86
s403,33,117
s403,34,3
s403,35,30
s403,36,118
s403,37,66
s403,38,119
s403,39,51
s403,40,120
s403,41,83
s403,42,133
s403,43,38
s403,44,134
s403,45,139
s403,46,6
s403,47,31
s403,48,143
s403,49,32
s403,50,146
s403,51,58
s403,52,149
s403,53,150
s403,54,73
s403,55,195
s403,56,198
s403,57,199
s403,58,245
s403,59,246
s403,60,18
s403,61,247
s403,62,55
s403,63,250
s403,64,253
s403,65,19
s404,1,5
s404,2,10
s404,3,49
s404,4,8
s404,5,1
s404,6,9
s404,7,65
s404,8,20
s404,9,59
s404,10,27
s404,11,75
s404,12,38
s404,13,68
s404,14,82
s404,15,47
s404,16,22
s404,17,64
s404,18,74
s404,19,53
s404,20,78
s404,21,2
s404,22,79
s404,23,71
s404,24,111
s404,25,7
s404,26,48
s404,27,117
s404,28,118
s404,29,119
s404,30,120
s404,31,70
s404,32,80
s404,33,133
s404,34,13
s404,35,143
s404,36,175
s404,37,35
s404,38,176
s404,39,6
s404,40,34
s404,41,191
s404,42,246
s404,43,14
s404,44,21
s404,45,247
s404,46,11
s404,47,12
s404,48,253
s404,49,274
s404,50,42
s404,51,280
s405,1,1
s405,2,28
s405,3,74
s405,4,8
s405,5,16
s405,6,9
s405,7,88
s405,8,20
s405,9,49
s405,10,72
s405,11,26
s405,12,27
s405,13,70
s405,14,47
s405,15,75
s405,16,78
s405,17,79
s405,18,114
s405,19,19
s405,20,117
s405,21,4
s405,22,118
s405,23,119
s405,24,3
s405,25,69
s405,26,120
s405,27,80
s405,28,139
s405,29,21
s405,30,143
s405,31,144
s405,32,199
s405,33,201
s405,34,202
s405,35,246
s405,36,13
s405,37,248
s405,38,11
s405,39,12
s405,40,40
s405,41,41
s405,42,76
s405,43,77
s405,44,253
s405,45,22
s405,46,37
s405,47,43
s405,48,46
s405,49,255
s405,50,62
s405,51,259
s405,52,55
s405,53,60
s406,1,2
s406,2,10
s406,3,46
s406,4,8
s406,5,1
s406,6,9
s406,7,62
s406,8,11
s406,9,5
s406,10,45
s406,11,17
s406,12,18
s406,13,54
s406,14,20
s406,15,24
s406,16,26
s406,17,15
s406,18,27
s406,19,52
s406,20,32
s406,21,35
s406,22,36
s406,23,63
s406,24,110
s406,25,41
s406,26,117
s406,27,118
s406,28,65
s406,29,119
s406,30,48
s406,31,120
s406,32,49
s406,33,64
s406,34,139
s406,35,7
s406,36,57
s406,37,143
s406,38,144
s406,39,210
s406,40,245
s406,41,19
s406,42,246
s406,43,16
s406,44,247
s406,45,55
s406,46,253
s406,47,38
s406,48,266
s406,49,42
s407,1,1
s407,2,16
s407,3,65
s407,4,8
s407,5,9
s407,6,93
s407,7,10
s407,8,21
s407,9,79
s407,10,17
s407,11,12
s407,12,18
s407,13,90
s407,14,20
s407,15,76
s407,16,26
s407,17,11
s407,18,27
s407,19,38
s407,20,81
s407,21,95
s407,22,24
s407,23,77
s407,24,78
s407,25,94
s407,26,110
s407,27,15
s407,28,42
s407,29,117
s407,30,118
s407,31,57
s407,32,119
s407,33,67
s407,34,120
s407,35,91
s407,36,139
s407,37,66
s407,38,143
s407,39,144
s407,40,199
s407,41,245
s407,42,40
s407,43,246
s407,44,47
s407,45,54
s407,46,247
s407,47,253
s407,48,22
s407,49,28
s407,50,58
s407,51,70
s407,52,255
s407,53,45
s407,54,46
s407,55,266
s407,56,55
s407,57,281
s407,58,30
s407,59,31
s408,1,1
s408,2,16
s408,3,52
s408,4,8
s408,5,10
s408,6,9
s408,7,73
s408,8,18
s408,9,53
s408,10,14
s408,11,5
s408,12,77
s408,13,78
s408,14,17
s408,15,6
s408,16,71
s408,17,68
s408,18,111
s408,19,24
s408,20,117
s408,21,118
s408,22,119
s408,23,120
s408,24,7
s408,25,67
s408,26,139
s408,27,33
s408,28,143
s408,29,11
s408,30,144
s408,31,199
s408,32,202
s408,33,75
s408,34,209
s408,35,32
s408,36,245
s408,37,28
s408,38,31
s408,39,35
s408,40,39
s408,41,248
s408,42,12
s408,43,13
s408,44,65
s408,45,66
s408,46,253
s408,47,42
s408,48,51
s408,49,266
s408,50,54
s408,51,63
s409,1,14
s409,2,23
s409,3,103
s409,4,17
s409,5,13
s409,6,37
s409,7,41
s409,8,64
s409,9,49
s409,10,55
s409,11,114
s409,12,21
s409,13,117
s409,14,6
s409,15,119
s409,16,3
s409,17,16
s409,18,46
s409,19,59
s409,20,120
s409,21,1
s409,22,133
s409,23,58
s409,24,135
s409,25,57
s409,26,141
s409,27,18
s409,28,45
s409,29,143
s409,30,146
s409,31,30
s409,32,149
s409,33,15
s409,34,171
s409,35,19
s409,36,51
s409,37,86
s409,38,181
s409,39,63
s409,40,245
s409,41,44
s409,42,47
s409,43,65
s409,44,83
s409,45,253
s409,46,56
s409,47,255
s409,48,20
s409,49,40
s409,50,259
s409,51,48
s410,1,1
s410,2,28
s410,3,46
s410,4,2
s410,5,21
s410,6,27
s410,7,8
s410,8,9
s410,9,66
s410,10,10
s410,11,54
s410,12,77
s410,13,14
s410,14,22
s410,15,33
s410,16,96
s410,17,106
s410,18,17
s410,19,16
s410,20,34
s410,21,78
s410,22,18
s410,23,65
s410,24,80
s410,25,31
s410,26,26
s410,27,47
s410,28,35
s410,29,48
s410,30,36
s410,31,103
s410,32,50
s410,33,70
s410,34,113
s410,35,40
s410,36,92
s410,37,117
s410,38,4
s410,39,118
s410,40,119
s410,41,3
s410,42,53
s410,43,82
s410,44,133
s410,45,45
s410,46,134
s410,47,15
s410,48,44
s410,49,97
s410,50,143
s410,51,146
s410,52,32
s410,53,149
s410,54,153
s410,55,71
s410,56,195
s410,57,39
s410,58,94
s410,59,197
s410,60,245
s410,61,20
s410,62,38
s410,63,43
s410,64,248
s410,65,250
s410,66,52
s410,67,64
s410,68,253
s410,69,67
s410,70,72
s410,71,255
s410,72,75
s410,73,257
s411,1,2
s411,2,30
s411,3,42
s411,4,8
s411,5,20
s411,6,9
s411,7,56
s411,8,12
s411,9,25
s411,10,54
s411,11,17
s411,12,14
s411,13,18
s411,14,64
s411,15,39
s411,16,22
s411,17,65
s411,18,113
s411,19,15
s411,20,117
s411,21,119
s411,22,37
s411,23,120
s411,24,1
s411,25,133
s411,26,53
s411,27,134
s411,28,143
s411,29,10
s411,30,146
s411,31,149
s411,32,153
s411,33,24
s411,34,179
s411,35,19
s411,36,245
s411,37,23
s411,38,26
s411,39,248
s411,40,11
s411,41,253
s412,1,2
s412,2,38
s412,3,80
s412,4,8
s412,5,28
s412,6,9
s412,7,91
s412,8,10
s412,9,13
s412,10,75
s412,11,14
s412,12,85
s412,13,97
s412,14,17
s412,15,1
s412,16,76
s412,17,18
s412,18,103
s412,19,39
s412,20,79
s412,21,35
s412,22,31
s412,23,36
s412,24,88
s412,25,22
s412,26,113
s412,27,117
s412,28,7
s412,29,119
s412,30,16
s412,31,32
s412,32,67
s412,33,70
s412,34,120
s412,35,101
s412,36,133
s412,37,20
s412,38,134
s412,39,92
s412,40,143
s412,41,146
s412,42,102
s412,43,149
s412,44,170
s412,45,46
s412,46,94
s412,47,180
s412,48,245
s412,49,27
s412,50,66
s412,51,73
s412,52,248
s412,53,15
s412,54,253
s412,55,30
s412,56,42
s412,57,62
s412,58,255
s413,1,1
s413,2,23
s413,3,55
s413,4,8
s413,5,9
s413,6,72
s413,7,13
s413,8,15
s413,9,67
s413,10,14
s413,11,68
s413,12,77
s413,13,63
s413,14,17
s413,15,60
s413,16,65
s413,17,12
s413,18,66
s413,19,110
s413,20,10
s413,21,111
s413,22,117
s413,23,4
s413,24,119
s413,25,46
s413,26,120
s413,27,75
s413,28,139
s413,29,61
s413,30,143
s413,31,5
s413,32,144
s413,33,71
s413,34,199
s413,35,35
s413,36,210
s413,37,28
s413,38,33
s413,39,245
s413,40,22
s413,41,30
s413,42,248
s413,43,16
s413,44,253
s413,45,40
s413,46,50
s413,47,255
s413,48,53
s413,49,62
s413,50,259
s413,51,36
s413,52,38
s414,1,1
s414,2,28
s414,3,49
s414,4,2
s414,5,20
s414,6,27
s414,7,8
s414,8,7
s414,9,9
s414,10,64
s414,11,13
s414,12,51
s414,13,70
s414,14,14
s414,15,50
s414,16,31
s414,17,22
s414,18,35
s414,19,10
s414,20,36
s414,21,59
s414,22,110
s414,23,56
s414,24,111
s414,25,57
s414,26,117
s414,27,119
s414,28,5
s414,29,33
s414,30,120
s414,31,52
s414,32,139
s414,33,11
s414,34,58
s414,35,143
s414,36,144
s414,37,199
s414,38,201
s414,39,202
s414,40,68
s414,41,245
s414,42,25
s414,43,47
s414,44,54
s414,45,247
s414,46,60
s414,47,248
s414,48,253
s414,49,42
s415,1,2
s415,2,57
s415,3,67
s415,4,8
s415,5,53
s415,6,9
s415,7,71
s415,8,13
s415,9,18
s415,10,79
s415,11,14
s415,12,1
s415,13,10
s415,14,17
s415,15,11
s415,16,23
s415,17,32
s415,18,40
s415,19,26
s415,20,24
s415,21,27
s415,22,48
s415,23,38
s415,24,6
s415,25,15
s415,26,63
s415,27,114
s415,28,20
s415,29,117
s415,30,120
s415,31,3
s415,32,133
s415,33,33
s415,34,34
s415,35,37
s415,36,141
s415,37,35
s415,38,36
s415,39,143
s415,40,12
s415,41,210
s415,42,245
s415,43,22
s415,44,41
s415,45,47
s415,46,247
s415,47,68
s415,48,69
s415,49,248
s415,50,19
s415,51,253
s415,52,50
s415,53,61
s416,1,1
s416,2,73
s416,3,84
s416,4,2
s416,5,15
s416,6,72
s416,7,8
s416,8,9
s416,9,94
s416,10,13
s416,11,16
s416,12,70
s416,13,14
s416,14,96
s416,15,105
s416,16,17
s416,17,89
s416,18,18
s416,19,83
s416,20,31
s416,21,64
s416,22,82
s416,23,35
s416,24,55
s416,25,36
s416,26,38
s416,27,21
s416,28,47
s416,29,39
s416,30,69
s416,31,95
s416,32,50
s416,33,90
s416,34,113
s416,35,117
s416,36,3
s416,37,118
s416,38,119
s416,39,12
s416,40,120
s416,41,132
s416,42,48
s416,43,52
s416,44,133
s416,45,53
s416,46,134
s416,47,97
s416,48,143
s416,49,146
s416,50,25
s416,51,62
s416,52,149
s416,53,56
s416,54,150
s416,55,43
s416,56,170
s416,57,22
s416,58,59
s416,59,63
s416,60,245
s416,61,74
s416,62,80
s416,63,247
s416,64,248
s416,65,10
s416,66,11
s416,67,253
s416,68,60
s416,69,66
s416,70,255
s416,71,30
s417,1,2
s417,2,26
s417,3,82
s417,4,8
s417,5,13
s417,6,45
s417,7,54
s417,8,75
s417,9,76
s417,10,14
s417,11,1
s417,12,17
s417,13,44
s417,14,11
s417,15,69
s417,16,18
s417,17,5
s417,18,65
s417,19,31
s417,20,28
s417,21,35
s417,22,15
s417,23,36
s417,24,47
s417,25,10
s417,26,25
s417,27,48
s417,28,81
s417,29,110
s417,30,27
s417,31,39
s417,32,113
s417,33,117
s417,34,7
s417,35,40
s417,36,119
s417,37,41
s417,38,120
s417,39,3
s417,40,133
s417,41,9
s417,42,52
s417,43,141
s417,44,51
s417,45,143
s417,46,146
s417,47,55
s417,48,147
s417,49,19
s417,50,149
s417,51,191
s417,52,210
s417,53,22
s417,54,214
s417,55,245
s417,56,20
s417,57,30
s417,58,34
s417,59,247
s417,60,248
s417,61,252
s417,62,57
s417,63,253
s417,64,43
s417,65,258
s418,1,1
s418,2,39
s418,3,75
s418,4,8
s418,5,22
s418,6,9
s418,7,94
s418,8,11
s418,9,16
s418,10,18
s418,11,13
s418,12,102
s418,13,14
s418,14,3
s418,15,17
s418,16,4
s418,17,19
s418,18,31
s418,19,40
s418,20,68
s418,21,35
s418,22,36
s418,23,88
s418,24,38
s418,25,43
s418,26,69
s418,27,77
s418,28,78
s418,29,79
s418,30,90
s418,31,113
s418,32,23
s418,33,83
s418,34,114
s418,35,84
s418,36,117
s418,37,6
s418,38,119
s418,39,120
s418,40,93
s418,41,133
s418,42,15
s418,43,143
s418,44,146
s418,45,149
s418,46,195
s418,47,197
s418,48,198
s418,49,245
s418,50,32
s418,51,51
s418,52,59
s418,53,247
s418,54,20
s418,55,21
s418,56,253
s418,57,49
s418,58,255
s418,59,64
s418,60,67
s418,61,272
s418,62,71
s418,63,81
s419,1,2
s419,2,18
s419,3,68
s419,4,8
s419,5,5
s419,6,9
s419,7,80
s419,8,10
s419,9,62
s419,10,71
s419,11,13
s419,12,16
s419,13,26
s419,14,38
s419,15,49
s419,16,78
s419,17,14
s419,18,1
s419,19,15
s419,20,27
s419,21,36
s419,22,17
s419,23,50
s419,24,72
s419,25,86
s419,26,20
s419,27,19
s419,28,51
s419,29,81
s419,30,75
s419,31,65
s419,32,84
s419,33,48
s419,34,22
s419,35,70
s419,36,47
s419,37,79
s419,38,113
s419,39,117
s419,40,120
s419,41,133
s419,42,143
s419,43,3
s419,44,146
s419,45,149
s419,46,191
s419,47,45
s419,48,193
s419,49,32
s419,50,194
s419,51,245
s419,52,35
s419,53,41
s419,54,246
s419,55,247
s419,56,43
s419,57,44
s419,58,73
s419,59,252
s419,60,46
s419,61,253
s419,62,56
s419,63,61
s419,64,262
s420,1,2
s420,2,12
s420,3,54
s420,4,8
s420,5,6
s420,6,9
s420,7,64
s420,8,10
s420,9,36
s420,10,50
s420,11,11
s420,12,7
s420,13,13
s420,14,21
s420,15,24
s420,16,14
s420,17,58
s420,18,61
s420,19,17
s420,20,1
s420,21,25
s420,22,51
s420,23,18
s420,24,66
s420,25,48
s420,26,31
s420,27,35
s420,28,55
s420,29,53
s420,30,67
s420,31,49
s420,32,78
s420,33,41
s420,34,79
s420,35,68
s420,36,113
s420,37,117
s420,38,119
s420,39,4
s420,40,120
s420,41,133
s420,42,134
s420,43,56
s420,44,143
s420,45,146
s420,46,149
s420,47,191
s420,48,245
s420,49,22
s420,50,29
s420,51,246
s420,52,247
s420,53,33
s420,54,34
s420,55,252
s420,56,37
s420,57,253
s420,58,42
s421,1,1
s421,2,38
s421,3,57
s421,4,2
s421,5,27
s421,6,31
s421,7,5
s421,8,11
s421,9,15
s421,10,8
s421,11,9
s421,12,24
s421,13,32
s421,14,20
s421,15,68
s421,16,10
s421,17,23
s421,18,58
s421,19,17
s421,20,18
s421,21,22
s421,22,25
s421,23,50
s421,24,26
s421,25,12
s421,26,46
s421,27,30
s421,28,62
s421,29,14
s421,30,35
s421,31,36
s421,32,67
s421,33,42
s421,34,74
s421,35,78
s421,36,19
s421,37,79
s421,38,48
s421,39,110
s421,40,119
s421,41,4
s421,42,139
s421,43,144
s421,44,210
s421,45,45
s421,46,245
s421,47,246
s421,48,29
s421,49,247
s421,50,253
s421,51,52
s421,52,59
s421,53,254
s421,54,265
s421,55,3
s422,1,1
s422,2,22
s422,3,53
s422,4,2
s422,5,13
s422,6,16
s422,7,8
s422,8,6
s422,9,17
s422,10,9
s422,11,66
s422,12,23
s422,13,61
s422,14,12
s422,15,18
s422,16,32
s422,17,14
s422,18,30
s422,19,35
s422,20,10
s422,21,36
s422,22,113
s422,23,11
s422,24,47
s422,25,114
s422,26,48
s422,27,117
s422,28,7
s422,29,118
s422,30,119
s422,31,120
s422,32,55
s422,33,134
s422,34,15
s422,35,143
s422,36,144
s422,37,57
s422,38,146
s422,39,29
s422,40,149
s422,41,24
s422,42,150
s422,43,63
s422,44,168
s422,45,28
s422,46,179
s422,47,26
s422,48,180
s422,49,59
s422,50,245
s422,51,52
s422,52,246
s422,53,40
s422,54,255
s422,55,31
s422,56,58
s422,57,263
s422,58,19
s422,59,20
s422,60,281
s423,1,1
s423,2,17
s423,3,28
s423,4,2
s423,5,10
s423,6,12
s423,7,34
s423,8,49
s423,9,8
s423,10,3
s423,11,13
s423,12,29
s423,13,9
s423,14,55
s423,15,11
s423,16,52
s423,17,18
s423,18,41
s423,19,14
s423,20,27
s423,21,53
s423,22,110
s423,23,4
s423,24,117
s423,25,119
s423,26,43
s423,27,139
s423,28,143
s423,29,199
s423,30,201
s423,31,209
s423,32,24
s423,33,245
s423,34,45
s423,35,47
s423,36,246
s423,37,30
s423,38,37
s423,39,248
s423,40,255
s423,41,23
s424,1,2
s424,2,5
s424,3,29
s424,4,8
s424,5,3
s424,6,9
s424,7,42
s424,8,10
s424,9,19
s424,10,14
s424,11,38
s424,12,46
s424,13,17
s424,14,1
s424,15,35
s424,16,18
s424,17,32
s424,18,28
s424,19,13
s424,20,7
s424,21,36
s424,22,44
s424,23,113
s424,24,117
s424,25,119
s424,26,120
s424,27,133
s424,28,134
s424,29,37
s424,30,143
s424,31,4
s424,32,146
s424,33,149
s424,34,168
s424,35,179
s424,36,195
s424,37,197
s424,38,198
s424,39,245
s424,40,248
s424,41,6
s424,42,250
s424,43,24
s425,1,1
s425,2,22
s425,3,45
s425,4,8
s425,5,13
s425,6,9
s425,7,57
s425,8,11
s425,9,4
s425,10,14
s425,11,17
s425,12,5
s425,13,19
s425,14,44
s425,15,26
s425,16,7
s425,17,27
s425,18,53
s425,19,38
s425,20,51
s425,21,113
s425,22,117
s425,23,120
s425,24,133
s425,25,143
s425,26,6
s425,27,146
s425,28,12
s425,29,149
s425,30,168
s425,31,54
s425,32,179
s425,33,180
s425,34,199
s425,35,201
s425,36,245
s425,37,31
s425,38,39
s425,39,246
s425,40,16
s425,41,247
s425,42,255
s425,43,47
s425,44,48
s425,45,259
s425,46,21
s426,1,2
s426,2,19
s426,3,108
s426,4,8
s426,5,14
s426,6,9
s426,7,115
s426,8,10
s426,9,78
s426,10,91
s426,11,11
s426,12,1
s426,13,4
s426,14,13
s426,15,112
s426,16,23
s426,17,15
s426,18,45
s426,19,68
s426,20,17
s426,21,5
s426,22,36
s426,23,69
s426,24,92
s426,25,18
s426,26,29
s426,27,20
s426,28,22
s426,29,82
s426,30,87
s426,31,38
s426,32,65
s426,33,107
s426,34,111
s426,35,26
s426,36,66
s426,37,103
s426,38,27
s426,39,94
s426,40,31
s426,41,34
s426,42,35
s426,43,76
s426,44,119
s426,45,83
s426,46,132
s426,47,64
s426,48,136
s426,49,141
s426,50,25
s426,51,59
s426,52,143
s426,53,60
s426,54,144
s426,55,245
s426,56,246
s426,57,88
s426,58,100
s426,59,247
s426,60,248
s426,61,79
s426,62,253
s426,63,50
s426,64,255
s426,65,41
s426,66,106
s426,67,258
s426,68,48
s427,1,2
s427,2,13
s427,3,85
s427,4,8
s427,5,9
s427,6,92
s427,7,10
s427,8,16
s427,9,61
s427,10,14
s427,11,84
s427,12,94
s427,13,17
s427,14,4
s427,15,62
s427,16,23
s427,17,21
s427,18,26
s427,19,27
s427,20,31
s427,21,38
s427,22,47
s427,23,70
s427,24,48
s427,25,78
s427,26,30
s427,27,113
s427,28,117
s427,29,119
s427,30,6
s427,31,133
s427,32,135
s427,33,24
s427,34,143
s427,35,146
s427,36,20
s427,37,149
s427,38,153
s427,39,59
s427,40,245
s427,41,18
s427,42,58
s427,43,73
s427,44,246
s427,45,77
s427,46,253
s427,47,51
s427,48,255
s427,49,32
s428,1,2
s428,2,23
s428,3,92
s428,4,8
s428,5,20
s428,6,11
s428,7,7
s428,8,32
s428,9,14
s428,10,40
s428,11,61
s428,12,17
s428,13,33
s428,14,18
s428,15,66
s428,16,16
s428,17,58
s428,18,69
s428,19,86
s428,20,26
s428,21,59
s428,22,27
s428,23,85
s428,24,48
s428,25,1
s428,26,39
s428,27,84
s428,28,53
s428,29,54
s428,30,113
s428,31,114
s428,32,117
s428,33,62
s428,34,119
s428,35,4
s428,36,34
s428,37,133
s428,38,30
s428,39,60
s428,40,141
s428,41,31
s428,42,143
s428,43,10
s428,44,146
s428,45,149
s428,46,168
s428,47,67
s428,48,169
s428,49,42
s428,50,57
s428,51,191
s428,52,193
s428,53,29
s428,54,205
s428,55,38
s428,56,245
s428,57,22
s428,58,70
s428,59,246
s428,60,248
s428,61,252
s428,62,253
s428,63,268
s428,64,76
s428,65,80
s429,1,2
s429,2,14
s429,3,32
s429,4,8
s429,5,12
s429,6,9
s429,7,43
s429,8,23
s429,9,35
s429,10,49
s429,11,26
s429,12,33
s429,13,46
s429,14,53
s429,15,4
s429,16,113
s429,17,1
s429,18,119
s429,19,15
s429,20,133
s429,21,3
s429,22,135
s429,23,146
s429,24,149
s429,25,10
s429,26,168
s429,27,179
s429,28,191
s429,29,193
s429,30,245
s429,31,6
s429,32,37
s429,33,247
s429,34,42
s429,35,44
s429,36,253
s429,37,19
s429,38,24
s429,39,268
s430,1,1
s430,2,29
s430,3,41
s430,4,2
s430,5,6
s430,6,14
s430,7,8
s430,8,15
s430,9,9
s430,10,68
s430,11,11
s430,12,22
s430,13,17
s430,14,7
s430,15,23
s430,16,20
s430,17,26
s430,18,13
s430,19,28
s430,20,38
s430,21,45
s430,22,25
s430,23,30
s430,24,35
s430,25,21
s430,26,31
s430,27,36
s430,28,53
s430,29,113
s430,30,5
s430,31,117
s430,32,119
s430,33,40
s430,34,43
s430,35,133
s430,36,146
s430,37,149
s430,38,3
s430,39,245
s430,40,48
s430,41,246
s430,42,248
s430,43,12
s430,44,249
s430,45,42
s430,46,253
s430,47,33
s431,1,1
s431,2,25
s431,3,48
s431,4,8
s431,5,12
s431,6,9
s431,7,60
s431,8,10
s431,9,23
s431,10,71
s431,11,11
s431,12,6
s431,13,16
s431,14,17
s431,15,2
s431,16,18
s431,17,89
s431,18,28
s431,19,32
s431,20,75
s431,21,35
s431,22,36
s431,23,70
s431,24,63
s431,25,78
s431,26,53
s431,27,79
s431,28,113
s431,29,7
s431,30,76
s431,31,117
s431,32,118
s431,33,119
s431,34,120
s431,35,84
s431,36,133
s431,37,57
s431,38,135
s431,39,58
s431,40,136
s431,41,143
s431,42,146
s431,43,20
s431,44,81
s431,45,149
s431,46,150
s431,47,168
s431,48,77
s431,49,179
s431,50,180
s431,51,195
s431,52,5
s431,53,197
s431,54,198
s431,55,245
s431,56,44
s431,57,50
s431,58,246
s431,59,15
s431,60,248
s431,61,249
s431,62,40
s431,63,253
s431,64,262
s431,65,269
s431,66,64
s432,1,2
s432,2,1
s432,3,4
s432,4,9
s432,5,11
s432,6,14
s432,7,17
s432,8,56
s432,9,5
s432,10,31
s432,11,34
s432,12,54
s432,13,32
s432,14,23
s432,15,29
s432,16,35
s432,17,13
s432,18,30
s432,19,39
s432,20,26
s432,21,41
s432,22,47
s432,23,44
s432,24,74
s432,25,42
s432,26,78
s432,27,79
s432,28,114
s432,29,3
s432,30,117
s432,31,119
s432,32,50
s432,33,141
s432,34,143
s432,35,144
s432,36,245
s432,37,16
s432,38,248
s432,39,6
s432,40,253
s432,41,46
s432,42,255
s432,43,40
s432,44,265
s432,45,10
s433,1,13
s433,2,41
s433,3,52
s433,4,17
s433,5,29
s433,6,18
s433,7,64
s433,8,31
s433,9,33
s433,10,39
s433,11,35
s433,12,27
s433,13,36
s433,14,46
s433,15,42
s433,16,50
s433,17,44
s433,18,45
s433,19,56
s433,20,47
s433,21,6
s433,22,28
s433,23,49
s433,24,30
s433,25,66
s433,26,53
s433,27,1
s433,28,73
s433,29,19
s433,30,78
s433,31,12
s433,32,79
s433,33,113
s433,34,3
s433,35,117
s433,36,119
s433,37,10
s433,38,120
s433,39,135
s433,40,5
s433,41,143
s433,42,146
s433,43,7
s433,44,149
s433,45,167
s433,46,34
s433,47,168
s433,48,191
s433,49,245
s433,50,24
s433,51,248
s433,52,4
s433,53,11
s433,54,253
s434,1,2
s434,2,5
s434,3,55
s434,4,8
s434,5,1
s434,6,9
s434,7,67
s434,8,10
s434,9,53
s434,10,63
s434,11,13
s434,12,18
s434,13,40
s434,14,17
s434,15,3
s434,16,41
s434,17,20
s434,18,26
s434,19,11
s434,20,27
s434,21,64
s434,22,32
s434,23,7
s434,24,35
s434,25,36
s434,26,50
s434,27,73
s434,28,33
s434,29,78
s434,30,15
s434,31,79
s434,32,61
s434,33,88
s434,34,43
s434,35,54
s434,36,89
s434,37,60
s434,38,110
s434,39,118
s434,40,119
s434,41,139
s434,42,171
s434,43,51
s434,44,245
s434,45,24
s434,46,29
s434,47,248
s434,48,253
s434,49,34
s434,50,37
s434,51,262
s434,52,57
s434,53,268
s435,1,1
s435,2,49
s435,3,52
s435,4,8
s435,5,43
s435,6,9
s435,7,56
s435,8,23
s435,9,54
s435,10,26
s435,11,2
s435,12,27
s435,13,62
s435,14,48
s435,15,81
s435,16,53
s435,17,7
s435,18,113
s435,19,16
s435,20,117
s435,21,11
s435,22,119
s435,23,132
s435,24,21
s435,25,22
s435,26,133
s435,27,13
s435,28,19
s435,29,78
s435,30,135
s435,31,77
s435,32,136
s435,33,12
s435,34,143
s435,35,20
s435,36,146
s435,37,17
s435,38,149
s435,39,168
s435,40,14
s435,41,179
s435,42,191
s435,43,193
s435,44,245
s435,45,15
s435,46,37
s435,47,45
s435,48,246
s435,49,63
s435,50,248
s435,51,5
s435,52,253
s435,53,28
s435,54,34
s435,55,255
s435,56,18
s435,57,256
s435,58,51
s436,1,2
s436,2,5
s436,3,48
s436,4,8
s436,5,1
s436,6,20
s436,7,32
s436,8,27
s436,9,41
s436,10,31
s436,11,110
s436,12,9
s436,13,118
s436,14,17
s436,15,119
s436,16,14
s436,17,139
s436,18,13
s436,19,141
s436,20,16
s436,21,21
s436,22,143
s436,23,144
s436,24,26
s436,25,209
s436,26,245
s436,27,6
s436,28,22
s436,29,29
s436,30,253
s436,31,34
s436,32,40
s436,33,255
s436,34,18
s437,1,2
s437,2,26
s437,3,51
s437,4,8
s437,5,20
s437,6,13
s437,7,41
s437,8,17
s437,9,18
s437,10,33
s437,11,27
s437,12,40
s437,13,38
s437,14,44
s437,15,30
s437,16,111
s437,17,9
s437,18,16
s437,19,113
s437,20,25
s437,21,117
s437,22,132
s437,23,24
s437,24,28
s437,25,31
s437,26,133
s437,27,19
s437,28,22
s437,29,32
s437,30,143
s437,31,15
s437,32,23
s437,33,209
s437,34,245
s437,35,29
s437,36,247
s437,37,34
s437,38,253
s437,39,45
s438,1,1
s438,2,36
s438,3,51
s438,4,5
s438,5,13
s438,6,25
s438,7,8
s438,8,26
s438,9,9
s438,10,61
s438,11,21
s438,12,52
s438,13,14
s438,14,17
s438,15,18
s438,16,22
s438,17,32
s438,18,47
s438,19,24
s438,20,27
s438,21,63
s438,22,34
s438,23,48
s438,24,65
s438,25,28
s438,26,66
s438,27,57
s438,28,74
s438,29,46
s438,30,78
s438,31,79
s438,32,110
s438,33,118
s438,34,31
s438,35,139
s438,36,144
s438,37,29
s438,38,245
s438,39,35
s438,40,50
s438,41,246
s438,42,255
s439,1,2
s439,2,32
s439,3,48
s439,4,8
s439,5,24
s439,6,9
s439,7,61
s439,8,10
s439,9,17
s439,10,12
s439,11,18
s439,12,60
s439,13,31
s439,14,23
s439,15,57
s439,16,35
s439,17,16
s439,18,36
s439,19,68
s439,20,110
s439,21,7
s439,22,58
s439,23,117
s439,24,1
s439,25,118
s439,26,72
s439,27,139
s439,28,13
s439,29,143
s439,30,6
s439,31,144
s439,32,30
s439,33,245
s439,34,56
s439,35,246
s439,36,253
s439,37,22
s440,1,2
s440,2,33
s440,3,37
s440,4,57
s440,5,70
s440,6,8
s440,7,25
s440,8,38
s440,9,11
s440,10,26
s440,11,17
s440,12,12
s440,13,20
s440,14,40
s440,15,35
s440,16,41
s440,17,58
s440,18,110
s440,19,7
s440,20,117
s440,21,1
s440,22,118
s440,23,34
s440,24,139
s440,25,23
s440,26,24
s440,27,143
s440,28,9
s440,29,144
s440,30,27
s440,31,245
s440,32,246
s440,33,19
s440,34,253
s440,35,36
s440,36,255
s441,1,10
s441,2,30
s441,3,46
s441,4,17
s441,5,16
s441,6,18
s441,7,61
s441,8,23
s441,9,68
s441,10,79
s441,11,26
s441,12,59
s441,13,29
s441,14,53
s441,15,35
s441,16,36
s441,17,69
s441,18,110
s441,19,28
s441,20,117
s441,21,13
s441,22,139
s441,23,27
s441,24,143
s441,25,11
s441,26,144
s441,27,33
s441,28,245
s441,29,50
s441,30,62
s441,31,246
s441,32,251
s441,33,40
s441,34,44
s441,35,253
s441,36,286
s442,1,2
s442,2,29
s442,3,45
s442,4,61
s442,5,88
s442,6,8
s442,7,15
s442,8,46
s442,9,11
s442,10,54
s442,11,14
s442,12,36
s442,13,37
s442,14,17
s442,15,24
s442,16,19
s442,17,74
s442,18,20
s442,19,75
s442,20,23
s442,21,26
s442,22,22
s442,23,31
s442,24,35
s442,25,48
s442,26,41
s442,27,78
s442,28,79
s442,29,50
s442,30,110
s442,31,9
s442,32,21
s442,33,117
s442,34,1
s442,35,118
s442,36,27
s442,37,139
s442,38,13
s442,39,143
s442,40,7
s442,41,144
s442,42,245
s442,43,40
s442,44,246
s442,45,253
s442,46,255
s442,47,52
s442,48,73
s443,1,2
s443,2,49
s443,3,50
s443,4,8
s443,5,26
s443,6,9
s443,7,60
s443,8,10
s443,9,24
s443,10,74
s443,11,17
s443,12,13
s443,13,20
s443,14,34
s443,15,40
s443,16,28
s443,17,62
s443,18,110
s443,19,14
s443,20,117
s443,21,3
s443,22,118
s443,23,19
s443,24,245
s443,25,46
s443,26,246
s443,27,249
s443,28,25
s443,29,253
s443,30,36
s443,31,39
s443,32,43
s444,1,2
s444,2,66
s444,3,92
s444,4,8
s444,5,55
s444,6,9
s444,7,100
s444,8,11
s444,9,68
s444,10,13
s444,11,28
s444,12,50
s444,13,17
s444,14,18
s444,15,51
s444,16,19
s444,17,69
s444,18,86
s444,19,22
s444,20,36
s444,21,49
s444,22,26
s444,23,27
s444,24,31
s444,25,35
s444,26,74
s444,27,78
s444,28,1
s444,29,79
s444,30,110
s444,31,10
s444,32,117
s444,33,118
s444,34,29
s444,35,134
s444,36,20
s444,37,33
s444,38,70
s444,39,143
s444,40,30
s444,41,144
s444,42,187
s444,43,189
s444,44,190
s444,45,80
s444,46,245
s444,47,72
s444,48,246
s444,49,15
s444,50,251
s444,51,76
s444,52,87
s444,53,253
s444,54,257
s445,1,2
s445,2,23
s445,3,25
s445,4,46
s445,5,69
s445,6,8
s445,7,16
s445,8,41
s445,9,9
s445,10,30
s445,11,11
s445,12,21
s445,13,17
s445,14,14
s445,15,20
s445,16,36
s445,17,60
s445,18,26
s445,19,27
s445,20,31
s445,21,35
s445,22,15
s445,23,74
s445,24,24
s445,25,78
s445,26,79
s445,27,110
s445,28,117
s445,29,1
s445,30,118
s445,31,139
s445,32,12
s445,33,143
s445,34,7
s445,35,144
s445,36,245
s445,37,45
s445,38,58
s445,39,246
s445,40,6
s445,41,13
s445,42,253
s445,43,39
s445,44,255
s445,45,19
s446,1,2
s446,2,26
s446,3,27
s446,4,8
s446,5,18
s446,6,9
s446,7,34
s446,8,20
s446,9,33
s446,10,74
s446,11,31
s446,12,25
s446,13,30
s446,14,35
s446,15,16
s446,16,36
s446,17,38
s446,18,41
s446,19,24
s446,20,32
s446,21,78
s446,22,15
s446,23,79
s446,24,110
s446,25,117
s446,26,5
s446,27,118
s446,28,28
s446,29,139
s446,30,17
s446,31,143
s446,32,144
s446,33,245
s446,34,43
s446,35,59
s446,36,246
s446,37,253
s446,38,37
s446,39,255
s446,40,21
s447,1,2
s447,2,53
s447,3,89
s447,4,8
s447,5,46
s447,6,9
s447,7,99
s447,8,11
s447,9,25
s447,10,33
s447,11,13
s447,12,47
s447,13,87
s447,14,17
s447,15,1
s447,16,34
s447,17,18
s447,18,100
s447,19,20
s447,20,26
s447,21,36
s447,22,23
s447,23,49
s447,24,86
s447,25,37
s447,26,27
s447,27,31
s447,28,85
s447,29,35
s447,30,41
s447,31,95
s447,32,38
s447,33,110
s447,34,12
s447,35,15
s447,36,113
s447,37,74
s447,38,117
s447,39,16
s447,40,118
s447,41,88
s447,42,133
s447,43,82
s447,44,139
s447,45,143
s447,46,144
s447,47,146
s447,48,149
s447,49,150
s447,50,91
s447,51,245
s447,52,73
s447,53,77
s447,54,246
s447,55,6
s447,56,251
s447,57,58
s447,58,65
s447,59,253
s447,60,256
s447,61,48
s447,62,52
s447,63,286
s448,1,1
s448,2,46
s448,3,62
s448,4,5
s448,5,13
s448,6,16
s448,7,8
s448,8,9
s448,9,30
s448,10,20
s448,11,10
s448,12,24
s448,13,17
s448,14,11
s448,15,34
s448,16,47
s448,17,26
s448,18,27
s448,19,31
s448,20,37
s448,21,56
s448,22,32
s448,23,35
s448,24,36
s448,25,38
s448,26,19
s448,27,33
s448,28,110
s448,29,7
s448,30,114
s448,31,117
s448,32,133
s448,33,28
s448,34,139
s448,35,143
s448,36,146
s448,37,50
s448,38,147
s448,39,51
s448,40,149
s448,41,170
s448,42,53
s448,43,246
s448,44,18
s448,45,254
s448,46,48
s448,47,259
s448,48,23
s449,1,2
s449,2,52
s449,3,80
s449,4,8
s449,5,43
s449,6,11
s449,7,58
s449,8,14
s449,9,29
s449,10,37
s449,11,17
s449,12,23
s449,13,38
s449,14,20
s449,15,55
s449,16,70
s449,17,30
s449,18,26
s449,19,39
s449,20,27
s449,21,31
s449,22,35
s449,23,21
s449,24,25
s449,25,47
s449,26,74
s449,27,24
s449,28,78
s449,29,79
s449,30,66
s449,31,114
s449,32,62
s449,33,117
s449,34,118
s449,35,133
s449,36,19
s449,37,143
s449,38,144
s449,39,147
s449,40,149
s449,41,150
s449,42,246
s449,43,13
s449,44,18
s449,45,253
s449,46,28
s449,47,45
s449,48,255
s449,49,56
s449,50,69
s449,51,256
s449,52,49
s450,1,1
s450,2,20
s450,3,21
s450,4,2
s450,5,22
s450,6,60
s450,7,8
s450,8,11
s450,9,10
s450,10,26
s450,11,17
s450,12,16
s450,13,30
s450,14,19
s450,15,31
s450,16,35
s450,17,36
s450,18,40
s450,19,33
s450,20,110
s450,21,117
s450,22,118
s450,23,25
s450,24,139
s450,25,23
s450,26,143
s450,27,3
s450,28,144
s450,29,29
s450,30,245
s450,31,50
s450,32,246
s450,33,7
s450,34,12
s450,35,253
s450,36,266
s450,37,14
s451,1,2
s451,2,22
s451,3,31
s451,4,8
s451,5,15
s451,6,9
s451,7,40
s451,8,11
s451,9,21
s451,10,23
s451,11,14
s451,12,35
s451,13,58
s451,14,17
s451,15,10
s451,16,24
s451,17,20
s451,18,34
s451,19,26
s451,20,13
s451,21,36
s451,22,39
s451,23,76
s451,24,27
s451,25,78
s451,26,79
s451,27,110
s451,28,12
s451,29,114
s451,30,117
s451,31,5
s451,32,118
s451,33,30
s451,34,134
s451,35,16
s451,36,143
s451,37,144
s451,38,28
s451,39,162
s451,40,187
s451,41,18
s451,42,189
s451,43,190
s451,44,245
s451,45,38
s451,46,50
s451,47,246
s451,48,253
s451,49,29
s451,50,32
s451,51,255
s452,1,2
s452,2,49
s452,3,61
s452,4,8
s452,5,42
s452,6,9
s452,7,70
s452,8,11
s452,9,26
s452,10,37
s452,11,17
s452,12,16
s452,13,18
s452,14,47
s452,15,20
s452,16,35
s452,17,23
s452,18,51
s452,19,36
s452,20,31
s452,21,21
s452,22,60
s452,23,66
s452,24,13
s452,25,48
s452,26,110
s452,27,15
s452,28,117
s452,29,7
s452,30,118
s452,31,25
s452,32,162
s452,33,22
s452,34,246
s452,35,46
s452,36,59
s452,37,253
s452,38,255
s452,39,24
s452,40,256
s452,41,41
s453,1,2
s453,2,47
s453,3,71
s453,4,8
s453,5,29
s453,6,11
s453,7,18
s453,8,23
s453,9,14
s453,10,43
s453,11,55
s453,12,17
s453,13,27
s453,14,20
s453,15,19
s453,16,22
s453,17,40
s453,18,54
s453,19,26
s453,20,28
s453,21,24
s453,22,32
s453,23,35
s453,24,36
s453,25,74
s453,26,34
s453,27,78
s453,28,79
s453,29,134
s453,30,33
s453,31,143
s453,32,9
s453,33,144
s453,34,45
s453,35,162
s453,36,16
s453,37,245
s453,38,39
s453,39,48
s453,40,246
s453,41,6
s453,42,253
s453,43,255
s453,44,257
s454,1,2
s454,2,61
s454,3,69
s454,4,8
s454,5,42
s454,6,11
s454,7,19
s454,8,24
s454,9,13
s454,10,41
s454,11,14
s454,12,38
s454,13,40
s454,14,17
s454,15,25
s454,16,20
s454,17,21
s454,18,22
s454,19,47
s454,20,26
s454,21,31
s454,22,32
s454,23,30
s454,24,35
s454,25,74
s454,26,78
s454,27,79
s454,28,49
s454,29,104
s454,30,108
s454,31,109
s454,32,111
s454,33,117
s454,34,1
s454,35,118
s454,36,16
s454,37,162
s454,38,15
s454,39,187
s454,40,189
s454,41,12
s454,42,190
s454,43,27
s454,44,245
s454,45,45
s454,46,60
s454,47,246
s454,48,7
s454,49,9
s454,50,253
s454,51,39
s454,52,255
s455,1,5
s455,2,1
s455,3,9
s455,4,20
s455,5,11
s455,6,12
s455,7,29
s455,8,14
s455,9,63
s455,10,74
s455,11,17
s455,12,30
s455,13,23
s455,14,57
s455,15,26
s455,16,43
s455,17,31
s455,18,33
s455,19,32
s455,20,19
s455,21,25
s455,22,34
s455,23,35
s455,24,10
s455,25,110
s455,26,21
s455,27,117
s455,28,118
s455,29,27
s455,30,162
s455,31,22
s455,32,179
s455,33,180
s455,34,187
s455,35,189
s455,36,190
s455,37,245
s455,38,38
s455,39,59
s455,40,246
s455,41,8
s455,42,253
s455,43,255
s455,44,18
s456,1,2
s456,2,67
s456,3,75
s456,4,8
s456,5,47
s456,6,11
s456,7,20
s456,8,24
s456,9,13
s456,10,42
s456,11,17
s456,12,12
s456,13,31
s456,14,18
s456,15,28
s456,16,21
s456,17,23
s456,18,37
s456,19,65
s456,20,73
s456,21,26
s456,22,14
s456,23,22
s456,24,66
s456,25,32
s456,26,19
s456,27,35
s456,28,36
s456,29,114
s456,30,117
s456,31,118
s456,32,133
s456,33,16
s456,34,143
s456,35,144
s456,36,162
s456,37,179
s456,38,15
s456,39,180
s456,40,187
s456,41,189
s456,42,190
s456,43,245
s456,44,43
s456,45,246
s456,46,253
s456,47,254
s456,48,38
s456,49,255
s457,1,1
s457,2,50
s457,3,61
s457,4,2
s457,5,27
s457,6,34
s457,7,8
s457,8,22
s457,9,35
s457,10,10
s457,11,17
s457,12,19
s457,13,49
s457,14,20
s457,15,26
s457,16,11
s457,17,30
s457,18,32
s457,19,15
s457,20,74
s457,21,40
s457,22,78
s457,23,6
s457,24,79
s457,25,55
s457,26,110
s457,27,9
s457,28,117
s457,29,118
s457,30,18
s457,31,139
s457,32,143
s457,33,5
s457,34,144
s457,35,162
s457,36,179
s457,37,187
s457,38,24
s457,39,189
s457,40,190
s457,41,246
s457,42,7
s457,43,253
s457,44,48
s457,45,255
s458,1,2
s458,2,50
s458,3,68
s458,4,4
s458,5,18
s458,6,28
s458,7,8
s458,8,13
s458,9,29
s458,10,11
s458,11,14
s458,12,17
s458,13,39
s458,14,20
s458,15,16
s458,16,22
s458,17,26
s458,18,32
s458,19,37
s458,20,35
s458,21,41
s458,22,12
s458,23,30
s458,24,110
s458,25,10
s458,26,117
s458,27,1
s458,28,118
s458,29,15
s458,30,132
s458,31,31
s458,32,139
s458,33,143
s458,34,6
s458,35,144
s458,36,245
s458,37,56
s458,38,246
s458,39,253
s458,40,24
s458,41,257
s458,42,27
s459,1,1
s459,2,34
s459,3,67
s459,4,8
s459,5,27
s459,6,9
s459,7,81
s459,8,10
s459,9,35
s459,10,11
s459,11,21
s459,12,17
s459,13,7
s459,14,18
s459,15,78
s459,16,20
s459,17,28
s459,18,54
s459,19,26
s459,20,71
s459,21,38
s459,22,32
s459,23,114
s459,24,31
s459,25,117
s459,26,22
s459,27,134
s459,28,45
s459,29,137
s459,30,46
s459,31,69
s459,32,143
s459,33,144
s459,34,245
s459,35,63
s459,36,68
s459,37,246
s459,38,6
s459,39,16
s459,40,33
s459,41,253
s459,42,30
s459,43,256
s459,44,43
s460,1,2
s460,2,31
s460,3,63
s460,4,8
s460,5,19
s460,6,10
s460,7,20
s460,8,17
s460,9,9
s460,10,24
s460,11,26
s460,12,14
s460,13,23
s460,14,35
s460,15,74
s460,16,29
s460,17,78
s460,18,79
s460,19,34
s460,20,111
s460,21,5
s460,22,117
s460,23,1
s460,24,118
s460,25,13
s460,26,245
s460,27,38
s460,28,50
s460,29,246
s460,30,7
s460,31,12
s460,32,253
s460,33,27
s461,1,5
s461,2,35
s461,3,38
s461,4,8
s461,5,30
s461,6,9
s461,7,44
s461,8,11
s461,9,18
s461,10,76
s461,11,17
s461,12,10
s461,13,20
s461,14,46
s461,15,26
s461,16,33
s461,17,28
s461,18,34
s461,19,36
s461,20,32
s461,21,15
s461,22,19
s461,23,29
s461,24,25
s461,25,41
s461,26,114
s461,27,1
s461,28,120
s461,29,134
s461,30,14
s461,31,22
s461,32,245
s461,33,43
s461,34,54
s461,35,246
s461,36,6
s461,37,253
s461,38,254
s461,39,266
s462,1,5
s462,2,24
s462,3,28
s462,4,8
s462,5,20
s462,6,9
s462,7,35
s462,8,11
s462,9,16
s462,10,61
s462,11,17
s462,12,18
s462,13,26
s462,14,74
s462,15,13
s462,16,37
s462,17,78
s462,18,4
s462,19,79
s462,20,51
s462,21,245
s462,22,48
s462,23,246
s462,24,6
s462,25,10
s462,26,253
s462,27,19
s462,28,254
s462,29,22
s462,30,31
s463,1,11
s463,2,59
s463,3,17
s463,4,4
s463,5,20
s463,6,36
s463,7,26
s463,8,32
s463,9,18
s463,10,24
s463,11,35
s463,12,12
s463,13,30
s463,14,46
s463,15,53
s463,16,74
s463,17,14
s463,18,43
s463,19,78
s463,20,8
s463,21,79
s463,22,52
s463,23,113
s463,24,9
s463,25,117
s463,26,2
s463,27,134
s463,28,13
s463,29,143
s463,30,146
s463,31,33
s463,32,191
s463,33,246
s463,34,249
s463,35,34
s463,36,252
s463,37,19
s463,38,253
s463,39,27
s464,1,10
s464,2,9
s464,3,19
s464,4,13
s464,5,25
s464,6,33
s464,7,49
s464,8,52
s464,9,14
s464,10,65
s464,11,67
s464,12,17
s464,13,1
s464,14,20
s464,15,34
s464,16,53
s464,17,23
s464,18,26
s464,19,48
s464,20,50
s464,21,51
s464,22,4
s464,23,114
s464,24,118
s464,25,16
s464,26,191
s464,27,245
s464,28,35
s464,29,246
s464,30,5
s464,31,252
s464,32,15
s464,33,18
s464,34,253
s464,35,21
s464,36,257
s464,37,24
s465,1,1
s465,2,72
s465,3,95
s465,4,2
s465,5,26
s465,6,38
s465,7,5
s465,8,50
s465,9,59
s465,10,8
s465,11,17
s465,12,39
s465,13,60
s465,14,9
s465,15,105
s465,16,10
s465,17,56
s465,18,14
s465,19,12
s465,20,47
s465,21,18
s465,22,22
s465,23,20
s465,24,19
s465,25,7
s465,26,35
s465,27,27
s465,28,24
s465,29,28
s465,30,67
s465,31,36
s465,32,41
s465,33,96
s465,34,44
s465,35,54
s465,36,45
s465,37,48
s465,38,33
s465,39,53
s465,40,74
s465,41,78
s465,42,4
s465,43,79
s465,44,58
s465,45,110
s465,46,46
s465,47,51
s465,48,114
s465,49,117
s465,50,118
s465,51,119
s465,52,16
s465,53,132
s465,54,89
s465,55,91
s465,56,97
s465,57,133
s465,58,139
s465,59,52
s465,60,143
s465,61,144
s465,62,55
s465,63,191
s465,64,245
s465,65,32
s465,66,246
s465,67,68
s465,68,247
s465,69,87
s465,70,248
s465,71,49
s465,72,252
s465,73,253
s465,74,25
s465,75,85
s466,1,2
s466,2,49
s466,3,63
s466,4,8
s466,5,38
s466,6,13
s466,7,23
s466,8,26
s466,9,46
s466,10,58
s466,11,14
s466,12,27
s466,13,45
s466,14,17
s466,15,16
s466,16,18
s466,17,22
s466,18,44
s466,19,31
s466,20,19
s466,21,59
s466,22,35
s466,23,11
s466,24,36
s466,25,33
s466,26,113
s466,27,6
s466,28,39
s466,29,114
s466,30,40
s466,31,117
s466,32,1
s466,33,133
s466,34,12
s466,35,134
s466,36,50
s466,37,147
s466,38,149
s466,39,150
s466,40,245
s466,41,246
s466,42,15
s466,43,253
s466,44,24
s466,45,32
s466,46,257
s466,47,20
s467,1,23
s467,2,25
s467,3,63
s467,4,26
s467,5,19
s467,6,32
s467,7,35
s467,8,17
s467,9,48
s467,10,18
s467,11,53
s467,12,10
s467,13,113
s467,14,5
s467,15,114
s467,16,1
s467,17,4
s467,18,133
s467,19,7
s467,20,143
s467,21,146
s467,22,149
s467,23,170
s467,24,21
s467,25,39
s467,26,191
s467,27,246
s467,28,15
s467,29,30
s467,30,43
s467,31,252
s467,32,22
s467,33,253
s467,34,24
s467,35,28
s468,1,2
s468,2,23
s468,3,66
s468,4,8
s468,5,15
s468,6,13
s468,7,30
s468,8,50
s468,9,14
s468,10,51
s468,11,17
s468,12,19
s468,13,22
s468,14,24
s468,15,26
s468,16,31
s468,17,20
s468,18,48
s468,19,32
s468,20,49
s468,21,35
s468,22,9
s468,23,34
s468,24,53
s468,25,113
s468,26,10
s468,27,117
s468,28,1
s468,29,133
s468,30,47
s468,31,134
s468,32,143
s468,33,5
s468,34,147
s468,35,11
s468,36,149
s468,37,191
s468,38,246
s468,39,253
s468,40,27
s468,41,267
s469,1,11
s469,2,17
s469,3,19
s469,4,14
s469,5,37
s469,6,81
s469,7,9
s469,8,20
s469,9,31
s469,10,33
s469,11,46
s469,12,35
s469,13,22
s469,14,36
s469,15,52
s469,16,41
s469,17,38
s469,18,58
s469,19,110
s469,20,10
s469,21,34
s469,22,44
s469,23,111
s469,24,117
s469,25,1
s469,26,118
s469,27,68
s469,28,119
s469,29,121
s469,30,26
s469,31,139
s469,32,27
s469,33,143
s469,34,144
s469,35,50
s469,36,182
s469,37,66
s469,38,189
s469,39,246
s469,40,7
s469,41,12
s469,42,250
s469,43,28
s469,44,253
s469,45,25
s469,46,39
s469,47,256
s469,48,43
s469,49,286
s470,1,1
s470,2,86
s470,3,124
s470,4,2
s470,5,44
s470,6,45
s470,7,5
s470,8,55
s470,9,61
s470,10,8
s470,11,32
s470,12,46
s470,13,77
s470,14,9
s470,15,67
s470,16,13
s470,17,19
s470,18,82
s470,19,108
s470,20,26
s470,21,74
s470,22,27
s470,23,31
s470,24,75
s470,25,98
s470,26,35
s470,27,62
s470,28,36
s470,29,42
s470,30,7
s470,31,49
s470,32,78
s470,33,79
s470,34,96
s470,35,110
s470,36,118
s470,37,119
s470,38,38
s470,39,43
s470,40,120
s470,41,4
s470,42,134
s470,43,50
s470,44,87
s470,45,137
s470,46,144
s470,47,245
s470,48,48
s470,49,84
s470,50,88
s470,51,113
s470,52,116
s470,53,246
s470,54,18
s470,55,253
s470,56,57
s470,57,64
s470,58,68
s471,1,2
s471,2,85
s471,3,112
s471,4,5
s471,5,53
s471,6,55
s471,7,8
s471,8,46
s471,9,80
s471,10,9
s471,11,59
s471,12,10
s471,13,62
s471,14,86
s471,15,11
s471,16,22
s471,17,36
s471,18,14
s471,19,96
s471,20,17
s471,21,56
s471,22,87
s471,23,18
s471,24,45
s471,25,20
s471,26,23
s471,27,37
s471,28,76
s471,29,97
s471,30,26
s471,31,64
s471,32,27
s471,33,31
s471,34,35
s471,35,81
s471,36,40
s471,37,63
s471,38,16
s471,39,25
s471,40,66
s471,41,44
s471,42,110
s471,43,7
s471,44,43
s471,45,61
s471,46,117
s471,47,1
s471,48,118
s471,49,139
s471,50,13
s471,51,42
s471,52,143
s471,53,4
s471,54,38
s471,55,144
s471,56,245
s471,57,30
s471,58,41
s471,59,246
s471,60,58
s471,61,253
s471,62,75
s471,63,265
s471,64,286
s472,1,11
s472,2,6
s472,3,13
s472,4,24
s472,5,62
s472,6,17
s472,7,1
s472,8,12
s472,9,22
s472,10,25
s472,11,26
s472,12,16
s472,13,31
s472,14,35
s472,15,5
s472,16,41
s472,17,7
s472,18,14
s472,19,111
s472,20,117
s472,21,118
s472,22,245
s472,23,43
s472,24,254
s472,25,20
s472,26,27
s472,27,255
s472,28,8
s472,29,288
s473,1,2
s473,2,38
s473,3,64
s473,4,8
s473,5,34
s473,6,9
s473,7,73
s473,8,13
s473,9,15
s473,10,80
s473,11,17
s473,12,1
s473,13,32
s473,14,40
s473,15,75
s473,16,35
s473,17,30
s473,18,36
s473,19,48
s473,20,74
s473,21,23
s473,22,72
s473,23,78
s473,24,12
s473,25,79
s473,26,113
s473,27,7
s473,28,117
s473,29,133
s473,30,143
s473,31,146
s473,32,10
s473,33,149
s473,34,245
s473,35,25
s473,36,248
s473,37,14
s473,38,21
s473,39,253
s473,40,39
s473,41,70
s474,1,2
s474,2,66
s474,3,73
s474,4,8
s474,5,61
s474,6,13
s474,7,14
s474,8,1
s474,9,12
s474,10,22
s474,11,20
s474,12,49
s474,13,26
s474,14,27
s474,15,31
s474,16,35
s474,17,36
s474,18,74
s474,19,16
s474,20,78
s474,21,7
s474,22,79
s474,23,62
s474,24,97
s474,25,50
s474,26,108
s474,27,109
s474,28,133
s474,29,15
s474,30,43
s474,31,143
s474,32,11
s474,33,144
s474,34,245
s474,35,38
s474,36,246
s474,37,253
s474,38,28
s474,39,34
s474,40,255
s475,1,2
s475,2,40
s475,3,73
s475,4,8
s475,5,34
s475,6,10
s475,7,17
s475,8,1
s475,9,19
s475,10,45
s475,11,23
s475,12,16
s475,13,25
s475,14,26
s475,15,11
s475,16,31
s475,17,33
s475,18,59
s475,19,35
s475,20,27
s475,21,36
s475,22,41
s475,23,21
s475,24,28
s475,25,110
s475,26,113
s475,27,117
s475,28,119
s475,29,132
s475,30,29
s475,31,30
s475,32,39
s475,33,44
s475,34,137
s475,35,64
s475,36,139
s475,37,143
s475,38,18
s475,39,144
s475,40,151
s475,41,46
s475,42,164
s475,43,49
s475,44,245
s475,45,13
s475,46,254
s475,47,65
s475,48,255
s476,1,2
s476,2,15
s476,3,24
s476,4,41
s476,5,63
s476,6,8
s476,7,9
s476,8,35
s476,9,28
s476,10,20
s476,11,55
s476,12,23
s476,13,22
s476,14,26
s476,15,34
s476,16,27
s476,17,32
s476,18,31
s476,19,14
s476,20,3
s476,21,36
s476,22,48
s476,23,21
s476,24,53
s476,25,6
s476,26,73
s476,27,17
s476,28,78
s476,29,11
s476,30,79
s476,31,113
s476,32,117
s476,33,1
s476,34,133
s476,35,143
s476,36,146
s476,37,149
s476,38,170
s476,39,191
s476,40,246
s476,41,37
s476,42,54
s476,43,247
s476,44,13
s476,45,252
s476,46,18
s476,47,253
s476,48,33
s477,1,1
s477,2,17
s477,3,76
s477,4,8
s477,5,9
s477,6,10
s477,7,15
s477,8,7
s477,9,28
s477,10,33
s477,11,61
s477,12,35
s477,13,36
s477,14,70
s477,15,29
s477,16,62
s477,17,78
s477,18,14
s477,19,79
s477,20,110
s477,21,117
s477,22,3
s477,23,139
s477,24,12
s477,25,143
s477,26,6
s477,27,195
s477,28,246
s477,29,247
s477,30,19
s477,31,253
s477,32,27
s477,33,32
s477,34,266
s477,35,21
s477,36,24
s478,1,2
s478,2,41
s478,3,80
s478,4,8
s478,5,27
s478,6,14
s478,7,19
s478,8,17
s478,9,12
s478,10,22
s478,11,30
s478,12,70
s478,13,23
s478,14,26
s478,15,29
s478,16,71
s478,17,18
s478,18,31
s478,19,50
s478,20,32
s478,21,51
s478,22,35
s478,23,47
s478,24,49
s478,25,43
s478,26,53
s478,27,44
s478,28,114
s478,29,1
s478,30,6
s478,31,118
s478,32,11
s478,33,137
s478,34,144
s478,35,154
s478,36,33
s478,37,191
s478,38,245
s478,39,67
s478,40,246
s478,41,7
s478,42,15
s478,43,253
s478,44,36
s478,45,38
s478,46,255
s478,47,21
s478,48,257
s478,49,40
s478,50,42
s479,1,1
s479,2,84
s479,3,98
s479,4,2
s479,5,26
s479,6,40
s479,7,5
s479,8,58
s479,9,66
s479,10,8
s479,11,18
s479,12,41
s479,13,67
s479,14,10
s479,15,82
s479,16,13
s479,17,15
s479,18,61
s479,19,17
s479,20,62
s479,21,19
s479,22,75
s479,23,23
s479,24,44
s479,25,21
s479,26,27
s479,27,65
s479,28,31
s479,29,14
s479,30,73
s479,31,35
s479,32,36
s479,33,55
s479,34,49
s479,35,39
s479,36,53
s479,37,9
s479,38,54
s479,39,46
s479,40,74
s479,41,78
s479,42,79
s479,43,90
s479,44,110
s479,45,43
s479,46,68
s479,47,117
s479,48,118
s479,49,76
s479,50,134
s479,51,50
s479,52,139
s479,53,60
s479,54,143
s479,55,38
s479,56,51
s479,57,144
s479,58,72
s479,59,154
s479,60,16
s479,61,20
s479,62,179
s479,63,11
s479,64,180
s479,65,25
s479,66,191
s479,67,245
s479,68,34
s479,69,246
s479,70,250
s479,71,47
s479,72,253
s479,73,255
s479,74,256
s479,75,70
s480,1,1
s480,2,88
s480,3,119
s480,4,8
s480,5,77
s480,6,10
s480,7,17
s480,8,38
s480,9,108
s480,10,11
s480,11,16
s480,12,13
s480,13,53
s480,14,90
s480,15,2
s480,16,39
s480,17,91
s480,18,31
s480,19,60
s480,20,35
s480,21,40
s480,22,9
s480,23,20
s480,24,42
s480,25,26
s480,26,74
s480,27,18
s480,28,75
s480,29,67
s480,30,107
s480,31,78
s480,32,61
s480,33,79
s480,34,113
s480,35,117
s480,36,19
s480,37,132
s480,38,118
s480,39,133
s480,40,143
s480,41,161
s480,42,14
s480,43,173
s480,44,246
s480,45,30
s480,46,51
s480,47,55
s480,48,63
s480,49,247
s480,50,253
s480,51,21
s480,52,22
s480,53,66
s480,54,83
s480,55,87
s480,56,256
s480,57,27
s480,58,266
s480,59,12
s480,60,289
s481,1,2
s481,2,81
s481,3,95
s481,4,121
s481,5,186
s481,6,8
s481,7,61
s481,8,107
s481,9,9
s481,10,99
s481,11,10
s481,12,39
s481,13,45
s481,14,110
s481,15,124
s481,16,11
s481,17,96
s481,18,109
s481,19,13
s481,20,66
s481,21,143
s481,22,178
s481,23,14
s481,24,179
s481,25,17
s481,26,16
s481,27,46
s481,28,82
s481,29,125
s481,30,20
s481,31,23
s481,32,148
s481,33,155
s481,34,26
s481,35,141
s481,36,156
s481,37,31
s481,38,68
s481,39,108
s481,40,147
s481,41,157
s481,42,35
s481,43,56
s481,44,140
s481,45,36
s481,46,122
s481,47,166
s481,48,73
s481,49,25
s481,50,78
s481,51,1
s481,52,79
s481,53,134
s481,54,49
s481,55,57
s481,56,113
s481,57,117
s481,58,58
s481,59,119
s481,60,70
s481,61,76
s481,62,84
s481,63,94
s481,64,106
s481,65,136
s481,66,102
s481,67,137
s481,68,101
s481,69,67
s481,70,146
s481,71,105
s481,72,245
s481,73,163
s481,74,168
s481,75,246
s481,76,247
s481,77,50
s481,78,52
s481,79,249
s481,80,120
s481,81,253
s481,82,60
s481,83,91
s481,84,97
s481,85,259
s481,86,145
s481,87,153
s481,88,262
s481,89,175
s481,90,268
s481,91,135
s482,1,2
s482,2,28
s482,3,29
s482,4,5
s482,5,1
s482,6,12
s482,7,8
s482,8,21
s482,9,9
s482,10,18
s482,11,38
s482,12,13
s482,13,15
s482,14,70
s482,15,17
s482,16,6
s482,17,22
s482,18,50
s482,19,23
s482,20,51
s482,21,26
s482,22,31
s482,23,35
s482,24,14
s482,25,75
s482,26,48
s482,27,78
s482,28,11
s482,29,79
s482,30,66
s482,31,113
s482,32,16
s482,33,117
s482,34,7
s482,35,134
s482,36,143
s482,37,183
s482,38,27
s482,39,184
s482,40,20
s482,41,187
s482,42,189
s482,43,30
s482,44,190
s482,45,246
s482,46,251
s482,47,45
s482,48,61
s482,49,253
s482,50,25
s482,51,33
s482,52,39
s482,53,41
s482,54,255
s483,1,1
s483,2,49
s483,3,88
s483,4,4
s483,5,17
s483,6,21
s483,7,8
s483,8,7
s483,9,33
s483,10,9
s483,11,25
s483,12,10
s483,13,40
s483,14,72
s483,15,11
s483,16,24
s483,17,39
s483,18,15
s483,19,18
s483,20,19
s483,21,30
s483,22,73
s483,23,26
s483,24,27
s483,25,31
s483,26,35
s483,27,74
s483,28,38
s483,29,78
s483,30,79
s483,31,53
s483,32,110
s483,33,22
s483,34,117
s483,35,118
s483,36,139
s483,37,143
s483,38,144
s483,39,23
s483,40,246
s483,41,253
s483,42,45
s483,43,57
s483,44,255
s483,45,259
s483,46,34
s484,1,2
s484,2,30
s484,3,62
s484,4,8
s484,5,24
s484,6,11
s484,7,17
s484,8,19
s484,9,23
s484,10,26
s484,11,15
s484,12,31
s484,13,18
s484,14,54
s484,15,32
s484,16,58
s484,17,35
s484,18,9
s484,19,55
s484,20,38
s484,21,51
s484,22,41
s484,23,14
s484,24,74
s484,25,29
s484,26,78
s484,27,79
s484,28,52
s484,29,110
s484,30,16
s484,31,117
s484,32,1
s484,33,118
s484,34,22
s484,35,122
s484,36,7
s484,37,139
s484,38,10
s484,39,143
s484,40,144
s484,41,20
s484,42,245
s484,43,247
s484,44,21
s484,45,259
s484,46,27
s484,47,28
s485,1,2
s485,2,54
s485,3,68
s485,4,8
s485,5,49
s485,6,9
s485,7,73
s485,8,13
s485,9,27
s485,10,81
s485,11,17
s485,12,20
s485,13,11
s485,14,18
s485,15,22
s485,16,60
s485,17,23
s485,18,30
s485,19,59
s485,20,26
s485,21,1
s485,22,19
s485,23,31
s485,24,12
s485,25,35
s485,26,5
s485,27,40
s485,28,7
s485,29,97
s485,30,38
s485,31,74
s485,32,108
s485,33,109
s485,34,134
s485,35,67
s485,36,143
s485,37,144
s485,38,187
s485,39,189
s485,40,14
s485,41,245
s485,42,50
s485,43,246
s485,44,46
s485,45,253
s485,46,259
s485,47,21
s486,1,2
s486,2,52
s486,3,61
s486,4,5
s486,5,9
s486,6,10
s486,7,8
s486,8,1
s486,9,49
s486,10,17
s486,11,11
s486,12,16
s486,13,21
s486,14,14
s486,15,37
s486,16,22
s486,17,20
s486,18,18
s486,19,23
s486,20,31
s486,21,36
s486,22,26
s486,23,24
s486,24,29
s486,25,35
s486,26,42
s486,27,25
s486,28,97
s486,29,45
s486,30,55
s486,31,108
s486,32,28
s486,33,109
s486,34,110
s486,35,117
s486,36,118
s486,37,132
s486,38,139
s486,39,7
s486,40,143
s486,41,144
s486,42,13
s486,43,246
s486,44,253
s486,45,30
s486,46,255
s486,47,38
s486,48,259
s487,1,2
s487,2,18
s487,3,56
s487,4,8
s487,5,9
s487,6,10
s487,7,17
s487,8,4
s487,9,19
s487,10,7
s487,11,39
s487,12,20
s487,13,40
s487,14,26
s487,15,31
s487,16,24
s487,17,32
s487,18,25
s487,19,37
s487,20,35
s487,21,36
s487,22,52
s487,23,42
s487,24,73
s487,25,78
s487,26,79
s487,27,134
s487,28,11
s487,29,38
s487,30,143
s487,31,1
s487,32,144
s487,33,49
s487,34,245
s487,35,15
s487,36,255
s487,37,33
s487,38,47
s487,39,258
s487,40,12
s488,1,2
s488,2,23
s488,3,72
s488,4,8
s488,5,15
s488,6,10
s488,7,13
s488,8,22
s488,9,39
s488,10,17
s488,11,1
s488,12,20
s488,13,27
s488,14,57
s488,15,26
s488,16,47
s488,17,38
s488,18,55
s488,19,40
s488,20,11
s488,21,73
s488,22,24
s488,23,35
s488,24,78
s488,25,9
s488,26,79
s488,27,99
s488,28,36
s488,29,67
s488,30,108
s488,31,109
s488,32,113
s488,33,30
s488,34,114
s488,35,29
s488,36,117
s488,37,132
s488,38,70
s488,39,133
s488,40,28
s488,41,69
s488,42,143
s488,43,145
s488,44,56
s488,45,146
s488,46,149
s488,47,150
s488,48,249
s488,49,7
s488,50,250
s488,51,45
s488,52,253
s488,53,32
s488,54,58
s488,55,259
s488,56,16
s489,1,2
s489,2,22
s489,3,58
s489,4,8
s489,5,14
s489,6,10
s489,7,25
s489,8,17
s489,9,19
s489,10,18
s489,11,26
s489,12,12
s489,13,31
s489,14,20
s489,15,34
s489,16,35
s489,17,5
s489,18,36
s489,19,50
s489,20,49
s489,21,40
s489,22,51
s489,23,30
s489,24,53
s489,25,74
s489,26,78
s489,27,11
s489,28,79
s489,29,114
s489,30,1
s489,31,120
s489,32,133
s489,33,134
s489,34,37
s489,35,143
s489,36,146
s489,37,15
s489,38,38
s489,39,149
s489,40,150
s489,41,187
s489,42,21
s489,43,189
s489,44,190
s489,45,23
s489,46,245
s489,47,33
s489,48,246
s489,49,9
s489,50,253
s489,51,24
s490,1,2
s490,2,21
s490,3,48
s490,4,8
s490,5,13
s490,6,9
s490,7,57
s490,8,11
s490,9,44
s490,10,52
s490,11,79
s490,12,17
s490,13,45
s490,14,19
s490,15,39
s490,16,22
s490,17,64
s490,18,26
s490,19,46
s490,20,29
s490,21,1
s490,22,32
s490,23,16
s490,24,35
s490,25,10
s490,26,73
s490,27,78
s490,28,14
s490,29,113
s490,30,117
s490,31,7
s490,32,133
s490,33,24
s490,34,53
s490,35,134
s490,36,54
s490,37,143
s490,38,146
s490,39,15
s490,40,47
s490,41,147
s490,42,149
s490,43,245
s490,44,66
s490,45,246
s490,46,12
s490,47,249
s490,48,43
s490,49,253
s490,50,38
s490,51,259
s490,52,20
s490,53,286
s491,1,2
s491,2,22
s491,3,25
s491,4,47
s491,5,70
s491,6,8
s491,7,15
s491,8,34
s491,9,9
s491,10,31
s491,11,13
s491,12,10
s491,13,17
s491,14,1
s491,15,38
s491,16,30
s491,17,73
s491,18,42
s491,19,78
s491,20,79
s491,21,58
s491,22,113
s491,23,6
s491,24,117
s491,25,136
s491,26,18
s491,27,49
s491,28,137
s491,29,7
s491,30,50
s491,31,143
s491,32,3
s491,33,147
s491,34,64
s491,35,149
s491,36,150
s491,37,245
s491,38,56
s491,39,246
s491,40,12
s491,41,253
s491,42,33
s491,43,255
s491,44,259
s491,45,21
s491,46,28
s492,1,2
s492,2,17
s492,3,23
s492,4,8
s492,5,11
s492,6,9
s492,7,32
s492,8,10
s492,9,69
s492,10,20
s492,11,34
s492,12,26
s492,13,24
s492,14,31
s492,15,15
s492,16,35
s492,17,36
s492,18,29
s492,19,38
s492,20,58
s492,21,74
s492,22,16
s492,23,78
s492,24,79
s492,25,48
s492,26,114
s492,27,117
s492,28,1
s492,29,118
s492,30,18
s492,31,134
s492,32,143
s492,33,4
s492,34,144
s492,35,13
s492,36,245
s492,37,246
s492,38,7
s492,39,14
s492,40,253
s492,41,27
s492,42,259
s492,43,21
s493,1,1
s493,2,100
s493,3,128
s493,4,8
s493,5,72
s493,6,10
s493,7,104
s493,8,11
s493,9,16
s493,10,33
s493,11,13
s493,12,46
s493,13,94
s493,14,17
s493,15,34
s493,16,95
s493,17,19
s493,18,103
s493,19,23
s493,20,36
s493,21,89
s493,22,26
s493,23,30
s493,24,90
s493,25,32
s493,26,55
s493,27,35
s493,28,44
s493,29,38
s493,30,83
s493,31,41
s493,32,24
s493,33,37
s493,34,97
s493,35,58
s493,36,108
s493,37,47
s493,38,109
s493,39,116
s493,40,110
s493,41,12
s493,42,117
s493,43,118
s493,44,132
s493,45,85
s493,46,133
s493,47,84
s493,48,139
s493,49,143
s493,50,25
s493,51,144
s493,52,147
s493,53,149
s493,54,15
s493,55,150
s493,56,187
s493,57,50
s493,58,189
s493,59,190
s493,60,245
s493,61,56
s493,62,246
s493,63,247
s493,64,253
s493,65,45
s493,66,49
s493,67,259
s493,68,7
s493,69,39
s493,70,101
s493,71,112
s493,72,279
s493,73,31
s494,1,1
s494,2,46
s494,3,67
s494,4,2
s494,5,11
s494,6,45
s494,7,8
s494,8,10
s494,9,55
s494,10,13
s494,11,9
s494,12,36
s494,13,17
s494,14,37
s494,15,20
s494,16,53
s494,17,22
s494,18,23
s494,19,12
s494,20,26
s494,21,38
s494,22,31
s494,23,42
s494,24,35
s494,25,4
s494,26,43
s494,27,40
s494,28,97
s494,29,108
s494,30,109
s494,31,114
s494,32,18
s494,33,117
s494,34,118
s494,35,134
s494,36,29
s494,37,143
s494,38,144
s494,39,41
s494,40,146
s494,41,39
s494,42,147
s494,43,49
s494,44,149
s494,45,150
s494,46,58
s494,47,187
s494,48,189
s494,49,5
s494,50,190
s494,51,247
s494,52,253
s494,53,33
s494,54,54
s494,55,258
s494,56,15
s494,57,262
s494,58,62
s495,1,2
s495,2,9
s495,3,53
s495,4,8
s495,5,1
s495,6,10
s495,7,17
s495,8,29
s495,9,42
s495,10,31
s495,11,11
s495,12,25
s495,13,35
s495,14,5
s495,15,26
s495,16,41
s495,17,15
s495,18,22
s495,19,73
s495,20,24
s495,21,78
s495,22,4
s495,23,79
s495,24,34
s495,25,113
s495,26,117
s495,27,134
s495,28,143
s495,29,146
s495,30,149
s495,31,247
s495,32,253
s495,33,30
s495,34,258
s495,35,20
s495,36,259
s495,37,23
s495,38,262
s495,39,44
s495,40,48
s495,41,291
s496,1,1
s496,2,55
s496,3,84
s496,4,8
s496,5,34
s496,6,10
s496,7,15
s496,8,16
s496,9,13
s496,10,31
s496,11,17
s496,12,20
s496,13,22
s496,14,26
s496,15,7
s496,16,27
s496,17,9
s496,18,42
s496,19,32
s496,20,43
s496,21,71
s496,22,35
s496,23,4
s496,24,36
s496,25,73
s496,26,33
s496,27,78
s496,28,11
s496,29,79
s496,30,51
s496,31,113
s496,32,117
s496,33,135
s496,34,141
s496,35,12
s496,36,143
s496,37,146
s496,38,75
s496,39,149
s496,40,150
s496,41,152
s496,42,19
s496,43,245
s496,44,56
s496,45,70
s496,46,247
s496,47,253
s496,48,39
s496,49,50
s496,50,258
s496,51,21
s497,1,2
s497,2,19
s497,3,23
s497,4,8
s497,5,15
s497,6,9
s497,7,35
s497,8,10
s497,9,55
s497,10,60
s497,11,11
s497,12,71
s497,13,75
s497,14,13
s497,15,36
s497,16,17
s497,17,12
s497,18,37
s497,19,61
s497,20,20
s497,21,16
s497,22,26
s497,23,31
s497,24,1
s497,25,42
s497,26,50
s497,27,113
s497,28,27
s497,29,117
s497,30,118
s497,31,133
s497,32,64
s497,33,143
s497,34,144
s497,35,146
s497,36,41
s497,37,147
s497,38,149
s497,39,150
s497,40,187
s497,41,24
s497,42,62
s497,43,189
s497,44,190
s497,45,245
s497,46,51
s497,47,247
s497,48,253
s497,49,22
s497,50,258
s497,51,262
s497,52,59
s497,53,65
s498,1,1
s498,2,57
s498,3,73
s498,4,2
s498,5,23
s498,6,24
s498,7,8
s498,8,15
s498,9,36
s498,10,9
s498,11,28
s498,12,10
s498,13,7
s498,14,13
s498,15,16
s498,16,17
s498,17,12
s498,18,26
s498,19,27
s498,20,53
s498,21,31
s498,22,32
s498,23,35
s498,24,38
s498,25,40
s498,26,5
s498,27,11
s498,28,70
s498,29,52
s498,30,14
s498,31,78
s498,32,25
s498,33,113
s498,34,114
s498,35,43
s498,36,117
s498,37,118
s498,38,119
s498,39,136
s498,40,143
s498,41,146
s498,42,149
s498,43,150
s498,44,37
s498,45,187
s498,46,58
s498,47,189
s498,48,47
s498,49,245
s498,50,247
s498,51,253
s498,52,258
s498,53,20
s498,54,262
s498,55,65
s498,56,295
s499,1,2
s499,2,9
s499,3,11
s499,4,8
s499,5,5
s499,6,15
s499,7,10
s499,8,12
s499,9,28
s499,10,13
s499,11,39
s499,12,83
s499,13,14
s499,14,1
s499,15,17
s499,16,3
s499,17,29
s499,18,20
s499,19,65
s499,20,26
s499,21,48
s499,22,71
s499,23,31
s499,24,42
s499,25,35
s499,26,43
s499,27,40
s499,28,69
s499,29,73
s499,30,16
s499,31,78
s499,32,79
s499,33,113
s499,34,7
s499,35,117
s499,36,119
s499,37,21
s499,38,133
s499,39,143
s499,40,152
s499,41,187
s499,42,23
s499,43,44
s499,44,245
s499,45,47
s499,46,52
s499,47,247
s499,48,253
s499,49,27
s499,50,32
s499,51,37
s499,52,259
s499,53,262
s499,54,64
s499,55,295
s500,1,2
s500,2,40
s500,3,81
s500,4,8
s500,5,30
s500,6,10
s500,7,12
s500,8,22
s500,9,13
s500,10,37
s500,11,17
s500,12,1
s500,13,23
s500,14,31
s500,15,19
s500,16,26
s500,17,35
s500,18,36
s500,19,73
s500,20,55
s500,21,78
s500,22,14
s500,23,79
s500,24,68
s500,25,113
s500,26,11
s500,27,117
s500,28,119
s500,29,120
s500,30,132
s500,31,69
s500,32,70
s500,33,133
s500,34,28
s500,35,134
s500,36,27
s500,37,143
s500,38,6
s500,39,144
s500,40,147
s500,41,34
s500,42,164
s500,43,54
s500,44,247
s500,45,25
s500,46,253
s500,47,255
s500,48,42
s500,49,53
s500,50,262
s500,51,57
s500,52,295
s501,1,5
s501,2,19
s501,3,20
s501,4,8
s501,5,10
s501,6,9
s501,7,23
s501,8,11
s501,9,18
s501,10,13
s501,11,24
s501,12,48
s501,13,17
s501,14,61
s501,15,76
s501,16,22
s501,17,33
s501,18,26
s501,19,12
s501,20,34
s501,21,29
s501,22,31
s501,23,38
s501,24,35
s501,25,36
s501,26,49
s501,27,40
s501,28,74
s501,29,47
s501,30,78
s501,31,79
s501,32,60
s501,33,110
s501,34,113
s501,35,32
s501,36,64
s501,37,117
s501,38,1
s501,39,27
s501,40,118
s501,41,119
s501,42,14
s501,43,133
s501,44,30
s501,45,65
s501,46,139
s501,47,21
s501,48,143
s501,49,144
s501,50,187
s501,51,189
s501,52,190
s501,53,245
s501,54,58
s501,55,246
s501,56,255
s501,57,264
s501,58,28
s502,1,5
s502,2,39
s502,3,42
s502,4,8
s502,5,33
s502,6,9
s502,7,51
s502,8,13
s502,9,21
s502,10,61
s502,11,17
s502,12,14
s502,13,22
s502,14,30
s502,15,26
s502,16,31
s502,17,45
s502,18,35
s502,19,36
s502,20,54
s502,21,49
s502,22,25
s502,23,53
s502,24,74
s502,25,19
s502,26,43
s502,27,78
s502,28,7
s502,29,79
s502,30,133
s502,31,143
s502,32,187
s502,33,189
s502,34,190
s502,35,191
s502,36,246
s502,37,20
s502,38,253
s502,39,268
s502,40,32
s503,1,2
s503,2,18
s503,3,21
s503,4,8
s503,5,9
s503,6,28
s503,7,13
s503,8,20
s503,9,50
s503,10,66
s503,11,15
s503,12,49
s503,13,17
s503,14,11
s503,15,22
s503,16,48
s503,17,26
s503,18,35
s503,19,31
s503,20,32
s503,21,51
s503,22,74
s503,23,16
s503,24,37
s503,25,78
s503,26,6
s503,27,79
s503,28,52
s503,29,97
s503,30,40
s503,31,108
s503,32,109
s503,33,57
s503,34,114
s503,35,1
s503,36,42
s503,37,118
s503,38,133
s503,39,12
s503,40,143
s503,41,147
s503,42,245
s503,43,39
s503,44,56
s503,45,246
s503,46,253
s503,47,29
s503,48,256
s503,49,30
s503,50,34
s504,1,2
s504,2,25
s504,3,35
s504,4,8
s504,5,19
s504,6,9
s504,7,43
s504,8,14
s504,9,64
s504,10,72
s504,11,17
s504,12,22
s504,13,57
s504,14,26
s504,15,31
s504,16,20
s504,17,73
s504,18,54
s504,19,78
s504,20,10
s504,21,79
s504,22,71
s504,23,110
s504,24,6
s504,25,117
s504,26,1
s504,27,118
s504,28,27
s504,29,139
s504,30,7
s504,31,24
s504,32,143
s504,33,144
s504,34,147
s504,35,149
s504,36,150
s504,37,36
s504,38,162
s504,39,28
s504,40,245
s504,41,32
s504,42,37
s504,43,46
s504,44,246
s504,45,255
s504,46,256
s504,47,41
s505,1,11
s505,2,16
s505,3,26
s505,4,14
s505,5,40
s505,6,68
s505,7,17
s505,8,1
s505,9,27
s505,10,20
s505,11,21
s505,12,23
s505,13,39
s505,14,7
s505,15,22
s505,16,31
s505,17,35
s505,18,6
s505,19,74
s505,20,32
s505,21,75
s505,22,36
s505,23,43
s505,24,78
s505,25,33
s505,26,79
s505,27,59
s505,28,110
s505,29,114
s505,30,117
s505,31,8
s505,32,118
s505,33,147
s505,34,15
s505,35,149
s505,36,12
s505,37,150
s505,38,162
s505,39,245
s505,40,44
s505,41,57
s505,42,246
s505,43,253
s505,44,28
s505,45,30
s505,46,254
s505,47,255
s505,48,18
s506,1,10
s506,2,17
s506,3,21
s506,4,13
s506,5,38
s506,6,75
s506,7,6
s506,8,22
s506,9,23
s506,10,36
s506,11,26
s506,12,19
s506,13,31
s506,14,46
s506,15,35
s506,16,8
s506,17,62
s506,18,67
s506,19,63
s506,20,73
s506,21,28
s506,22,78
s506,23,1
s506,24,29
s506,25,79
s506,26,71
s506,27,114
s506,28,118
s506,29,30
s506,30,147
s506,31,5
s506,32,149
s506,33,150
s506,34,162
s506,35,15
s506,36,20
s506,37,245
s506,38,49
s506,39,246
s506,40,11
s506,41,253
s506,42,254
s506,43,44
s506,44,255
s507,1,1
s507,2,21
s507,3,33
s507,4,55
s507,5,79
s507,6,8
s507,7,16
s507,8,34
s507,9,10
s507,10,13
s507,11,20
s507,12,30
s507,13,17
s507,14,3
s507,15,22
s507,16,26
s507,17,31
s507,18,18
s507,19,35
s507,20,73
s507,21,36
s507,22,78
s507,23,49
s507,24,99
s507,25,27
s507,26,54
s507,27,108
s507,28,109
s507,29,65
s507,30,113
s507,31,9
s507,32,117
s507,33,133
s507,34,134
s507,35,15
s507,36,143
s507,37,146
s507,38,62
s507,39,147
s507,40,68
s507,41,149
s507,42,7
s507,43,63
s507,44,246
s507,45,247
s507,46,19
s507,47,253
s507,48,41
s507,49,255
s507,50,37
s508,1,1
s508,2,62
s508,3,73
s508,4,8
s508,5,40
s508,6,11
s508,7,50
s508,8,13
s508,9,19
s508,10,17
s508,11,7
s508,12,41
s508,13,49
s508,14,22
s508,15,24
s508,16,37
s508,17,26
s508,18,10
s508,19,38
s508,20,28
s508,21,59
s508,22,63
s508,23,31
s508,24,43
s508,25,35
s508,26,44
s508,27,36
s508,28,70
s508,29,53
s508,30,78
s508,31,110
s508,32,15
s508,33,117
s508,34,118
s508,35,139
s508,36,16
s508,37,143
s508,38,144
s508,39,245
s508,40,29
s508,41,46
s508,42,246
s508,43,14
s508,44,253
s508,45,18
s508,46,256
s509,1,5
s509,2,38
s509,3,120
s509,4,8
s509,5,28
s509,6,9
s509,7,122
s509,8,10
s509,9,60
s509,10,89
s509,11,13
s509,12,20
s509,13,37
s509,14,101
s509,15,17
s509,16,90
s509,17,23
s509,18,102
s509,19,26
s509,20,39
s509,21,93
s509,22,31
s509,23,21
s509,24,32
s509,25,103
s509,26,35
s509,27,65
s509,28,94
s509,29,36
s509,30,44
s509,31,73
s509,32,22
s509,33,33
s509,34,78
s509,35,11
s509,36,79
s509,37,45
s509,38,110
s509,39,72
s509,40,113
s509,41,87
s509,42,117
s509,43,1
s509,44,133
s509,45,139
s509,46,12
s509,47,143
s509,48,4
s509,49,145
s509,50,88
s509,51,149
s509,52,74
s509,53,245
s509,54,246
s509,55,19
s509,56,48
s509,57,58
s509,58,253
s509,59,68
s509,60,96
s509,61,104
s509,62,260
s509,63,106
s509,64,293
s509,65,24
s509,66,92
s510,1,2
s510,2,10
s510,3,72
s510,4,8
s510,5,3
s510,6,14
s510,7,58
s510,8,63
s510,9,13
s510,10,26
s510,11,42
s510,12,17
s510,13,1
s510,14,15
s510,15,43
s510,16,18
s510,17,23
s510,18,52
s510,19,64
s510,20,37
s510,21,27
s510,22,71
s510,23,31
s510,24,11
s510,25,38
s510,26,35
s510,27,5
s510,28,36
s510,29,51
s510,30,48
s510,31,16
s510,32,53
s510,33,54
s510,34,73
s510,35,34
s510,36,78
s510,37,79
s510,38,46
s510,39,114
s510,40,191
s510,41,245
s510,42,33
s510,43,247
s510,44,12
s510,45,252
s510,46,19
s510,47,253
s511,1,2
s511,2,59
s511,3,74
s511,4,4
s511,5,30
s511,6,37
s511,7,8
s511,8,18
s511,9,38
s511,10,13
s511,11,39
s511,12,17
s511,13,25
s511,14,22
s511,15,31
s511,16,26
s511,17,19
s511,18,35
s511,19,24
s511,20,73
s511,21,43
s511,22,78
s511,23,79
s511,24,58
s511,25,245
s511,26,45
s511,27,246
s511,28,253
s511,29,32
s511,30,34
s511,31,255
s511,32,29
s511,33,257
s511,34,36
s512,1,1
s512,2,71
s512,3,96
s512,4,8
s512,5,64
s512,6,10
s512,7,68
s512,8,17
s512,9,60
s512,10,19
s512,11,69
s512,12,22
s512,13,31
s512,14,52
s512,15,26
s512,16,14
s512,17,53
s512,18,15
s512,19,54
s512,20,35
s512,21,36
s512,22,70
s512,23,82
s512,24,73
s512,25,23
s512,26,37
s512,27,78
s512,28,13
s512,29,38
s512,30,110
s512,31,67
s512,32,117
s512,33,118
s512,34,81
s512,35,139
s512,36,9
s512,37,143
s512,38,144
s512,39,177
s512,40,77
s512,41,245
s512,42,29
s512,43,34
s512,44,39
s512,45,50
s512,46,59
s512,47,61
s512,48,246
s512,49,7
s512,50,255
s512,51,257
s512,52,261
s512,53,56
s512,54,294
s513,1,2
s513,2,35
s513,3,78
s513,4,8
s513,5,27
s513,6,13
s513,7,29
s513,8,17
s513,9,24
s513,10,22
s513,11,30
s513,12,26
s513,13,23
s513,14,31
s513,15,28
s513,16,73
s513,17,36
s513,18,48
s513,19,79
s513,20,65
s513,21,113
s513,22,1
s513,23,120
s513,24,9
s513,25,15
s513,26,134
s513,27,245
s513,28,50
s513,29,53
s513,30,246
s513,31,247
s513,32,251
s513,33,58
s513,34,71
s513,35,253
s513,36,33
s513,37,39
s513,38,256
s513,39,43
s513,40,46
s514,1,10
s514,2,6
s514,3,15
s514,4,34
s514,5,36
s514,6,13
s514,7,24
s514,8,29
s514,9,14
s514,10,45
s514,11,50
s514,12,57
s514,13,59
s514,14,17
s514,15,2
s514,16,16
s514,17,30
s514,18,37
s514,19,51
s514,20,31
s514,21,18
s514,22,39
s514,23,35
s514,24,11
s514,25,48
s514,26,9
s514,27,54
s514,28,53
s514,29,1
s514,30,74
s514,31,78
s514,32,79
s514,33,113
s514,34,133
s514,35,5
s514,36,134
s514,37,4
s514,38,146
s514,39,149
s514,40,170
s514,41,21
s514,42,46
s514,43,191
s514,44,245
s514,45,246
s514,46,7
s514,47,247
s514,48,22
s514,49,252
s514,50,25
s514,51,26
s514,52,253
s514,53,28
s514,54,32
s514,55,262
s514,56,49
s515,1,1
s515,2,60
s515,3,100
s515,4,8
s515,5,40
s515,6,10
s515,7,63
s515,8,13
s515,9,19
s515,10,51
s515,11,17
s515,12,52
s515,13,22
s515,14,21
s515,15,43
s515,16,26
s515,17,5
s515,18,44
s515,19,31
s515,20,35
s515,21,36
s515,22,64
s515,23,57
s515,24,59
s515,25,41
s515,26,74
s515,27,34
s515,28,78
s515,29,79
s515,30,42
s515,31,153
s515,32,29
s515,33,184
s515,34,27
s515,35,37
s515,36,82
s515,37,245
s515,38,14
s515,39,70
s515,40,246
s515,41,253
s515,42,62
s515,43,65
s515,44,260
s515,45,25
s515,46,38
s515,47,293
s516,1,1
s516,2,91
s516,3,102
s516,4,8
s516,5,68
s516,6,10
s516,7,76
s516,8,17
s516,9,67
s516,10,19
s516,11,80
s516,12,22
s516,13,28
s516,14,58
s516,15,26
s516,16,20
s516,17,59
s516,18,31
s516,19,25
s516,20,63
s516,21,35
s516,22,36
s516,23,75
s516,24,73
s516,25,30
s516,26,42
s516,27,78
s516,28,79
s516,29,56
s516,30,110
s516,31,24
s516,32,62
s516,33,71
s516,34,114
s516,35,9
s516,36,117
s516,37,54
s516,38,118
s516,39,29
s516,40,139
s516,41,18
s516,42,72
s516,43,143
s516,44,13
s516,45,144
s516,46,177
s516,47,86
s516,48,245
s516,49,49
s516,50,69
s516,51,246
s516,52,250
s516,53,61
s516,54,256
s516,55,257
s516,56,44
s516,57,45
s516,58,260
s516,59,33
s517,1,2
s517,2,8
s517,3,15
s517,4,1
s517,5,9
s517,6,22
s517,7,10
s517,8,89
s517,9,95
s517,10,13
s517,11,12
s517,12,79
s517,13,17
s517,14,80
s517,15,18
s517,16,111
s517,17,103
s517,18,127
s517,19,26
s517,20,84
s517,21,28
s517,22,60
s517,23,64
s517,24,31
s517,25,27
s517,26,35
s517,27,11
s517,28,36
s517,29,37
s517,30,66
s517,31,102
s517,32,44
s517,33,57
s517,34,45
s517,35,117
s517,36,73
s517,37,75
s517,38,97
s517,39,78
s517,40,65
s517,41,123
s517,42,110
s517,43,56
s517,44,70
s517,45,113
s517,46,6
s517,47,42
s517,48,43
s517,49,118
s517,50,133
s517,51,134
s517,52,143
s517,53,144
s517,54,55
s517,55,146
s517,56,7
s517,57,149
s517,58,150
s517,59,173
s517,60,246
s517,61,30
s517,62,49
s517,63,101
s517,64,247
s517,65,253
s517,66,20
s517,67,68
s517,68,88
s517,69,255
s517,70,81
s517,71,85
s517,72,256
s517,73,25
s517,74,259
s517,75,16
s517,76,289
s517,77,295
s518,1,1
s518,2,54
s518,3,62
s518,4,8
s518,5,40
s518,6,13
s518,7,12
s518,8,17
s518,9,6
s518,10,22
s518,11,26
s518,12,31
s518,13,35
s518,14,73
s518,15,20
s518,16,29
s518,17,78
s518,18,9
s518,19,79
s518,20,42
s518,21,97
s518,22,25
s518,23,55
s518,24,108
s518,25,15
s518,26,109
s518,27,114
s518,28,245
s518,29,37
s518,30,246
s518,31,251
s518,32,253
s518,33,16
s518,34,23
s518,35,255
s518,36,11
s518,37,256
s518,38,27
s519,1,10
s519,2,9
s519,3,19
s519,4,38
s519,5,39
s519,6,13
s519,7,26
s519,8,32
s519,9,14
s519,10,51
s519,11,52
s519,12,60
s519,13,62
s519,14,17
s519,15,4
s519,16,20
s519,17,33
s519,18,40
s519,19,53
s519,20,31
s519,21,21
s519,22,45
s519,23,35
s519,24,11
s519,25,36
s519,26,48
s519,27,54
s519,28,3
s519,29,73
s519,30,78
s519,31,79
s519,32,113
s519,33,7
s519,34,117
s519,35,1
s519,36,133
s519,37,8
s519,38,143
s519,39,2
s519,40,146
s519,41,23
s519,42,147
s519,43,18
s519,44,149
s519,45,170
s519,46,22
s519,47,191
s519,48,246
s519,49,249
s519,50,37
s519,51,50
s519,52,252
s519,53,29
s519,54,253
s519,55,255
s519,56,25
s519,57,262
s519,58,55
s520,1,1
s520,2,69
s520,3,100
s520,4,8
s520,5,50
s520,6,10
s520,7,66
s520,8,13
s520,9,21
s520,10,49
s520,11,17
s520,12,6
s520,13,19
s520,14,63
s520,15,22
s520,16,18
s520,17,47
s520,18,26
s520,19,48
s520,20,31
s520,21,35
s520,22,57
s520,23,59
s520,24,38
s520,25,73
s520,26,20
s520,27,78
s520,28,79
s520,29,153
s520,30,28
s520,31,82
s520,32,184
s520,33,56
s520,34,187
s520,35,27
s520,36,245
s520,37,12
s520,38,23
s520,39,84
s520,40,246
s520,41,42
s520,42,55
s520,43,253
s520,44,62
s520,45,68
s520,46,260
s520,47,293
s520,48,39
s521,1,1
s521,2,78
s521,3,107
s521,4,2
s521,5,10
s521,6,35
s521,7,8
s521,8,62
s521,9,9
s521,10,58
s521,11,31
s521,12,79
s521,13,13
s521,14,51
s521,15,67
s521,16,17
s521,17,32
s521,18,68
s521,19,23
s521,20,26
s521,21,63
s521,22,69
s521,23,87
s521,24,74
s521,25,15
s521,26,5
s521,27,37
s521,28,110
s521,29,45
s521,30,56
s521,31,113
s521,32,65
s521,33,117
s521,34,33
s521,35,57
s521,36,122
s521,37,133
s521,38,66
s521,39,134
s521,40,139
s521,41,143
s521,42,34
s521,43,59
s521,44,146
s521,45,6
s521,46,36
s521,47,245
s521,48,89
s521,49,246
s521,50,61
s521,51,247
s521,52,14
s521,53,253
s521,54,21
s521,55,29
s521,56,71
s521,57,73
s522,1,1
s522,2,62
s522,3,78
s522,4,8
s522,5,50
s522,6,13
s522,7,36
s522,8,17
s522,9,21
s522,10,22
s522,11,32
s522,12,26
s522,13,11
s522,14,31
s522,15,35
s522,16,14
s522,17,70
s522,18,53
s522,19,42
s522,20,114
s522,21,133
s522,22,187
s522,23,10
s522,24,189
s522,25,6
s522,26,245
s522,27,255
s522,28,47
s522,29,51
s522,30,69
s522,31,259
s522,32,20
s523,1,2
s523,2,54
s523,3,81
s523,4,8
s523,5,41
s523,6,9
s523,7,89
s523,8,10
s523,9,34
s523,10,99
s523,11,17
s523,12,21
s523,13,22
s523,14,74
s523,15,85
s523,16,26
s523,17,66
s523,18,27
s523,19,94
s523,20,31
s523,21,35
s523,22,11
s523,23,36
s523,24,90
s523,25,78
s523,26,1
s523,27,79
s523,28,110
s523,29,59
s523,30,64
s523,31,113
s523,32,50
s523,33,117
s523,34,51
s523,35,118
s523,36,133
s523,37,15
s523,38,48
s523,39,139
s523,40,57
s523,41,143
s523,42,49
s523,43,144
s523,44,75
s523,45,172
s523,46,77
s523,47,98
s523,48,182
s523,49,245
s523,50,58
s523,51,246
s523,52,14
s523,53,247
s523,54,16
s523,55,20
s523,56,63
s523,57,253
s523,58,38
s523,59,259
s523,60,23
s523,61,33
s524,1,1
s524,2,110
s524,3,112
s524,4,134
s524,5,139
s524,6,158
s524,7,166
s524,8,8
s524,9,95
s524,10,113
s524,11,140
s524,12,9
s524,13,176
s524,14,10
s524,15,40
s524,16,153
s524,17,168
s524,18,13
s524,19,77
s524,20,89
s524,21,14
s524,22,130
s524,23,138
s524,24,17
s524,25,54
s524,26,90
s524,27,114
s524,28,18
s524,29,53
s524,30,180
s524,31,19
s524,32,107
s524,33,115
s524,34,154
s524,35,167
s524,36,22
s524,37,129
s524,38,26
s524,39,58
s524,40,116
s524,41,27
s524,42,28
s524,43,74
s524,44,109
s524,45,165
s524,46,31
s524,47,83
s524,48,84
s524,49,35
s524,50,42
s524,51,75
s524,52,100
s524,53,36
s524,54,99
s524,55,69
s524,56,117
s524,57,70
s524,58,57
s524,59,78
s524,60,41
s524,61,79
s524,62,82
s524,63,170
s524,64,92
s524,65,131
s524,66,118
s524,67,119
s524,68,132
s524,69,179
s524,70,94
s524,71,178
s524,72,143
s524,73,144
s524,74,108
s524,75,147
s524,76,141
s524,77,171
s524,78,149
s524,79,150
s524,80,245
s524,81,246
s524,82,104
s524,83,122
s524,84,247
s524,85,11
s524,86,253
s524,87,21
s524,88,29
s524,89,254
s524,90,85
s524,91,259
s525,1,1
s525,2,12
s525,3,117
s525,4,8
s525,5,9
s525,6,129
s525,7,10
s525,8,11
s525,9,130
s525,10,17
s525,11,28
s525,12,36
s525,13,116
s525,14,35
s525,15,22
s525,16,70
s525,17,32
s525,18,109
s525,19,78
s525,20,13
s525,21,79
s525,22,126
s525,23,110
s525,24,120
s525,25,125
s525,26,132
s525,27,114
s525,28,139
s525,29,113
s525,30,143
s525,31,195
s525,32,245
s525,33,69
s525,34,82
s525,35,246
s525,36,41
s525,37,247
s525,38,15
s525,39,253
s525,40,24
s525,41,47
s525,42,57
s525,43,256
s525,44,61
s525,45,64
s525,46,259
s525,47,20
s525,48,262
s525,49,87
s525,50,112
s525,51,286
s526,1,1
s526,2,79
s526,3,90
s526,4,4
s526,5,16
s526,6,36
s526,7,8
s526,8,67
s526,9,9
s526,10,43
s526,11,10
s526,12,73
s526,13,13
s526,14,53
s526,15,65
s526,16,17
s526,17,66
s526,18,19
s526,19,74
s526,20,22
s526,21,49
s526,22,26
s526,23,31
s526,24,35
s526,25,44
s526,26,25
s526,27,34
s526,28,78
s526,29,15
s526,30,110
s526,31,117
s526,32,118
s526,33,41
s526,34,119
s526,35,132
s526,36,37
s526,37,40
s526,38,136
s526,39,45
s526,40,139
s526,41,143
s526,42,245
s526,43,18
s526,44,69
s526,45,82
s526,46,246
s526,47,52
s526,48,253
s526,49,55
s526,50,64
s526,51,256
s527,1,1
s527,2,7
s527,3,62
s527,4,8
s527,5,11
s527,6,28
s527,7,17
s527,8,25
s527,9,19
s527,10,18
s527,11,26
s527,12,31
s527,13,35
s527,14,2
s527,15,47
s527,16,52
s527,17,53
s527,18,54
s527,19,110
s527,20,6
s527,21,38
s527,22,117
s527,23,118
s527,24,51
s527,25,132
s527,26,57
s527,27,146
s527,28,21
s527,29,171
s527,30,191
s527,31,253
s527,32,10
s527,33,16
s527,34,254
s527,35,50
s528,1,1
s528,2,81
s528,3,105
s528,4,4
s528,5,42
s528,6,48
s528,7,8
s528,8,33
s528,9,66
s528,10,9
s528,11,57
s528,12,10
s528,13,73
s528,14,13
s528,15,11
s528,16,64
s528,17,17
s528,18,3
s528,19,65
s528,20,19
s528,21,71
s528,22,23
s528,23,63
s528,24,26
s528,25,31
s528,26,12
s528,27,86
s528,28,35
s528,29,58
s528,30,41
s528,31,47
s528,32,44
s528,33,24
s528,34,45
s528,35,72
s528,36,70
s528,37,78
s528,38,89
s528,39,29
s528,40,52
s528,41,2
s528,42,53
s528,43,79
s528,44,110
s528,45,34
s528,46,113
s528,47,25
s528,48,117
s528,49,118
s528,50,133
s528,51,136
s528,52,62
s528,53,143
s528,54,144
s528,55,146
s528,56,28
s528,57,249
s528,58,253
s528,59,21
s528,60,32
s528,61,68
s528,62,80
s528,63,255
s528,64,84
s528,65,95
s528,66,265
s528,67,286
s529,1,1
s529,2,11
s529,3,91
s529,4,8
s529,5,10
s529,6,17
s529,7,69
s529,8,34
s529,9,82
s529,10,78
s529,11,79
s529,12,110
s529,13,117
s529,14,139
s529,15,143
s529,16,164
s529,17,60
s529,18,195
s529,19,246
s529,20,37
s529,21,52
s529,22,247
s529,23,253
s529,24,21
s529,25,32
s529,26,259
s529,27,13
s529,28,262
s529,29,55
s530,1,2
s530,2,38
s530,3,89
s530,4,8
s530,5,20
s530,6,10
s530,7,17
s530,8,28
s530,9,18
s530,10,37
s530,11,19
s530,12,22
s530,13,13
s530,14,26
s530,15,1
s530,16,23
s530,17,31
s530,18,60
s530,19,35
s530,20,36
s530,21,81
s530,22,74
s530,23,58
s530,24,78
s530,25,79
s530,26,113
s530,27,9
s530,28,117
s530,29,133
s530,30,143
s530,31,191
s530,32,245
s530,33,49
s530,34,53
s530,35,246
s530,36,65
s530,37,80
s530,38,247
s530,39,14
s530,40,29
s530,41,30
s530,42,252
s530,43,16
s530,44,253
s530,45,33
s530,46,254
s530,47,24
s530,48,27
s530,49,42
s530,50,46
s530,51,255
s530,52,56
s531,1,1
s531,2,24
s531,3,82
s531,4,8
s531,5,9
s531,6,10
s531,7,64
s531,8,13
s531,9,17
s531,10,52
s531,11,53
s531,12,19
s531,13,63
s531,14,22
s531,15,48
s531,16,26
s531,17,49
s531,18,31
s531,19,35
s531,20,4
s531,21,36
s531,22,38
s531,23,68
s531,24,81
s531,25,44
s531,26,62
s531,27,45
s531,28,83
s531,29,97
s531,30,50
s531,31,108
s531,32,16
s531,33,109
s531,34,113
s531,35,132
s531,36,76
s531,37,79
s531,38,133
s531,39,75
s531,40,80
s531,41,146
s531,42,67
s531,43,187
s531,44,18
s531,45,55
s531,46,245
s531,47,32
s531,48,246
s531,49,12
s531,50,251
s531,51,37
s531,52,253
s531,53,28
s531,54,255
s531,55,74
s532,1,1
s532,2,55
s532,3,68
s532,4,8
s532,5,38
s532,6,10
s532,7,56
s532,8,14
s532,9,29
s532,10,17
s532,11,39
s532,12,19
s532,13,47
s532,14,26
s532,15,31
s532,16,43
s532,17,35
s532,18,36
s532,19,42
s532,20,44
s532,21,45
s532,22,74
s532,23,16
s532,24,41
s532,25,78
s532,26,79
s532,27,54
s532,28,110
s532,29,7
s532,30,113
s532,31,117
s532,32,30
s532,33,133
s532,34,139
s532,35,9
s532,36,32
s532,37,143
s532,38,33
s532,39,146
s532,40,149
s532,41,34
s532,42,152
s532,43,57
s532,44,245
s532,45,15
s532,46,37
s532,47,254
s532,48,46
s532,49,255
s532,50,40
s532,51,257
s532,52,13
s533,1,10
s533,2,46
s533,3,66
s533,4,13
s533,5,14
s533,6,35
s533,7,17
s533,8,1
s533,9,36
s533,10,19
s533,11,47
s533,12,22
s533,13,26
s533,14,37
s533,15,31
s533,16,41
s533,17,8
s533,18,39
s533,19,51
s533,20,53
s533,21,9
s533,22,40
s533,23,74
s533,24,38
s533,25,78
s533,26,79
s533,27,48
s533,28,133
s533,29,187
s533,30,191
s533,31,245
s533,32,58
s533,33,246
s533,34,12
s533,35,248
s533,36,253
s533,37,30
s533,38,33
s534,1,1
s534,2,57
s534,3,66
s534,4,5
s534,5,18
s534,6,22
s534,7,8
s534,8,6
s534,9,39
s534,10,9
s534,11,29
s534,12,11
s534,13,58
s534,14,13
s534,15,40
s534,16,17
s534,17,41
s534,18,19
s534,19,54
s534,20,24
s534,21,26
s534,22,42
s534,23,31
s534,24,23
s534,25,35
s534,26,74
s534,27,34
s534,28,78
s534,29,79
s534,30,48
s534,31,110
s534,32,14
s534,33,21
s534,34,113
s534,35,117
s534,36,118
s534,37,245
s534,38,60
s534,39,246
s534,40,251
s534,41,32
s534,42,37
s534,43,253
s534,44,28
s534,45,30
s534,46,255
s534,47,20
s535,1,11
s535,2,53
s535,3,60
s535,4,13
s535,5,25
s535,6,30
s535,7,17
s535,8,19
s535,9,31
s535,10,20
s535,11,23
s535,12,24
s535,13,26
s535,14,32
s535,15,35
s535,16,38
s535,17,45
s535,18,55
s535,19,44
s535,20,41
s535,21,59
s535,22,74
s535,23,47
s535,24,78
s535,25,8
s535,26,79
s535,27,54
s535,28,110
s535,29,14
s535,30,22
s535,31,114
s535,32,1
s535,33,4
s535,34,117
s535,35,5
s535,36,118
s535,37,27
s535,38,139
s535,39,143
s535,40,144
s535,41,245
s535,42,33
s535,43,52
s535,44,246
s535,45,9
s535,46,18
s535,47,264
s536,1,2
s536,2,22
s536,3,40
s536,4,86
s536,5,98
s536,6,8
s536,7,9
s536,8,41
s536,9,10
s536,10,63
s536,11,13
s536,12,32
s536,13,51
s536,14,17
s536,15,21
s536,16,52
s536,17,19
s536,18,64
s536,19,26
s536,20,31
s536,21,50
s536,22,35
s536,23,12
s536,24,36
s536,25,58
s536,26,56
s536,27,88
s536,28,59
s536,29,15
s536,30,60
s536,31,68
s536,32,57
s536,33,74
s536,34,20
s536,35,42
s536,36,78
s536,37,43
s536,38,79
s536,39,110
s536,40,14
s536,41,113
s536,42,1
s536,43,117
s536,44,118
s536,45,120
s536,46,96
s536,47,122
s536,48,16
s536,49,137
s536,50,139
s536,51,143
s536,52,144
s536,53,245
s536,54,33
s536,55,39
s536,56,246
s536,57,11
s536,58,253
s536,59,30
s536,60,259
s536,61,18
s537,1,11
s537,2,6
s537,3,9
s537,4,14
s537,5,21
s537,6,50
s537,7,17
s537,8,1
s537,9,10
s537,10,20
s537,11,28
s537,12,26
s537,13,19
s537,14,32
s537,15,13
s537,16,35
s537,17,76
s537,18,78
s537,19,7
s537,20,79
s537,21,44
s537,22,110
s537,23,114
s537,24,2
s537,25,117
s537,26,120
s537,27,245
s537,28,29
s537,29,247
s537,30,253
s537,31,25
s537,32,255
s538,1,10
s538,2,6
s538,3,73
s538,4,17
s538,5,1
s538,6,37
s538,7,5
s538,8,65
s538,9,44
s538,10,45
s538,11,70
s538,12,47
s538,13,78
s538,14,31
s538,15,113
s538,16,181
s538,17,32
s538,18,38
s538,19,245
s538,20,48
s538,21,246
s538,22,7
s538,23,18
s538,24,253
s538,25,39
s538,26,266
s538,27,22
s538,28,26
s539,1,10
s539,2,20
s539,3,28
s539,4,57
s539,5,58
s539,6,82
s539,7,95
s539,8,13
s539,9,40
s539,10,50
s539,11,65
s539,12,72
s539,13,17
s539,14,16
s539,15,29
s539,16,51
s539,17,59
s539,18,73
s539,19,19
s539,20,79
s539,21,22
s539,22,66
s539,23,26
s539,24,31
s539,25,35
s539,26,46
s539,27,61
s539,28,78
s539,29,90
s539,30,110
s539,31,113
s539,32,114
s539,33,1
s539,34,9
s539,35,117
s539,36,60
s539,37,119
s539,38,24
s539,39,30
s539,40,49
s539,41,120
s539,42,146
s539,43,149
s539,44,55
s539,45,171
s539,46,75
s539,47,182
s539,48,47
s539,49,246
s539,50,18
s539,51,247
s539,52,27
s539,53,253
s539,54,33
s539,55,69
s539,56,85
s539,57,262
s539,58,52
s540,1,1
s540,2,46
s540,3,72
s540,4,8
s540,5,38
s540,6,10
s540,7,11
s540,8,17
s540,9,3
s540,10,19
s540,11,47
s540,12,20
s540,13,30
s540,14,26
s540,15,31
s540,16,16
s540,17,35
s540,18,74
s540,19,42
s540,20,78
s540,21,5
s540,22,79
s540,23,64
s540,24,113
s540,25,6
s540,26,18
s540,27,117
s540,28,118
s540,29,25
s540,30,132
s540,31,68
s540,32,71
s540,33,133
s540,34,143
s540,35,144
s540,36,27
s540,37,169
s540,38,245
s540,39,63
s540,40,246
s540,41,7
s540,42,13
s540,43,36
s540,44,253
s540,45,23
s540,46,256
s540,47,44
s540,48,266
s541,1,1
s541,2,66
s541,3,88
s541,4,8
s541,5,58
s541,6,10
s541,7,63
s541,8,13
s541,9,51
s541,10,17
s541,11,52
s541,12,19
s541,13,22
s541,14,26
s541,15,53
s541,16,31
s541,17,25
s541,18,35
s541,19,11
s541,20,46
s541,21,14
s541,22,54
s541,23,67
s541,24,74
s541,25,78
s541,26,79
s541,27,113
s541,28,47
s541,29,118
s541,30,132
s541,31,83
s541,32,86
s541,33,133
s541,34,9
s541,35,48
s541,36,143
s541,37,144
s541,38,57
s541,39,153
s541,40,81
s541,41,185
s541,42,191
s541,43,245
s541,44,42
s541,45,246
s541,46,20
s541,47,247
s541,48,248
s541,49,252
s541,50,29
s541,51,32
s541,52,253
s541,53,39
s541,54,80
s541,55,255
s542,1,2
s542,2,46
s542,3,65
s542,4,8
s542,5,39
s542,6,10
s542,7,41
s542,8,13
s542,9,27
s542,10,30
s542,11,17
s542,12,16
s542,13,31
s542,14,19
s542,15,45
s542,16,23
s542,17,21
s542,18,26
s542,19,14
s542,20,32
s542,21,35
s542,22,74
s542,23,22
s542,24,36
s542,25,78
s542,26,79
s542,27,113
s542,28,114
s542,29,1
s542,30,7
s542,31,117
s542,32,120
s542,33,3
s542,34,133
s542,35,146
s542,36,12
s542,37,149
s542,38,6
s542,39,245
s542,40,59
s542,41,246
s542,42,253
s542,43,34
s542,44,254
s542,45,37
s542,46,255
s542,47,20
s543,1,13
s543,2,24
s543,3,53
s543,4,17
s543,5,19
s543,6,23
s543,7,29
s543,8,26
s543,9,22
s543,10,31
s543,11,18
s543,12,35
s543,13,8
s543,14,37
s543,15,45
s543,16,44
s543,17,49
s543,18,73
s543,19,78
s543,20,79
s543,21,52
s543,22,110
s543,23,113
s543,24,1
s543,25,9
s543,26,117
s543,27,10
s543,28,118
s543,29,34
s543,30,139
s543,31,14
s543,32,21
s543,33,143
s543,34,144
s543,35,28
s543,36,246
s543,37,15
s543,38,30
s543,39,253
s543,40,255
s544,1,1
s544,2,67
s544,3,102
s544,4,4
s544,5,28
s544,6,30
s544,7,8
s544,8,17
s544,9,62
s544,10,9
s544,11,46
s544,12,10
s544,13,19
s544,14,72
s544,15,26
s544,16,31
s544,17,64
s544,18,35
s544,19,59
s544,20,73
s544,21,42
s544,22,78
s544,23,79
s544,24,50
s544,25,110
s544,26,12
s544,27,43
s544,28,114
s544,29,2
s544,30,117
s544,31,3
s544,32,118
s544,33,132
s544,34,74
s544,35,164
s544,36,39
s544,37,49
s544,38,182
s544,39,20
s544,40,36
s544,41,245
s544,42,80
s544,43,91
s544,44,246
s544,45,6
s544,46,16
s544,47,253
s544,48,60
s544,49,63
s544,50,257
s544,51,75
s544,52,76
s544,53,260
s544,54,47
s544,55,52
s544,56,286
s545,1,1
s545,2,96
s545,3,108
s545,4,5
s545,5,23
s545,6,70
s545,7,8
s545,8,71
s545,9,10
s545,10,78
s545,11,13
s545,12,62
s545,13,17
s545,14,16
s545,15,63
s545,16,19
s545,17,26
s545,18,52
s545,19,28
s545,20,33
s545,21,56
s545,22,31
s545,23,69
s545,24,35
s545,25,57
s545,26,73
s545,27,50
s545,28,75
s545,29,82
s545,30,51
s545,31,79
s545,32,110
s545,33,66
s545,34,114
s545,35,11
s545,36,117
s545,37,12
s545,38,118
s545,39,120
s545,40,67
s545,41,164
s545,42,60
s545,43,245
s545,44,29
s545,45,49
s545,46,246
s545,47,81
s545,48,98
s545,49,253
s545,50,77
s545,51,260
s545,52,22
s545,53,286
s545,54,59
s546,1,2
s546,2,29
s546,3,43
s546,4,77
s546,5,87
s546,6,8
s546,7,19
s546,8,44
s546,9,9
s546,10,96
s546,11,10
s546,12,70
s546,13,89
s546,14,13
s546,15,20
s546,16,50
s546,17,100
s546,18,133
s546,19,17
s546,20,51
s546,21,90
s546,22,74
s546,23,22
s546,24,42
s546,25,103
s546,26,26
s546,27,88
s546,28,56
s546,29,36
s546,30,59
s546,31,75
s546,32,33
s546,33,46
s546,34,104
s546,35,76
s546,36,86
s546,37,78
s546,38,16
s546,39,47
s546,40,110
s546,41,113
s546,42,117
s546,43,1
s546,44,139
s546,45,143
s546,46,146
s546,47,85
s546,48,149
s546,49,150
s546,50,126
s546,51,171
s546,52,95
s546,53,99
s546,54,245
s546,55,24
s546,56,45
s546,57,68
s546,58,246
s546,59,49
s546,60,57
s546,61,247
s546,62,98
s546,63,253
s546,64,18
s546,65,60
s546,66,64
s546,67,125
s546,68,255
s546,69,14
s547,1,1
s547,2,51
s547,3,54
s547,4,8
s547,5,45
s547,6,11
s547,7,53
s547,8,13
s547,9,19
s547,10,44
s547,11,17
s547,12,10
s547,13,20
s547,14,52
s547,15,22
s547,16,25
s547,17,42
s547,18,26
s547,19,6
s547,20,43
s547,21,31
s547,22,35
s547,23,14
s547,24,75
s547,25,24
s547,26,78
s547,27,12
s547,28,79
s547,29,110
s547,30,21
s547,31,113
s547,32,27
s547,33,117
s547,34,119
s547,35,7
s547,36,133
s547,37,143
s547,38,146
s547,39,245
s547,40,15
s547,41,248
s547,42,255
s547,43,5
s547,44,256
s547,45,28
s547,46,29
s547,47,288
s548,1,10
s548,2,8
s548,3,62
s548,4,17
s548,5,1
s548,6,38
s548,7,7
s548,8,31
s548,9,44
s548,10,45
s548,11,53
s548,12,74
s548,13,19
s548,14,32
s548,15,78
s548,16,79
s548,17,46
s548,18,113
s548,19,134
s548,20,6
s548,21,143
s548,22,173
s548,23,245
s548,24,246
s548,25,20
s548,26,29
s548,27,247
s548,28,9
s548,29,11
s548,30,253
s548,31,13
s548,32,18
s548,33,257
s549,1,1
s549,2,44
s549,3,82
s549,4,2
s549,5,10
s549,6,18
s549,7,8
s549,8,37
s549,9,9
s549,10,24
s549,11,43
s549,12,74
s549,13,13
s549,14,35
s549,15,17
s549,16,36
s549,17,20
s549,18,21
s549,19,31
s549,20,22
s549,21,26
s549,22,15
s549,23,32
s549,24,29
s549,25,59
s549,26,71
s549,27,81
s549,28,51
s549,29,72
s549,30,38
s549,31,7
s549,32,16
s549,33,45
s549,34,69
s549,35,52
s549,36,73
s549,37,34
s549,38,78
s549,39,79
s549,40,110
s549,41,6
s549,42,117
s549,43,118
s549,44,40
s549,45,139
s549,46,143
s549,47,144
s549,48,39
s549,49,154
s549,50,27
s549,51,245
s549,52,57
s549,53,247
s549,54,253
s549,55,256
s550,1,1
s550,2,53
s550,3,69
s550,4,8
s550,5,39
s550,6,10
s550,7,6
s550,8,28
s550,9,13
s550,10,40
s550,11,17
s550,12,29
s550,13,22
s550,14,34
s550,15,26
s550,16,24
s550,17,31
s550,18,35
s550,19,38
s550,20,36
s550,21,44
s550,22,45
s550,23,42
s550,24,73
s550,25,37
s550,26,78
s550,27,79
s550,28,52
s550,29,97
s550,30,56
s550,31,108
s550,32,109
s550,33,65
s550,34,111
s550,35,20
s550,36,118
s550,37,27
s550,38,141
s550,39,33
s550,40,41
s550,41,143
s550,42,144
s550,43,169
s550,44,187
s550,45,245
s550,46,18
s550,47,246
s550,48,253
s550,49,261
s550,50,14
s551,1,1
s551,2,33
s551,3,85
s551,4,8
s551,5,25
s551,6,10
s551,7,14
s551,8,36
s551,9,17
s551,10,7
s551,11,26
s551,12,28
s551,13,40
s551,14,31
s551,15,29
s551,16,35
s551,17,30
s551,18,69
s551,19,55
s551,20,74
s551,21,20
s551,22,78
s551,23,27
s551,24,79
s551,25,110
s551,26,18
s551,27,113
s551,28,117
s551,29,19
s551,30,133
s551,31,143
s551,32,195
s551,33,245
s551,34,24
s551,35,250
s551,36,253
s551,37,39
s551,38,49
s551,39,258
s551,40,34
s551,41,261
s551,42,13
s552,1,1
s552,2,50
s552,3,82
s552,4,4
s552,5,18
s552,6,36
s552,7,8
s552,8,11
s552,9,37
s552,10,10
s552,11,17
s552,12,6
s552,13,19
s552,14,47
s552,15,26
s552,16,38
s552,17,31
s552,18,46
s552,19,35
s552,20,49
s552,21,44
s552,22,33
s552,23,45
s552,24,64
s552,25,70
s552,26,56
s552,27,73
s552,28,23
s552,29,78
s552,30,15
s552,31,79
s552,32,110
s552,33,7
s552,34,117
s552,35,118
s552,36,43
s552,37,136
s552,38,63
s552,39,139
s552,40,29
s552,41,143
s552,42,30
s552,43,144
s552,44,74
s552,45,169
s552,46,54
s552,47,71
s552,48,176
s552,49,24
s552,50,34
s552,51,182
s552,52,195
s552,53,245
s552,54,246
s552,55,39
s552,56,250
s552,57,13
s552,58,253
s552,59,51
s552,60,67
s553,1,1
s553,2,49
s553,3,77
s553,4,4
s553,5,26
s553,6,35
s553,7,8
s553,8,15
s553,9,36
s553,10,10
s553,11,17
s553,12,11
s553,13,19
s553,14,40
s553,15,34
s553,16,31
s553,17,38
s553,18,47
s553,19,44
s553,20,33
s553,21,45
s553,22,56
s553,23,73
s553,24,23
s553,25,41
s553,26,78
s553,27,12
s553,28,79
s553,29,57
s553,30,110
s553,31,9
s553,32,117
s553,33,118
s553,34,135
s553,35,50
s553,36,139
s553,37,24
s553,38,143
s553,39,25
s553,40,144
s553,41,60
s553,42,176
s553,43,32
s553,44,195
s553,45,245
s553,46,246
s553,47,250
s553,48,7
s553,49,13
s553,50,253
s553,51,54
s553,52,64
s553,53,259
s554,1,3
s554,2,54
s554,3,103
s554,4,5
s554,5,19
s554,6,26
s554,7,8
s554,8,11
s554,9,27
s554,10,10
s554,11,18
s554,12,43
s554,13,13
s554,14,53
s554,15,99
s554,16,17
s554,17,44
s554,18,20
s554,19,28
s554,20,63
s554,21,31
s554,22,38
s554,23,45
s554,24,35
s554,25,25
s554,26,46
s554,27,36
s554,28,41
s554,29,29
s554,30,23
s554,31,69
s554,32,56
s554,33,89
s554,34,73
s554,35,22
s554,36,78
s554,37,42
s554,38,79
s554,39,110
s554,40,9
s554,41,32
s554,42,113
s554,43,40
s554,44,117
s554,45,1
s554,46,33
s554,47,120
s554,48,4
s554,49,134
s554,50,139
s554,51,141
s554,52,104
s554,53,143
s554,54,34
s554,55,100
s554,56,164
s554,57,30
s554,58,173
s554,59,75
s554,60,195
s554,61,245
s554,62,248
s554,63,250
s554,64,12
s554,65,16
s554,66,48
s554,67,253
s554,68,60
s554,69,68
s554,70,258
s554,71,52
s554,72,55
s555,1,1
s555,2,24
s555,3,54
s555,4,86
s555,5,96
s555,6,8
s555,7,16
s555,8,76
s555,9,9
s555,10,58
s555,11,11
s555,12,13
s555,13,33
s555,14,74
s555,15,17
s555,16,25
s555,17,75
s555,18,19
s555,19,84
s555,20,22
s555,21,57
s555,22,26
s555,23,50
s555,24,29
s555,25,81
s555,26,90
s555,27,31
s555,28,52
s555,29,35
s555,30,15
s555,31,53
s555,32,36
s555,33,59
s555,34,69
s555,35,73
s555,36,78
s555,37,79
s555,38,110
s555,39,47
s555,40,117
s555,41,118
s555,42,137
s555,43,143
s555,44,144
s555,45,85
s555,46,147
s555,47,39
s555,48,162
s555,49,184
s555,50,40
s555,51,245
s555,52,20
s555,53,55
s555,54,77
s555,55,88
s555,56,247
s555,57,56
s555,58,253
s555,59,43
s555,60,65
s555,61,263
s555,62,30
s555,63,278
s555,64,286
s555,65,288
s555,66,32
s556,1,1
s556,2,9
s556,3,125
s556,4,8
s556,5,10
s556,6,35
s556,7,13
s556,8,43
s556,9,17
s556,10,36
s556,11,23
s556,12,42
s556,13,56
s556,14,26
s556,15,37
s556,16,27
s556,17,65
s556,18,28
s556,19,78
s556,20,96
s556,21,31
s556,22,15
s556,23,51
s556,24,6
s556,25,52
s556,26,121
s556,27,40
s556,28,45
s556,29,44
s556,30,29
s556,31,69
s556,32,54
s556,33,73
s556,34,24
s556,35,38
s556,36,11
s556,37,39
s556,38,110
s556,39,30
s556,40,113
s556,41,117
s556,42,120
s556,43,2
s556,44,123
s556,45,133
s556,46,80
s556,47,134
s556,48,90
s556,49,139
s556,50,143
s556,51,32
s556,52,81
s556,53,146
s556,54,82
s556,55,162
s556,56,34
s556,57,165
s556,58,93
s556,59,168
s556,60,66
s556,61,195
s556,62,245
s556,63,58
s556,64,76
s556,65,89
s556,66,247
s556,67,68
s556,68,253
s556,69,47
s556,70,71
s556,71,72
s556,72,280
s556,73,286
s557,1,1
s557,2,18
s557,3,117
s557,4,8
s557,5,12
s557,6,10
s557,7,16
s557,8,32
s557,9,13
s557,10,43
s557,11,112
s557,12,17
s557,13,33
s557,14,23
s557,15,40
s557,16,51
s557,17,26
s557,18,27
s557,19,61
s557,20,28
s557,21,84
s557,22,110
s557,23,31
s557,24,64
s557,25,35
s557,26,65
s557,27,36
s557,28,70
s557,29,85
s557,30,73
s557,31,19
s557,32,62
s557,33,78
s557,34,63
s557,35,79
s557,36,9
s557,37,45
s557,38,113
s557,39,58
s557,40,46
s557,41,133
s557,42,71
s557,43,134
s557,44,77
s557,45,137
s557,46,139
s557,47,37
s557,48,49
s557,49,143
s557,50,14
s557,51,50
s557,52,72
s557,53,154
s557,54,162
s557,55,30
s557,56,165
s557,57,86
s557,58,185
s557,59,195
s557,60,245
s557,61,56
s557,62,83
s557,63,253
s557,64,42
s557,65,67
s557,66,69
s557,67,255
s557,68,286
s557,69,288
s557,70,296
s557,71,11
s558,1,1
s558,2,88
s558,3,105
s558,4,2
s558,5,21
s558,6,23
s558,7,8
s558,8,10
s558,9,64
s558,10,9
s558,11,32
s558,12,13
s558,13,61
s558,14,97
s558,15,14
s558,16,53
s558,17,17
s558,18,54
s558,19,18
s558,20,24
s558,21,41
s558,22,26
s558,23,15
s558,24,27
s558,25,28
s558,26,69
s558,27,98
s558,28,31
s558,29,20
s558,30,35
s558,31,36
s558,32,84
s558,33,74
s558,34,19
s558,35,78
s558,36,110
s558,37,51
s558,38,113
s558,39,117
s558,40,52
s558,41,119
s558,42,120
s558,43,133
s558,44,67
s558,45,139
s558,46,12
s558,47,143
s558,48,3
s558,49,146
s558,50,72
s558,51,151
s558,52,71
s558,53,80
s558,54,165
s558,55,65
s558,56,166
s558,57,176
s558,58,245
s558,59,39
s558,60,49
s558,61,250
s558,62,253
s558,63,34
s558,64,82
s558,65,255
s558,66,59
s558,67,63
s558,68,262
s558,69,87
s558,70,90
s558,71,263
s558,72,286
s558,73,288
s559,1,1
s559,2,79
s559,3,97
s559,4,2
s559,5,22
s559,6,57
s559,7,8
s559,8,15
s559,9,58
s559,10,9
s559,11,107
s559,12,10
s559,13,21
s559,14,28
s559,15,13
s559,16,35
s559,17,78
s559,18,14
s559,19,84
s559,20,17
s559,21,29
s559,22,72
s559,23,31
s559,24,19
s559,25,56
s559,26,11
s559,27,36
s559,28,47
s559,29,76
s559,30,90
s559,31,53
s559,32,54
s559,33,69
s559,34,74
s559,35,73
s559,36,34
s559,37,110
s559,38,7
s559,39,45
s559,40,113
s559,41,60
s559,42,117
s559,43,46
s559,44,119
s559,45,25
s559,46,120
s559,47,4
s559,48,133
s559,49,61
s559,50,139
s559,51,143
s559,52,147
s559,53,75
s559,54,149
s559,55,65
s559,56,162
s559,57,37
s559,58,163
s559,59,169
s559,60,68
s559,61,185
s559,62,27
s559,63,39
s559,64,195
s559,65,245
s559,66,55
s559,67,250
s559,68,253
s559,69,41
s559,70,59
s559,71,62
s559,72,255
s559,73,77
s559,74,99
s559,75,263
s559,76,32
s559,77,286
s559,78,288
s559,79,30
s560,1,1
s560,2,58
s560,3,81
s560,4,2
s560,5,13
s560,6,21
s560,7,8
s560,8,6
s560,9,46
s560,10,9
s560,11,28
s560,12,10
s560,13,22
s560,14,11
s560,15,77
s560,16,40
s560,17,63
s560,18,17
s560,19,23
s560,20,64
s560,21,20
s560,22,76
s560,23,49
s560,24,26
s560,25,44
s560,26,31
s560,27,25
s560,28,61
s560,29,35
s560,30,18
s560,31,36
s560,32,69
s560,33,73
s560,34,51
s560,35,78
s560,36,52
s560,37,110
s560,38,5
s560,39,37
s560,40,113
s560,41,48
s560,42,117
s560,43,38
s560,44,120
s560,45,4
s560,46,133
s560,47,139
s560,48,42
s560,49,143
s560,50,43
s560,51,147
s560,52,75
s560,53,163
s560,54,12
s560,55,175
s560,56,32
s560,57,245
s560,58,34
s560,59,247
s560,60,19
s560,61,47
s560,62,50
s560,63,252
s560,64,253
s560,65,254
s560,66,261
s561,1,1
s561,2,8
s561,3,22
s561,4,49
s561,5,70
s561,6,34
s561,7,9
s561,8,29
s561,9,10
s561,10,7
s561,11,17
s561,12,28
s561,13,55
s561,14,32
s561,15,24
s561,16,36
s561,17,35
s561,18,18
s561,19,37
s561,20,69
s561,21,53
s561,22,74
s561,23,78
s561,24,33
s561,25,113
s561,26,114
s561,27,2
s561,28,117
s561,29,146
s561,30,11
s561,31,149
s561,32,166
s561,33,38
s561,34,54
s561,35,170
s561,36,61
s561,37,179
s561,38,247
s561,39,14
s561,40,16
s561,41,250
s561,42,31
s561,43,253
s561,44,26
s561,45,27
s561,46,260
s561,47,261
s561,48,12
s561,49,262
s561,50,60
s561,51,65
s561,52,268
s561,53,23
s561,54,280
s562,1,1
s562,2,50
s562,3,63
s562,4,4
s562,5,23
s562,6,33
s562,7,8
s562,8,10
s562,9,34
s562,10,40
s562,11,17
s562,12,32
s562,13,19
s562,14,39
s562,15,26
s562,16,31
s562,17,46
s562,18,35
s562,19,74
s562,20,37
s562,21,78
s562,22,13
s562,23,79
s562,24,45
s562,25,110
s562,26,5
s562,27,30
s562,28,117
s562,29,118
s562,30,120
s562,31,2
s562,32,133
s562,33,41
s562,34,139
s562,35,9
s562,36,141
s562,37,44
s562,38,49
s562,39,143
s562,40,3
s562,41,42
s562,42,144
s562,43,59
s562,44,164
s562,45,11
s562,46,22
s562,47,185
s562,48,60
s562,49,245
s562,50,247
s562,51,253
s562,52,55
s563,1,2
s563,2,16
s563,3,19
s563,4,65
s563,5,104
s563,6,8
s563,7,13
s563,8,49
s563,9,9
s563,10,27
s563,11,10
s563,12,46
s563,13,97
s563,14,11
s563,15,22
s563,16,17
s563,17,1
s563,18,42
s563,19,18
s563,20,28
s563,21,47
s563,22,96
s563,23,23
s563,24,30
s563,25,40
s563,26,26
s563,27,41
s563,28,31
s563,29,83
s563,30,35
s563,31,36
s563,32,38
s563,33,93
s563,34,102
s563,35,44
s563,36,86
s563,37,45
s563,38,74
s563,39,78
s563,40,79
s563,41,67
s563,42,110
s563,43,7
s563,44,12
s563,45,113
s563,46,117
s563,47,118
s563,48,120
s563,49,133
s563,50,61
s563,51,134
s563,52,66
s563,53,143
s563,54,37
s563,55,62
s563,56,146
s563,57,59
s563,58,149
s563,59,150
s563,60,64
s563,61,173
s563,62,14
s563,63,245
s563,64,73
s563,65,247
s563,66,43
s563,67,253
s563,68,15
s563,69,52
s563,70,255
s564,1,1
s564,2,48
s564,3,66
s564,4,4
s564,5,27
s564,6,38
s564,7,8
s564,8,10
s564,9,39
s564,10,13
s564,11,19
s564,12,17
s564,13,22
s564,14,37
s564,15,26
s564,16,25
s564,17,31
s564,18,36
s564,19,35
s564,20,29
s564,21,74
s564,22,28
s564,23,41
s564,24,78
s564,25,79
s564,26,60
s564,27,110
s564,28,7
s564,29,117
s564,30,2
s564,31,118
s564,32,134
s564,33,61
s564,34,136
s564,35,47
s564,36,139
s564,37,141
s564,38,52
s564,39,53
s564,40,143
s564,41,3
s564,42,164
s564,43,173
s564,44,245
s564,45,11
s564,46,247
s564,47,42
s564,48,253
s565,1,10
s565,2,13
s565,3,65
s565,4,101
s565,5,110
s565,6,17
s565,7,7
s565,8,66
s565,9,19
s565,10,39
s565,11,60
s565,12,22
s565,13,88
s565,14,26
s565,15,28
s565,16,61
s565,17,31
s565,18,35
s565,19,73
s565,20,51
s565,21,78
s565,22,9
s565,23,79
s565,24,27
s565,25,113
s565,26,117
s565,27,8
s565,28,133
s565,29,40
s565,30,134
s565,31,87
s565,32,139
s565,33,11
s565,34,32
s565,35,143
s565,36,33
s565,37,67
s565,38,146
s565,39,41
s565,40,147
s565,41,57
s565,42,70
s565,43,149
s565,44,36
s565,45,52
s565,46,150
s565,47,169
s565,48,54
s565,49,245
s565,50,23
s565,51,38
s565,52,99
s565,53,247
s565,54,42
s565,55,43
s565,56,253
s565,57,16
s565,58,53
s565,59,64
s565,60,255
s565,61,45
s565,62,49
s565,63,257
s565,64,286
s566,1,1
s566,2,85
s566,3,102
s566,4,4
s566,5,23
s566,6,28
s566,7,8
s566,8,15
s566,9,52
s566,10,9
s566,11,37
s566,12,10
s566,13,54
s566,14,13
s566,15,16
s566,16,45
s566,17,17
s566,18,46
s566,19,19
s566,20,74
s566,21,20
s566,22,96
s566,23,34
s566,24,26
s566,25,27
s566,26,75
s566,27,56
s566,28,69
s566,29,35
s566,30,50
s566,31,36
s566,32,38
s566,33,44
s566,34,32
s566,35,51
s566,36,78
s566,37,79
s566,38,68
s566,39,110
s566,40,39
s566,41,118
s566,42,48
s566,43,136
s566,44,41
s566,45,77
s566,46,139
s566,47,141
s566,48,143
s566,49,144
s566,50,151
s566,51,49
s566,52,173
s566,53,245
s566,54,22
s566,55,70
s566,56,95
s566,57,247
s566,58,253
s566,59,40
s566,60,61
s566,61,67
s566,62,255
s566,63,53
s566,64,57
s567,1,10
s567,2,6
s567,3,19
s567,4,11
s567,5,85
s567,6,91
s567,7,13
s567,8,32
s567,9,69
s567,10,17
s567,11,2
s567,12,20
s567,13,70
s567,14,84
s567,15,23
s567,16,56
s567,17,66
s567,18,26
s567,19,52
s567,20,67
s567,21,31
s567,22,35
s567,23,36
s567,24,78
s567,25,81
s567,26,73
s567,27,34
s567,28,61
s567,29,79
s567,30,50
s567,31,110
s567,32,1
s567,33,44
s567,34,113
s567,35,51
s567,36,117
s567,37,45
s567,38,120
s567,39,133
s567,40,139
s567,41,143
s567,42,147
s567,43,149
s567,44,47
s567,45,169
s567,46,55
s567,47,63
s567,48,187
s567,49,245
s567,50,37
s567,51,247
s567,52,53
s567,53,252
s567,54,21
s567,55,253
s567,56,58
s567,57,72
s567,58,83
s567,59,254
s567,60,261
s568,1,1
s568,2,12
s568,3,40
s568,4,65
s568,5,71
s568,6,8
s568,7,7
s568,8,41
s568,9,10
s568,10,17
s568,11,28
s568,12,25
s568,13,35
s568,14,31
s568,15,45
s568,16,51
s568,17,18
s568,18,36
s568,19,60
s568,20,70
s568,21,74
s568,22,50
s568,23,52
s568,24,78
s568,25,37
s568,26,79
s568,27,110
s568,28,22
s568,29,113
s568,30,29
s568,31,117
s568,32,23
s568,33,134
s568,34,26
s568,35,135
s568,36,33
s568,37,143
s568,38,27
s568,39,146
s568,40,16
s568,41,149
s568,42,2
s568,43,150
s568,44,164
s568,45,166
s568,46,247
s568,47,250
s568,48,34
s568,49,253
s568,50,19
s568,51,260
s568,52,262
s568,53,55
s568,54,66
s568,55,268
s568,56,11
s568,57,280
s569,1,1
s569,2,55
s569,3,74
s569,4,2
s569,5,11
s569,6,38
s569,7,8
s569,8,4
s569,9,48
s569,10,9
s569,11,44
s569,12,10
s569,13,20
s569,14,33
s569,15,26
s569,16,28
s569,17,31
s569,18,35
s569,19,39
s569,20,73
s569,21,14
s569,22,36
s569,23,78
s569,24,7
s569,25,79
s569,26,45
s569,27,110
s569,28,23
s569,29,117
s569,30,118
s569,31,30
s569,32,139
s569,33,25
s569,34,143
s569,35,144
s569,36,175
s569,37,43
s569,38,49
s569,39,245
s569,40,47
s569,41,53
s569,42,246
s569,43,13
s569,44,19
s569,45,247
s569,46,22
s569,47,253
s569,48,41
s569,49,255
s569,50,56
s569,51,66
s569,52,256
s569,53,34
s569,54,259
s569,55,32
s570,1,4
s570,2,1
s570,3,53
s570,4,9
s570,5,57
s570,6,23
s570,7,32
s570,8,64
s570,9,26
s570,10,20
s570,11,28
s570,12,17
s570,13,67
s570,14,35
s570,15,18
s570,16,38
s570,17,44
s570,18,41
s570,19,25
s570,20,15
s570,21,45
s570,22,74
s570,23,49
s570,24,78
s570,25,2
s570,26,79
s570,27,110
s570,28,118
s570,29,134
s570,30,139
s570,31,5
s570,32,143
s570,33,21
s570,34,246
s570,35,6
s570,36,24
s570,37,56
s570,38,253
s571,1,2
s571,2,73
s571,3,79
s571,4,4
s571,5,1
s571,6,27
s571,7,8
s571,8,55
s571,9,9
s571,10,34
s571,11,10
s571,12,25
s571,13,42
s571,14,11
s571,15,17
s571,16,12
s571,17,18
s571,18,53
s571,19,22
s571,20,50
s571,21,26
s571,22,38
s571,23,28
s571,24,16
s571,25,20
s571,26,31
s571,27,35
s571,28,6
s571,29,36
s571,30,52
s571,31,44
s571,32,37
s571,33,45
s571,34,71
s571,35,74
s571,36,14
s571,37,62
s571,38,78
s571,39,110
s571,40,117
s571,41,118
s571,42,139
s571,43,13
s571,44,143
s571,45,144
s571,46,246
s571,47,24
s571,48,54
s571,49,72
s571,50,253
s571,51,255
s571,52,39
s572,1,1
s572,2,59
s572,3,67
s572,4,4
s572,5,14
s572,6,18
s572,7,5
s572,8,41
s572,9,46
s572,10,8
s572,11,37
s572,12,47
s572,13,9
s572,14,28
s572,15,72
s572,16,10
s572,17,73
s572,18,76
s572,19,11
s572,20,22
s572,21,34
s572,22,17
s572,23,35
s572,24,52
s572,25,61
s572,26,26
s572,27,33
s572,28,27
s572,29,70
s572,30,13
s572,31,31
s572,32,23
s572,33,66
s572,34,19
s572,35,36
s572,36,25
s572,37,44
s572,38,45
s572,39,74
s572,40,21
s572,41,78
s572,42,79
s572,43,110
s572,44,7
s572,45,117
s572,46,118
s572,47,134
s572,48,58
s572,49,139
s572,50,143
s572,51,144
s572,52,246
s572,53,253
s572,54,50
s573,1,2
s573,2,72
s573,3,109
s573,4,4
s573,5,25
s573,6,51
s573,7,8
s573,8,12
s573,9,52
s573,10,10
s573,11,18
s573,12,58
s573,13,13
s573,14,87
s573,15,93
s573,16,17
s573,17,9
s573,18,77
s573,19,71
s573,20,102
s573,21,22
s573,22,64
s573,23,26
s573,24,31
s573,25,57
s573,26,35
s573,27,48
s573,28,40
s573,29,76
s573,30,85
s573,31,44
s573,32,70
s573,33,101
s573,34,73
s573,35,33
s573,36,61
s573,37,78
s573,38,62
s573,39,79
s573,40,110
s573,41,43
s573,42,117
s573,43,1
s573,44,118
s573,45,133
s573,46,139
s573,47,11
s573,48,143
s573,49,144
s573,50,153
s573,51,75
s573,52,187
s573,53,67
s573,54,96
s573,55,245
s573,56,24
s573,57,246
s573,58,63
s573,59,253
s573,60,68
s574,1,2
s574,2,26
s574,3,61
s574,4,85
s574,5,99
s574,6,8
s574,7,14
s574,8,78
s574,9,9
s574,10,70
s574,11,10
s574,12,46
s574,13,11
s574,14,87
s574,15,17
s574,16,1
s574,17,18
s574,18,55
s574,19,19
s574,20,79
s574,21,23
s574,22,64
s574,23,57
s574,24,71
s574,25,31
s574,26,24
s574,27,68
s574,28,35
s574,29,36
s574,30,77
s574,31,38
s574,32,52
s574,33,63
s574,34,44
s574,35,45
s574,36,76
s574,37,110
s574,38,58
s574,39,113
s574,40,66
s574,41,117
s574,42,59
s574,43,133
s574,44,134
s574,45,139
s574,46,7
s574,47,143
s574,48,47
s574,49,65
s574,50,146
s574,51,149
s574,52,62
s574,53,150
s574,54,94
s574,55,245
s574,56,22
s574,57,42
s574,58,93
s574,59,253
s574,60,27
s574,61,32
s574,62,255
s575,1,1
s575,2,52
s575,3,61
s575,4,2
s575,5,32
s575,6,33
s575,7,8
s575,8,22
s575,9,42
s575,10,9
s575,11,41
s575,12,75
s575,13,10
s575,14,53
s575,15,62
s575,16,14
s575,17,19
s575,18,74
s575,19,84
s575,20,17
s575,21,43
s575,22,63
s575,23,50
s575,24,23
s575,25,26
s575,26,31
s575,27,29
s575,28,35
s575,29,18
s575,30,37
s575,31,44
s575,32,20
s575,33,47
s575,34,45
s575,35,54
s575,36,78
s575,37,79
s575,38,67
s575,39,110
s575,40,113
s575,41,36
s575,42,71
s575,43,114
s575,44,117
s575,45,30
s575,46,72
s575,47,133
s575,48,38
s575,49,139
s575,50,143
s575,51,4
s575,52,146
s575,53,68
s575,54,149
s575,55,150
s575,56,164
s575,57,27
s575,58,170
s575,59,34
s575,60,177
s575,61,59
s575,62,73
s575,63,181
s575,64,246
s575,65,46
s575,66,253
s575,67,288
s576,1,2
s576,2,70
s576,3,80
s576,4,5
s576,5,16
s576,6,20
s576,7,8
s576,8,7
s576,9,49
s576,10,9
s576,11,42
s576,12,10
s576,13,53
s576,14,74
s576,15,14
s576,16,22
s576,17,41
s576,18,17
s576,19,15
s576,20,18
s576,21,19
s576,22,51
s576,23,72
s576,24,26
s576,25,40
s576,26,27
s576,27,38
s576,28,44
s576,29,45
s576,30,50
s576,31,73
s576,32,25
s576,33,47
s576,34,78
s576,35,79
s576,36,59
s576,37,110
s576,38,113
s576,39,117
s576,40,1
s576,41,39
s576,42,133
s576,43,139
s576,44,143
s576,45,4
s576,46,146
s576,47,149
s576,48,162
s576,49,245
s576,50,54
s576,51,253
s576,52,58
s576,53,71
s577,1,1
s577,2,49
s577,3,68
s577,4,8
s577,5,38
s577,6,10
s577,7,41
s577,8,17
s577,9,36
s577,10,19
s577,11,39
s577,12,26
s577,13,15
s577,14,74
s577,15,20
s577,16,40
s577,17,78
s577,18,79
s577,19,60
s577,20,110
s577,21,7
s577,22,31
s577,23,117
s577,24,118
s577,25,139
s577,26,32
s577,27,141
s577,28,45
s577,29,47
s577,30,143
s577,31,2
s577,32,144
s577,33,245
s577,34,13
s577,35,30
s577,36,44
s577,37,253
s577,38,48
s578,1,4
s578,2,15
s578,3,17
s578,4,8
s578,5,5
s578,6,9
s578,7,31
s578,8,13
s578,9,28
s578,10,52
s578,11,86
s578,12,100
s578,13,14
s578,14,75
s578,15,18
s578,16,58
s578,17,22
s578,18,40
s578,19,26
s578,20,30
s578,21,29
s578,22,38
s578,23,35
s578,24,21
s578,25,39
s578,26,46
s578,27,55
s578,28,73
s578,29,25
s578,30,84
s578,31,78
s578,32,12
s578,33,79
s578,34,97
s578,35,62
s578,36,108
s578,37,109
s578,38,99
s578,39,110
s578,40,113
s578,41,51
s578,42,61
s578,43,117
s578,44,1
s578,45,36
s578,46,118
s578,47,71
s578,48,133
s578,49,48
s578,50,66
s578,51,134
s578,52,139
s578,53,11
s578,54,23
s578,55,143
s578,56,2
s578,57,24
s578,58,41
s578,59,144
s578,60,146
s578,61,49
s578,62,63
s578,63,149
s578,64,37
s578,65,150
s578,66,183
s578,67,72
s578,68,187
s578,69,65
s578,70,251
s578,71,54
s578,72,57
s578,73,253
s578,74,88
s578,75,255
s578,76,33
s578,77,50
s578,78,258
s578,79,60
s578,80,67
s579,1,1
s579,2,70
s579,3,110
s579,4,4
s579,5,14
s579,6,39
s579,7,8
s579,8,40
s579,9,10
s579,10,56
s579,11,13
s579,12,17
s579,13,41
s579,14,9
s579,15,42
s579,16,19
s579,17,83
s579,18,23
s579,19,54
s579,20,68
s579,21,26
s579,22,69
s579,23,28
s579,24,16
s579,25,31
s579,26,50
s579,27,35
s579,28,3
s579,29,73
s579,30,99
s579,31,44
s579,32,45
s579,33,108
s579,34,75
s579,35,81
s579,36,78
s579,37,79
s579,38,100
s579,39,113
s579,40,52
s579,41,66
s579,42,117
s579,43,118
s579,44,133
s579,45,49
s579,46,139
s579,47,143
s579,48,144
s579,49,245
s579,50,34
s579,51,47
s579,52,86
s579,53,247
s579,54,12
s579,55,25
s579,56,251
s579,57,253
s579,58,80
s579,59,257
s579,60,29
s580,1,2
s580,2,69
s580,3,82
s580,4,4
s580,5,21
s580,6,28
s580,7,8
s580,8,5
s580,9,29
s580,10,10
s580,11,38
s580,12,17
s580,13,43
s580,14,76
s580,15,35
s580,16,32
s580,17,36
s580,18,74
s580,19,18
s580,20,78
s580,21,33
s580,22,79
s580,23,110
s580,24,7
s580,25,113
s580,26,30
s580,27,117
s580,28,1
s580,29,22
s580,30,133
s580,31,139
s580,32,143
s580,33,195
s580,34,245
s580,35,27
s580,36,250
s580,37,37
s580,38,253
s580,39,39
s580,40,67
s581,1,2
s581,2,54
s581,3,68
s581,4,3
s581,5,136
s581,6,137
s581,7,4
s581,8,20
s581,9,22
s581,10,82
s581,11,122
s581,12,8
s581,13,1
s581,14,23
s581,15,69
s581,16,123
s581,17,10
s581,18,9
s581,19,74
s581,20,135
s581,21,17
s581,22,128
s581,23,18
s581,24,83
s581,25,28
s581,26,11
s581,27,80
s581,28,129
s581,29,31
s581,30,35
s581,31,6
s581,32,24
s581,33,36
s581,34,45
s581,35,37
s581,36,43
s581,37,58
s581,38,70
s581,39,100
s581,40,21
s581,41,78
s581,42,75
s581,43,79
s581,44,110
s581,45,56
s581,46,113
s581,47,117
s581,48,57
s581,49,133
s581,50,139
s581,51,55
s581,52,141
s581,53,134
s581,54,143
s581,55,147
s581,56,96
s581,57,149
s581,58,67
s581,59,150
s581,60,108
s581,61,176
s581,62,71
s581,63,195
s581,64,245
s581,65,39
s581,66,247
s581,67,72
s581,68,250
s581,69,84
s581,70,88
s581,71,253
s581,72,29
s581,73,76
s581,74,81
s581,75,255
s581,76,94
s581,77,283
s581,78,286
s582,1,4
s582,2,24
s582,3,35
s582,4,48
s582,5,92
s582,6,5
s582,7,1
s582,8,8
s582,9,6
s582,10,36
s582,11,9
s582,12,105
s582,13,10
s582,14,18
s582,15,44
s582,16,14
s582,17,53
s582,18,83
s582,19,17
s582,20,45
s582,21,102
s582,22,28
s582,23,16
s582,24,70
s582,25,91
s582,26,59
s582,27,101
s582,28,37
s582,29,42
s582,30,47
s582,31,73
s582,32,89
s582,33,69
s582,34,54
s582,35,100
s582,36,68
s582,37,74
s582,38,20
s582,39,49
s582,40,78
s582,41,50
s582,42,99
s582,43,72
s582,44,108
s582,45,109
s582,46,82
s582,47,110
s582,48,11
s582,49,113
s582,50,117
s582,51,38
s582,52,133
s582,53,135
s582,54,96
s582,55,139
s582,56,143
s582,57,97
s582,58,146
s582,59,67
s582,60,149
s582,61,52
s582,62,173
s582,63,195
s582,64,246
s582,65,34
s582,66,247
s582,67,250
s582,68,253
s582,69,55
s582,70,66
s582,71,255
s583,1,4
s583,2,17
s583,3,82
s583,4,8
s583,5,1
s583,6,9
s583,7,94
s583,8,14
s583,9,20
s583,10,35
s583,11,12
s583,12,18
s583,13,49
s583,14,28
s583,15,13
s583,16,16
s583,17,52
s583,18,88
s583,19,32
s583,20,31
s583,21,5
s583,22,36
s583,23,93
s583,24,40
s583,25,22
s583,26,30
s583,27,47
s583,28,51
s583,29,55
s583,30,53
s583,31,48
s583,32,54
s583,33,63
s583,34,69
s583,35,67
s583,36,97
s583,37,73
s583,38,26
s583,39,33
s583,40,78
s583,41,34
s583,42,110
s583,43,10
s583,44,21
s583,45,113
s583,46,2
s583,47,114
s583,48,117
s583,49,3
s583,50,118
s583,51,29
s583,52,133
s583,53,92
s583,54,136
s583,55,87
s583,56,139
s583,57,143
s583,58,23
s583,59,147
s583,60,149
s583,61,45
s583,62,195
s583,63,246
s583,64,247
s583,65,57
s583,66,250
s583,67,59
s583,68,253
s583,69,255
s584,1,1
s584,2,66
s584,3,84
s584,4,5
s584,5,28
s584,6,46
s584,7,8
s584,8,21
s584,9,47
s584,10,9
s584,11,92
s584,12,10
s584,13,13
s584,14,17
s584,15,23
s584,16,15
s584,17,26
s584,18,27
s584,19,56
s584,20,59
s584,21,81
s584,22,29
s584,23,14
s584,24,35
s584,25,4
s584,26,36
s584,27,70
s584,28,57
s584,29,82
s584,30,78
s584,31,45
s584,32,79
s584,33,113
s584,34,48
s584,35,117
s584,36,41
s584,37,133
s584,38,83
s584,39,135
s584,40,58
s584,41,141
s584,42,52
s584,43,143
s584,44,39
s584,45,53
s584,46,146
s584,47,55
s584,48,147
s584,49,149
s584,50,166
s584,51,195
s584,52,246
s584,53,16
s584,54,250
s584,55,73
s584,56,253
s584,57,25
s584,58,255
s584,59,30
s584,60,44
s585,1,1
s585,2,8
s585,3,63
s585,4,3
s585,5,9
s585,6,73
s585,7,10
s585,8,17
s585,9,28
s585,10,26
s585,11,62
s585,12,35
s585,13,13
s585,14,36
s585,15,70
s585,16,40
s585,17,61
s585,18,78
s585,19,25
s585,20,79
s585,21,68
s585,22,113
s585,23,133
s585,24,22
s585,25,69
s585,26,135
s585,27,33
s585,28,64
s585,29,143
s585,30,23
s585,31,65
s585,32,146
s585,33,6
s585,34,149
s585,35,170
s585,36,195
s585,37,247
s585,38,5
s585,39,249
s585,40,19
s585,41,32
s585,42,253
s585,43,262
s585,44,50
s586,1,1
s586,2,18
s586,3,69
s586,4,8
s586,5,9
s586,6,79
s586,7,10
s586,8,41
s586,9,17
s586,10,55
s586,11,28
s586,12,20
s586,13,71
s586,14,35
s586,15,7
s586,16,36
s586,17,80
s586,18,47
s586,19,53
s586,20,39
s586,21,54
s586,22,68
s586,23,38
s586,24,78
s586,25,19
s586,26,113
s586,27,117
s586,28,135
s586,29,16
s586,30,143
s586,31,3
s586,32,146
s586,33,13
s586,34,149
s586,35,164
s586,36,56
s586,37,195
s586,38,246
s586,39,23
s586,40,37
s586,41,250
s586,42,42
s586,43,48
s586,44,253
s586,45,262
s586,46,51
s587,1,1
s587,2,14
s587,3,101
s587,4,8
s587,5,5
s587,6,13
s587,7,16
s587,8,52
s587,9,60
s587,10,17
s587,11,53
s587,12,20
s587,13,54
s587,14,26
s587,15,30
s587,16,28
s587,17,79
s587,18,96
s587,19,31
s587,20,22
s587,21,27
s587,22,35
s587,23,36
s587,24,49
s587,25,56
s587,26,69
s587,27,71
s587,28,78
s587,29,113
s587,30,7
s587,31,117
s587,32,133
s587,33,90
s587,34,135
s587,35,6
s587,36,47
s587,37,141
s587,38,77
s587,39,143
s587,40,48
s587,41,146
s587,42,72
s587,43,147
s587,44,89
s587,45,149
s587,46,73
s587,47,164
s587,48,94
s587,49,166
s587,50,32
s587,51,184
s587,52,67
s587,53,195
s587,54,246
s587,55,250
s587,56,253
s588,1,2
s588,2,76
s588,3,77
s588,4,4
s588,5,1
s588,6,33
s588,7,8
s588,8,73
s588,9,9
s588,10,58
s588,11,10
s588,12,18
s588,13,40
s588,14,28
s588,15,43
s588,16,71
s588,17,35
s588,18,37
s588,19,36
s588,20,75
s588,21,69
s588,22,46
s588,23,78
s588,24,113
s588,25,117
s588,26,118
s588,27,133
s588,28,136
s588,29,17
s588,30,31
s588,31,141
s588,32,55
s588,33,143
s588,34,32
s588,35,56
s588,36,146
s588,37,53
s588,38,149
s588,39,150
s588,40,195
s588,41,246
s588,42,250
s588,43,39
s588,44,253
s588,45,15
s589,1,1
s589,2,20
s589,3,70
s589,4,8
s589,5,10
s589,6,9
s589,7,76
s589,8,38
s589,9,17
s589,10,18
s589,11,64
s589,12,46
s589,13,67
s589,14,26
s589,15,40
s589,16,27
s589,17,28
s589,18,15
s589,19,66
s589,20,35
s589,21,7
s589,22,36
s589,23,69
s589,24,78
s589,25,79
s589,26,113
s589,27,117
s589,28,135
s589,29,11
s589,30,34
s589,31,141
s589,32,37
s589,33,65
s589,34,143
s589,35,3
s589,36,146
s589,37,62
s589,38,147
s589,39,149
s589,40,4
s589,41,63
s589,42,166
s589,43,195
s589,44,246
s589,45,14
s589,46,250
s589,47,253
s589,48,22
s589,49,255
s590,1,1
s590,2,52
s590,3,68
s590,4,8
s590,5,37
s590,6,9
s590,7,80
s590,8,19
s590,9,72
s590,10,26
s590,11,27
s590,12,28
s590,13,10
s590,14,36
s590,15,35
s590,16,4
s590,17,51
s590,18,69
s590,19,53
s590,20,71
s590,21,78
s590,22,79
s590,23,110
s590,24,34
s590,25,113
s590,26,41
s590,27,117
s590,28,2
s590,29,133
s590,30,70
s590,31,139
s590,32,7
s590,33,31
s590,34,141
s590,35,38
s590,36,63
s590,37,143
s590,38,32
s590,39,64
s590,40,195
s590,41,246
s590,42,12
s590,43,250
s590,44,39
s590,45,253
s590,46,15
s590,47,255
s590,48,23
s591,1,1
s591,2,13
s591,3,77
s591,4,8
s591,5,6
s591,6,17
s591,7,7
s591,8,20
s591,9,18
s591,10,26
s591,11,29
s591,12,48
s591,13,73
s591,14,35
s591,15,36
s591,16,70
s591,17,34
s591,18,78
s591,19,16
s591,20,79
s591,21,113
s591,22,117
s591,23,133
s591,24,67
s591,25,135
s591,26,143
s591,27,3
s591,28,49
s591,29,146
s591,30,149
s591,31,166
s591,32,22
s591,33,33
s591,34,64
s591,35,184
s591,36,66
s591,37,195
s591,38,246
s591,39,47
s591,40,250
s591,41,19
s591,42,253
s592,1,4
s592,2,22
s592,3,24
s592,4,8
s592,5,12
s592,6,9
s592,7,81
s592,8,10
s592,9,25
s592,10,95
s592,11,17
s592,12,18
s592,13,28
s592,14,20
s592,15,35
s592,16,11
s592,17,70
s592,18,36
s592,19,86
s592,20,78
s592,21,26
s592,22,79
s592,23,113
s592,24,19
s592,25,117
s592,26,133
s592,27,90
s592,28,135
s592,29,143
s592,30,82
s592,31,146
s592,32,21
s592,33,149
s592,34,150
s592,35,89
s592,36,195
s592,37,246
s592,38,23
s592,39,250
s592,40,39
s592,41,45
s592,42,253
s592,43,29
s592,44,33
s592,45,255
s592,46,47
s593,1,1
s593,2,27
s593,3,31
s593,4,4
s593,5,11
s593,6,17
s593,7,5
s593,8,40
s593,9,45
s593,10,8
s593,11,3
s593,12,18
s593,13,32
s593,14,9
s593,15,51
s593,16,10
s593,17,19
s593,18,29
s593,19,26
s593,20,23
s593,21,48
s593,22,35
s593,23,42
s593,24,36
s593,25,39
s593,26,28
s593,27,44
s593,28,113
s593,29,117
s593,30,133
s593,31,143
s593,32,246
s593,33,6
s593,34,13
s593,35,253
s593,36,258
s593,37,16
s593,38,24
s594,1,4
s594,2,16
s594,3,21
s594,4,46
s594,5,48
s594,6,8
s594,7,5
s594,8,22
s594,9,9
s594,10,54
s594,11,10
s594,12,29
s594,13,13
s594,14,45
s594,15,88
s594,16,17
s594,17,30
s594,18,37
s594,19,26
s594,20,28
s594,21,1
s594,22,19
s594,23,31
s594,24,49
s594,25,35
s594,26,44
s594,27,36
s594,28,50
s594,29,79
s594,30,41
s594,31,27
s594,32,97
s594,33,40
s594,34,77
s594,35,108
s594,36,109
s594,37,86
s594,38,136
s594,39,20
s594,40,143
s594,41,11
s594,42,245
s594,43,57
s594,44,246
s594,45,25
s594,46,253
s594,47,53
s594,48,255
s594,49,259
s595,1,5
s595,2,9
s595,3,14
s595,4,8
s595,5,1
s595,6,24
s595,7,10
s595,8,7
s595,9,61
s595,10,17
s595,11,19
s595,12,21
s595,13,26
s595,14,28
s595,15,13
s595,16,31
s595,17,22
s595,18,23
s595,19,36
s595,20,44
s595,21,35
s595,22,2
s595,23,53
s595,24,39
s595,25,57
s595,26,15
s595,27,45
s595,28,74
s595,29,78
s595,30,136
s595,31,161
s595,32,33
s595,33,246
s595,34,253
s595,35,258
s595,36,18
s596,1,4
s596,2,11
s596,3,25
s596,4,8
s596,5,2
s596,6,9
s596,7,41
s596,8,16
s596,9,24
s596,10,13
s596,11,30
s596,12,36
s596,13,46
s596,14,52
s596,15,63
s596,16,66
s596,17,78
s596,18,79
s596,19,17
s596,20,1
s596,21,37
s596,22,53
s596,23,67
s596,24,18
s596,25,86
s596,26,22
s596,27,70
s596,28,23
s596,29,76
s596,30,26
s596,31,71
s596,32,31
s596,33,35
s596,34,20
s596,35,97
s596,36,34
s596,37,64
s596,38,108
s596,39,109
s596,40,80
s596,41,136
s596,42,12
s596,43,21
s596,44,56
s596,45,141
s596,46,50
s596,47,143
s596,48,7
s596,49,51
s596,50,161
s596,51,32
s596,52,169
s596,53,85
s596,54,191
s596,55,246
s596,56,10
s596,57,15
s596,58,252
s596,59,27
s596,60,253
s596,61,38
s596,62,258
s596,63,19
s597,1,1
s597,2,46
s597,3,67
s597,4,2
s597,5,13
s597,6,29
s597,7,8
s597,8,30
s597,9,10
s597,10,7
s597,11,18
s597,12,17
s597,13,19
s597,14,26
s597,15,31
s597,16,35
s597,17,23
s597,18,53
s597,19,114
s597,20,20
s597,21,117
s597,22,118
s597,23,44
s597,24,134
s597,25,41
s597,26,136
s597,27,51
s597,28,141
s597,29,143
s597,30,42
s597,31,47
s597,32,161
s597,33,6
s597,34,22
s597,35,191
s597,36,246
s597,37,11
s597,38,252
s597,39,28
s597,40,253
s597,41,258
s597,42,15
s598,1,10
s598,2,17
s598,3,28
s598,4,40
s598,5,13
s598,6,47
s598,7,50
s598,8,1
s598,9,18
s598,10,41
s598,11,56
s598,12,19
s598,13,33
s598,14,23
s598,15,26
s598,16,15
s598,17,34
s598,18,31
s598,19,35
s598,20,32
s598,21,48
s598,22,53
s598,23,25
s598,24,91
s598,25,39
s598,26,108
s598,27,12
s598,28,109
s598,29,136
s598,30,30
s598,31,141
s598,32,143
s598,33,6
s598,34,187
s598,35,27
s598,36,191
s598,37,246
s598,38,5
s598,39,252
s598,40,29
s598,41,253
s598,42,258
s598,43,21
s599,1,4
s599,2,9
s599,3,17
s599,4,26
s599,5,31
s599,6,8
s599,7,2
s599,8,23
s599,9,21
s599,10,40
s599,11,10
s599,12,20
s599,13,51
s599,14,12
s599,15,19
s599,16,34
s599,17,24
s599,18,6
s599,19,25
s599,20,28
s599,21,11
s599,22,14
s599,23,35
s599,24,5
s599,25,15
s599,26,36
s599,27,30
s599,28,39
s599,29,16
s599,30,44
s599,31,74
s599,32,33
s599,33,78
s599,34,79
s599,35,136
s599,36,1
s599,37,246
s599,38,7
s599,39,253
s600,1,1
s600,2,50
s600,3,54
s600,4,8
s600,5,45
s600,6,9
s600,7,64
s600,8,10
s600,9,34
s600,10,73
s600,11,17
s600,12,22
s600,13,19
s600,14,40
s600,15,23
s600,16,69
s600,17,74
s600,18,26
s600,19,33
s600,20,55
s600,21,31
s600,22,37
s600,23,57
s600,24,32
s600,25,35
s600,26,16
s600,27,58
s600,28,41
s600,29,51
s600,30,63
s600,31,44
s600,32,75
s600,33,38
s600,34,52
s600,35,78
s600,36,79
s600,37,110
s600,38,20
s600,39,117
s600,40,14
s600,41,118
s600,42,246
s600,43,48
s600,44,253
s601,1,2
s601,2,15
s601,3,18
s601,4,5
s601,5,27
s601,6,48
s601,7,8
s601,8,11
s601,9,19
s601,10,9
s601,11,53
s601,12,10
s601,13,16
s601,14,14
s601,15,41
s601,16,59
s601,17,17
s601,18,3
s601,19,33
s601,20,23
s601,21,20
s601,22,24
s601,23,34
s601,24,26
s601,25,25
s601,26,31
s601,27,35
s601,28,22
s601,29,44
s601,30,45
s601,31,74
s601,32,78
s601,33,137
s601,34,1
s601,35,144
s601,36,187
s601,37,6
s601,38,246
s601,39,253
s602,1,1
s602,2,34
s602,3,50
s602,4,5
s602,5,14
s602,6,22
s602,7,8
s602,8,3
s602,9,23
s602,10,37
s602,11,47
s602,12,17
s602,13,30
s602,14,18
s602,15,26
s602,16,31
s602,17,28
s602,18,35
s602,19,97
s602,20,29
s602,21,44
s602,22,108
s602,23,109
s602,24,49
s602,25,110
s602,26,117
s602,27,118
s602,28,136
s602,29,33
s602,30,43
s602,31,139
s602,32,141
s602,33,143
s602,34,19
s602,35,27
s602,36,144
s602,37,187
s602,38,25
s602,39,246
s602,40,6
s602,41,21
s602,42,253
s602,43,40
s603,1,2
s603,2,31
s603,3,48
s603,4,8
s603,5,24
s603,6,9
s603,7,55
s603,8,10
s603,9,11
s603,10,1
s603,11,5
s603,12,17
s603,13,6
s603,14,19
s603,15,28
s603,16,34
s603,17,20
s603,18,26
s603,19,4
s603,20,25
s603,21,27
s603,22,43
s603,23,15
s603,24,35
s603,25,39
s603,26,14
s603,27,53
s603,28,44
s603,29,45
s603,30,75
s603,31,18
s603,32,78
s603,33,79
s603,34,52
s603,35,110
s603,36,7
s603,37,12
s603,38,117
s603,39,118
s603,40,137
s603,41,30
s603,42,139
s603,43,143
s603,44,23
s603,45,144
s603,46,246
s603,47,42
s603,48,253
s603,49,22
s604,1,1
s604,2,35
s604,3,45
s604,4,5
s604,5,16
s604,6,25
s604,7,8
s604,8,26
s604,9,9
s604,10,52
s604,11,23
s604,12,21
s604,13,58
s604,14,31
s604,15,18
s604,16,12
s604,17,39
s604,18,22
s604,19,51
s604,20,44
s604,21,10
s604,22,95
s604,23,17
s604,24,108
s604,25,7
s604,26,113
s604,27,118
s604,28,133
s604,29,15
s604,30,136
s604,31,28
s604,32,141
s604,33,143
s604,34,29
s604,35,144
s604,36,43
s604,37,245
s604,38,38
s604,39,49
s604,40,246
s604,41,14
s604,42,253
s604,43,34
s604,44,266
s605,1,2
s605,2,15
s605,3,32
s605,4,68
s605,5,70
s605,6,8
s605,7,7
s605,8,61
s605,9,9
s605,10,37
s605,11,10
s605,12,11
s605,13,34
s605,14,13
s605,15,45
s605,16,14
s605,17,71
s605,18,17
s605,19,4
s605,20,35
s605,21,62
s605,22,19
s605,23,36
s605,24,22
s605,25,53
s605,26,26
s605,27,6
s605,28,31
s605,29,18
s605,30,46
s605,31,74
s605,32,21
s605,33,48
s605,34,78
s605,35,12
s605,36,79
s605,37,66
s605,38,113
s605,39,1
s605,40,114
s605,41,23
s605,42,117
s605,43,118
s605,44,58
s605,45,133
s605,46,30
s605,47,136
s605,48,42
s605,49,143
s605,50,191
s605,51,245
s605,52,55
s605,53,246
s605,54,252
s605,55,253
s605,56,41
s605,57,266
s605,58,27
s606,1,1
s606,2,75
s606,3,95
s606,4,8
s606,5,63
s606,6,10
s606,7,62
s606,8,14
s606,9,81
s606,10,17
s606,11,22
s606,12,65
s606,13,26
s606,14,58
s606,15,31
s606,16,35
s606,17,55
s606,18,38
s606,19,19
s606,20,34
s606,21,41
s606,22,45
s606,23,61
s606,24,44
s606,25,9
s606,26,69
s606,27,76
s606,28,74
s606,29,20
s606,30,78
s606,31,7
s606,32,110
s606,33,56
s606,34,117
s606,35,118
s606,36,136
s606,37,139
s606,38,141
s606,39,60
s606,40,64
s606,41,143
s606,42,57
s606,43,164
s606,44,49
s606,45,245
s606,46,12
s606,47,42
s606,48,88
s606,49,247
s606,50,253
s606,51,24
s606,52,29
s606,53,66
s606,54,73
s607,1,1
s607,2,20
s607,3,39
s607,4,60
s607,5,72
s607,6,8
s607,7,14
s607,8,40
s607,9,10
s607,10,56
s607,11,13
s607,12,19
s607,13,42
s607,14,17
s607,15,43
s607,16,18
s607,17,34
s607,18,22
s607,19,44
s607,20,51
s607,21,26
s607,22,9
s607,23,35
s607,24,52
s607,25,31
s607,26,15
s607,27,36
s607,28,49
s607,29,41
s607,30,12
s607,31,45
s607,32,70
s607,33,75
s607,34,27
s607,35,78
s607,36,16
s607,37,110
s607,38,117
s607,39,3
s607,40,118
s607,41,136
s607,42,53
s607,43,59
s607,44,139
s607,45,141
s607,46,143
s607,47,7
s607,48,37
s607,49,50
s607,50,144
s607,51,69
s607,52,164
s607,53,47
s607,54,245
s607,55,62
s607,56,247
s607,57,253
s607,58,48
s607,59,254
s607,60,30
s608,1,1
s608,2,39
s608,3,63
s608,4,2
s608,5,13
s608,6,22
s608,7,8
s608,8,6
s608,9,23
s608,10,9
s608,11,69
s608,12,27
s608,13,57
s608,14,17
s608,15,18
s608,16,20
s608,17,21
s608,18,55
s608,19,26
s608,20,64
s608,21,28
s608,22,31
s608,23,35
s608,24,36
s608,25,67
s608,26,70
s608,27,54
s608,28,78
s608,29,25
s608,30,79
s608,31,65
s608,32,99
s608,33,16
s608,34,38
s608,35,108
s608,36,11
s608,37,109
s608,38,52
s608,39,113
s608,40,133
s608,41,195
s608,42,246
s608,43,40
s608,44,250
s608,45,14
s608,46,15
s608,47,253
s609,1,1
s609,2,46
s609,3,70
s609,4,2
s609,5,8
s609,6,33
s609,7,34
s609,8,9
s609,9,76
s609,10,10
s609,11,17
s609,12,28
s609,13,51
s609,14,65
s609,15,35
s609,16,36
s609,17,69
s609,18,66
s609,19,16
s609,20,78
s609,21,5
s609,22,79
s609,23,113
s609,24,133
s609,25,73
s609,26,135
s609,27,14
s609,28,30
s609,29,141
s609,30,143
s609,31,6
s609,32,31
s609,33,67
s609,34,145
s609,35,37
s609,36,45
s609,37,149
s609,38,23
s609,39,150
s609,40,56
s609,41,151
s609,42,195
s609,43,246
s609,44,21
s609,45,32
s609,46,250
s609,47,253
s609,48,12
s609,49,18
s610,1,1
s610,2,76
s610,3,95
s610,4,2
s610,5,36
s610,6,54
s610,7,8
s610,8,12
s610,9,55
s610,10,9
s610,11,112
s610,12,10
s610,13,26
s610,14,61
s610,15,17
s610,16,18
s610,17,70
s610,18,28
s610,19,71
s610,20,89
s610,21,35
s610,22,107
s610,23,69
s610,24,73
s610,25,78
s610,26,51
s610,27,79
s610,28,110
s610,29,7
s610,30,50
s610,31,113
s610,32,60
s610,33,117
s610,34,133
s610,35,139
s610,36,6
s610,37,141
s610,38,84
s610,39,143
s610,40,85
s610,41,147
s610,42,88
s610,43,149
s610,44,48
s610,45,150
s610,46,103
s610,47,151
s610,48,63
s610,49,97
s610,50,195
s610,51,245
s610,52,45
s610,53,59
s610,54,250
s610,55,65
s610,56,72
s610,57,253
s610,58,14
s610,59,27
s610,60,33
s610,61,254
s610,62,37
s610,63,42
s611,1,1
s611,2,14
s611,3,42
s611,4,3
s611,5,73
s611,6,74
s611,7,8
s611,8,43
s611,9,9
s611,10,83
s611,11,10
s611,12,11
s611,13,17
s611,14,28
s611,15,54
s611,16,35
s611,17,39
s611,18,36
s611,19,70
s611,20,53
s611,21,78
s611,22,79
s611,23,110
s611,24,38
s611,25,113
s611,26,47
s611,27,117
s611,28,133
s611,29,45
s611,30,139
s611,31,37
s611,32,143
s611,33,4
s611,34,147
s611,35,65
s611,36,149
s611,37,150
s611,38,151
s611,39,44
s611,40,195
s611,41,245
s611,42,250
s611,43,253
s611,44,254
s611,45,21
s611,46,25
s612,1,1
s612,2,14
s612,3,49
s612,4,3
s612,5,61
s612,6,85
s612,7,8
s612,8,6
s612,9,50
s612,10,9
s612,11,94
s612,12,10
s612,13,45
s612,14,17
s612,15,2
s612,16,18
s612,17,76
s612,18,20
s612,19,54
s612,20,64
s612,21,26
s612,22,46
s612,23,27
s612,24,75
s612,25,28
s612,26,60
s612,27,82
s612,28,29
s612,29,13
s612,30,44
s612,31,35
s612,32,36
s612,33,69
s612,34,55
s612,35,81
s612,36,78
s612,37,79
s612,38,110
s612,39,113
s612,40,48
s612,41,117
s612,42,133
s612,43,139
s612,44,7
s612,45,43
s612,46,141
s612,47,51
s612,48,143
s612,49,151
s612,50,80
s612,51,195
s612,52,245
s612,53,25
s612,54,250
s612,55,68
s612,56,253
s612,57,15
s612,58,254
s612,59,22
s613,1,1
s613,2,80
s613,3,97
s613,4,8
s613,5,45
s613,6,13
s613,7,22
s613,8,81
s613,9,14
s613,10,96
s613,11,17
s613,12,82
s613,13,19
s613,14,58
s613,15,20
s613,16,48
s613,17,26
s613,18,49
s613,19,29
s613,20,30
s613,21,60
s613,22,88
s613,23,35
s613,24,47
s613,25,89
s613,26,69
s613,27,61
s613,28,92
s613,29,75
s613,30,33
s613,31,78
s613,32,23
s613,33,79
s613,34,110
s613,35,11
s613,36,42
s613,37,113
s613,38,4
s613,39,50
s613,40,117
s613,41,5
s613,42,43
s613,43,133
s613,44,65
s613,45,141
s613,46,143
s613,47,44
s613,48,62
s613,49,146
s613,50,6
s613,51,149
s613,52,151
s613,53,87
s613,54,170
s613,55,39
s613,56,195
s613,57,250
s613,58,51
s613,59,83
s613,60,253
s613,61,24
s613,62,255
s613,63,34
s614,1,5
s614,2,12
s614,3,69
s614,4,8
s614,5,6
s614,6,10
s614,7,7
s614,8,17
s614,9,1
s614,10,99
s614,11,11
s614,12,63
s614,13,108
s614,14,4
s614,15,109
s614,16,113
s614,17,133
s614,18,151
s614,19,13
s614,20,195
s614,21,245
s614,22,23
s614,23,57
s614,24,250
s614,25,9
s614,26,253
s614,27,16
s614,28,20
s615,1,1
s615,2,56
s615,3,78
s615,4,8
s615,5,45
s615,6,9
s615,7,88
s615,8,10
s615,9,11
s615,10,91
s615,11,17
s615,12,3
s615,13,28
s615,14,54
s615,15,80
s615,16,35
s615,17,40
s615,18,36
s615,19,69
s615,20,81
s615,21,42
s615,22,79
s615,23,110
s615,24,37
s615,25,113
s615,26,117
s615,27,38
s615,28,133
s615,29,70
s615,30,139
s615,31,16
s615,32,141
s615,33,43
s615,34,52
s615,35,143
s615,36,5
s615,37,53
s615,38,151
s615,39,46
s615,40,73
s615,41,195
s615,42,246
s615,43,19
s615,44,41
s615,45,250
s615,46,60
s615,47,253
s615,48,15
s616,1,4
s616,2,10
s616,3,69
s616,4,8
s616,5,2
s616,6,9
s616,7,17
s616,8,19
s616,9,16
s616,10,26
s616,11,29
s616,12,35
s616,13,74
s616,14,27
s616,15,78
s616,16,136
s616,17,24
s616,18,143
s616,19,15
s616,20,151
s616,21,18
s616,22,250
s616,23,22
s616,24,25
s616,25,253
s616,26,28
s616,27,36
s616,28,40
s616,29,50
s616,30,262
s616,31,13
s616,32,52
s616,33,54
s616,34,286
s617,1,5
s617,2,22
s617,3,68
s617,4,8
s617,5,17
s617,6,10
s617,7,9
s617,8,14
s617,9,34
s617,10,1
s617,11,15
s617,12,20
s617,13,52
s617,14,26
s617,15,7
s617,16,27
s617,17,28
s617,18,35
s617,19,16
s617,20,70
s617,21,78
s617,22,113
s617,23,117
s617,24,141
s617,25,11
s617,26,143
s617,27,146
s617,28,58
s617,29,149
s617,30,150
s617,31,67
s617,32,151
s617,33,195
s617,34,246
s617,35,33
s617,36,250
s617,37,12
s617,38,253
s618,1,1
s618,2,12
s618,3,66
s618,4,8
s618,5,5
s618,6,10
s618,7,17
s618,8,28
s618,9,35
s618,10,3
s618,11,69
s618,12,21
s618,13,55
s618,14,78
s618,15,79
s618,16,113
s618,17,133
s618,18,151
s618,19,20
s618,20,195
s618,21,246
s618,22,23
s618,23,56
s618,24,250
s618,25,253
s618,26,18
s619,1,4
s619,2,18
s619,3,38
s619,4,8
s619,5,9
s619,6,52
s619,7,10
s619,8,34
s619,9,102
s619,10,17
s619,11,15
s619,12,28
s619,13,79
s619,14,94
s619,15,35
s619,16,51
s619,17,36
s619,18,69
s619,19,74
s619,20,90
s619,21,78
s619,22,55
s619,23,98
s619,24,110
s619,25,113
s619,26,1
s619,27,39
s619,28,60
s619,29,117
s619,30,40
s619,31,53
s619,32,133
s619,33,64
s619,34,135
s619,35,6
s619,36,37
s619,37,143
s619,38,151
s619,39,12
s619,40,195
s619,41,245
s619,42,58
s619,43,71
s619,44,250
s619,45,11
s619,46,253
s619,47,14
s619,48,19
s619,49,25
s619,50,254
s619,51,29
s619,52,46
s620,1,4
s620,2,7
s620,3,64
s620,4,8
s620,5,1
s620,6,9
s620,7,79
s620,8,14
s620,9,13
s620,10,35
s620,11,52
s620,12,74
s620,13,17
s620,14,48
s620,15,18
s620,16,44
s620,17,81
s620,18,99
s620,19,70
s620,20,108
s620,21,109
s620,22,80
s620,23,114
s620,24,11
s620,25,65
s620,26,117
s620,27,118
s620,28,78
s620,29,133
s620,30,67
s620,31,143
s620,32,144
s620,33,152
s620,34,46
s620,35,53
s620,36,161
s620,37,165
s620,38,16
s620,39,24
s620,40,56
s620,41,175
s620,42,68
s620,43,76
s620,44,179
s620,45,42
s620,46,54
s620,47,180
s620,48,28
s620,49,195
s620,50,197
s620,51,198
s620,52,246
s620,53,250
s620,54,49
s620,55,72
s620,56,253
s620,57,32
s620,58,255
s620,59,21
s620,60,37
s620,61,45
s621,1,2
s621,2,89
s621,3,90
s621,4,8
s621,5,87
s621,6,10
s621,7,12
s621,8,42
s621,9,17
s621,10,5
s621,11,18
s621,12,51
s621,13,20
s621,14,26
s621,15,84
s621,16,28
s621,17,47
s621,18,78
s621,19,35
s621,20,41
s621,21,36
s621,22,88
s621,23,69
s621,24,55
s621,25,79
s621,26,110
s621,27,6
s621,28,113
s621,29,44
s621,30,82
s621,31,117
s621,32,1
s621,33,118
s621,34,135
s621,35,48
s621,36,139
s621,37,37
s621,38,141
s621,39,143
s621,40,4
s621,41,38
s621,42,144
s621,43,146
s621,44,45
s621,45,81
s621,46,149
s621,47,150
s621,48,152
s621,49,49
s621,50,161
s621,51,165
s621,52,15
s621,53,175
s621,54,52
s621,55,77
s621,56,179
s621,57,3
s621,58,13
s621,59,39
s621,60,50
s621,61,180
s621,62,21
s621,63,85
s621,64,195
s621,65,197
s621,66,198
s621,67,86
s621,68,246
s621,69,250
s621,70,253
s621,71,22
s621,72,25
s621,73,255
s622,1,5
s622,2,7
s622,3,30
s622,4,8
s622,5,1
s622,6,9
s622,7,40
s622,8,10
s622,9,23
s622,10,42
s622,11,17
s622,12,18
s622,13,50
s622,14,28
s622,15,26
s622,16,81
s622,17,29
s622,18,82
s622,19,93
s622,20,35
s622,21,47
s622,22,56
s622,23,69
s622,24,78
s622,25,25
s622,26,79
s622,27,113
s622,28,80
s622,29,114
s622,30,117
s622,31,133
s622,32,135
s622,33,143
s622,34,147
s622,35,27
s622,36,149
s622,37,19
s622,38,150
s622,39,161
s622,40,13
s622,41,164
s622,42,165
s622,43,41
s622,44,85
s622,45,179
s622,46,14
s622,47,34
s622,48,180
s622,49,20
s622,50,195
s622,51,197
s622,52,198
s622,53,246
s622,54,16
s622,55,250
s622,56,253
s622,57,24
s622,58,255
s622,59,32
s623,1,10
s623,2,16
s623,3,74
s623,4,17
s623,5,1
s623,6,70
s623,7,26
s623,8,78
s623,9,113
s623,10,8
s623,11,117
s623,12,133
s623,13,9
s623,14,143
s623,15,146
s623,16,15
s623,17,24
s623,18,147
s623,19,3
s623,20,64
s623,21,149
s623,22,25
s623,23,199
s623,24,63
s623,25,201
s623,26,202
s623,27,246
s623,28,21
s623,29,247
s623,30,253
s623,31,13
s623,32,19
s624,1,2
s624,2,44
s624,3,59
s624,4,8
s624,5,23
s624,6,9
s624,7,67
s624,8,10
s624,9,19
s624,10,17
s624,11,1
s624,12,28
s624,13,35
s624,14,6
s624,15,51
s624,16,45
s624,17,63
s624,18,70
s624,19,64
s624,20,78
s624,21,79
s624,22,113
s624,23,7
s624,24,117
s624,25,133
s624,26,143
s624,27,146
s624,28,43
s624,29,147
s624,30,50
s624,31,149
s624,32,199
s624,33,60
s624,34,201
s624,35,202
s624,36,246
s624,37,22
s624,38,247
s624,39,11
s624,40,253
s624,41,15
s624,42,20
s624,43,262
s625,1,10
s625,2,32
s625,3,73
s625,4,11
s625,5,18
s625,6,31
s625,7,17
s625,8,28
s625,9,35
s625,10,47
s625,11,15
s625,12,30
s625,13,53
s625,14,70
s625,15,25
s625,16,78
s625,17,12
s625,18,113
s625,19,117
s625,20,1
s625,21,133
s625,22,56
s625,23,135
s625,24,9
s625,25,55
s625,26,143
s625,27,145
s625,28,13
s625,29,57
s625,30,146
s625,31,65
s625,32,149
s625,33,4
s625,34,58
s625,35,165
s625,36,166
s625,37,14
s625,38,54
s625,39,179
s625,40,8
s625,41,180
s625,42,199
s625,43,16
s625,44,61
s625,45,201
s625,46,202
s625,47,246
s625,48,39
s625,49,247
s625,50,26
s625,51,253
s625,52,29
s625,53,36
s625,54,295
s625,55,19
s626,1,2
s626,2,18
s626,3,44
s626,4,8
s626,5,6
s626,6,9
s626,7,61
s626,8,10
s626,9,72
s626,10,17
s626,11,1
s626,12,47
s626,13,7
s626,14,20
s626,15,70
s626,16,42
s626,17,78
s626,18,113
s626,19,5
s626,20,117
s626,21,133
s626,22,48
s626,23,135
s626,24,143
s626,25,145
s626,26,146
s626,27,63
s626,28,149
s626,29,49
s626,30,165
s626,31,166
s626,32,39
s626,33,179
s626,34,40
s626,35,199
s626,36,56
s626,37,201
s626,38,202
s626,39,246
s626,40,28
s626,41,247
s626,42,19
s626,43,253
s626,44,22
s626,45,25
s626,46,295
s627,1,5
s627,2,29
s627,3,35
s627,4,8
s627,5,26
s627,6,9
s627,7,45
s627,8,13
s627,9,31
s627,10,55
s627,11,17
s627,12,20
s627,13,22
s627,14,25
s627,15,23
s627,16,24
s627,17,19
s627,18,12
s627,19,36
s627,20,28
s627,21,39
s627,22,11
s627,23,74
s627,24,15
s627,25,78
s627,26,6
s627,27,79
s627,28,33
s627,29,113
s627,30,41
s627,31,117
s627,32,1
s627,33,118
s627,34,53
s627,35,133
s627,36,27
s627,37,40
s627,38,134
s627,39,136
s627,40,18
s627,41,143
s627,42,14
s627,43,146
s627,44,7
s627,45,147
s627,46,149
s627,47,161
s627,48,4
s627,49,10
s627,50,165
s627,51,179
s627,52,180
s627,53,246
s627,54,253
s627,55,259
s628,1,5
s628,2,7
s628,3,12
s628,4,8
s628,5,1
s628,6,9
s628,7,17
s628,8,10
s628,9,13
s628,10,27
s628,11,39
s628,12,48
s628,13,28
s628,14,18
s628,15,63
s628,16,22
s628,17,37
s628,18,47
s628,19,23
s628,20,26
s628,21,32
s628,22,35
s628,23,50
s628,24,36
s628,25,42
s628,26,11
s628,27,25
s628,28,99
s628,29,38
s628,30,108
s628,31,31
s628,32,109
s628,33,58
s628,34,110
s628,35,117
s628,36,118
s628,37,33
s628,38,136
s628,39,139
s628,40,16
s628,41,143
s628,42,3
s628,43,144
s628,44,34
s628,45,147
s628,46,29
s628,47,149
s628,48,150
s628,49,209
s628,50,245
s628,51,248
s628,52,253
s628,53,51
s628,54,254
s628,55,20
s629,1,2
s629,2,59
s629,3,73
s629,4,5
s629,5,21
s629,6,38
s629,7,8
s629,8,13
s629,9,39
s629,10,16
s629,11,40
s629,12,14
s629,13,41
s629,14,17
s629,15,7
s629,16,22
s629,17,49
s629,18,26
s629,19,32
s629,20,45
s629,21,70
s629,22,35
s629,23,36
s629,24,51
s629,25,99
s629,26,57
s629,27,108
s629,28,109
s629,29,110
s629,30,117
s629,31,1
s629,32,118
s629,33,136
s629,34,42
s629,35,43
s629,36,139
s629,37,143
s629,38,37
s629,39,144
s629,40,50
s629,41,147
s629,42,33
s629,43,149
s629,44,15
s629,45,150
s629,46,209
s629,47,12
s629,48,245
s629,49,29
s629,50,248
s629,51,18
s629,52,253
s629,53,62
s629,54,254
s629,55,24
s630,1,2
s630,2,62
s630,3,70
s630,4,8
s630,5,46
s630,6,10
s630,7,15
s630,8,36
s630,9,13
s630,10,48
s630,11,17
s630,12,7
s630,13,37
s630,14,22
s630,15,45
s630,16,26
s630,17,38
s630,18,32
s630,19,50
s630,20,35
s630,21,41
s630,22,58
s630,23,42
s630,24,66
s630,25,103
s630,26,51
s630,27,108
s630,28,109
s630,29,110
s630,30,34
s630,31,117
s630,32,1
s630,33,118
s630,34,140
s630,35,143
s630,36,4
s630,37,144
s630,38,147
s630,39,19
s630,40,149
s630,41,150
s630,42,210
s630,43,14
s630,44,245
s630,45,33
s630,46,248
s630,47,23
s630,48,253
s630,49,47
s630,50,254
s630,51,25
s630,52,28
s631,1,4
s631,2,14
s631,3,27
s631,4,8
s631,5,3
s631,6,9
s631,7,33
s631,8,10
s631,9,36
s631,10,59
s631,11,70
s631,12,17
s631,13,2
s631,14,37
s631,15,19
s631,16,23
s631,17,50
s631,18,26
s631,19,1
s631,20,38
s631,21,40
s631,22,56
s631,23,57
s631,24,110
s631,25,6
s631,26,35
s631,27,117
s631,28,118
s631,29,41
s631,30,139
s631,31,28
s631,32,143
s631,33,144
s631,34,32
s631,35,147
s631,36,149
s631,37,13
s631,38,150
s631,39,209
s631,40,245
s631,41,248
s631,42,16
s631,43,253
s631,44,44
s631,45,254
s631,46,20
s632,1,4
s632,2,18
s632,3,22
s632,4,8
s632,5,11
s632,6,9
s632,7,35
s632,8,10
s632,9,33
s632,10,14
s632,11,44
s632,12,68
s632,13,17
s632,14,34
s632,15,20
s632,16,28
s632,17,23
s632,18,41
s632,19,26
s632,20,6
s632,21,29
s632,22,101
s632,23,43
s632,24,59
s632,25,108
s632,26,36
s632,27,109
s632,28,65
s632,29,110
s632,30,30
s632,31,117
s632,32,1
s632,33,118
s632,34,139
s632,35,143
s632,36,144
s632,37,147
s632,38,32
s632,39,149
s632,40,150
s632,41,209
s632,42,245
s632,43,248
s632,44,16
s632,45,253
s632,46,38
s632,47,254
s633,1,1
s633,2,79
s633,3,81
s633,4,2
s633,5,37
s633,6,42
s633,7,68
s633,8,78
s633,9,8
s633,10,28
s633,11,58
s633,12,9
s633,13,48
s633,14,10
s633,15,20
s633,16,31
s633,17,13
s633,18,47
s633,19,72
s633,20,17
s633,21,32
s633,22,18
s633,23,14
s633,24,38
s633,25,22
s633,26,70
s633,27,26
s633,28,4
s633,29,39
s633,30,27
s633,31,36
s633,32,45
s633,33,67
s633,34,43
s633,35,44
s633,36,35
s633,37,77
s633,38,101
s633,39,60
s633,40,69
s633,41,105
s633,42,21
s633,43,33
s633,44,108
s633,45,11
s633,46,109
s633,47,110
s633,48,40
s633,49,117
s633,50,118
s633,51,132
s633,52,139
s633,53,143
s633,54,144
s633,55,30
s633,56,147
s633,57,12
s633,58,25
s633,59,149
s633,60,5
s633,61,150
s633,62,29
s633,63,210
s633,64,245
s633,65,246
s633,66,253
s633,67,46
s633,68,54
s633,69,255
s633,70,257
s634,1,4
s634,2,18
s634,3,25
s634,4,8
s634,5,12
s634,6,9
s634,7,38
s634,8,10
s634,9,20
s634,10,54
s634,11,17
s634,12,16
s634,13,19
s634,14,22
s634,15,42
s634,16,43
s634,17,26
s634,18,15
s634,19,32
s634,20,30
s634,21,35
s634,22,28
s634,23,36
s634,24,39
s634,25,31
s634,26,110
s634,27,117
s634,28,139
s634,29,143
s634,30,144
s634,31,147
s634,32,149
s634,33,150
s634,34,210
s634,35,7
s634,36,246
s634,37,253
s635,1,1
s635,2,30
s635,3,82
s635,4,8
s635,5,11
s635,6,13
s635,7,14
s635,8,17
s635,9,99
s635,10,22
s635,11,63
s635,12,108
s635,13,4
s635,14,109
s635,15,111
s635,16,9
s635,17,10
s635,18,113
s635,19,28
s635,20,114
s635,21,29
s635,22,117
s635,23,133
s635,24,19
s635,25,25
s635,26,139
s635,27,12
s635,28,143
s635,29,144
s635,30,61
s635,31,145
s635,32,149
s635,33,150
s635,34,41
s635,35,168
s635,36,32
s635,37,179
s635,38,180
s635,39,36
s635,40,246
s635,41,38
s635,42,247
s635,43,253
s636,1,2
s636,2,61
s636,3,108
s636,4,5
s636,5,10
s636,6,20
s636,7,8
s636,8,1
s636,9,53
s636,10,9
s636,11,28
s636,12,11
s636,13,63
s636,14,13
s636,15,33
s636,16,35
s636,17,17
s636,18,21
s636,19,58
s636,20,18
s636,21,42
s636,22,19
s636,23,62
s636,24,88
s636,25,89
s636,26,22
s636,27,48
s636,28,26
s636,29,49
s636,30,32
s636,31,29
s636,32,24
s636,33,36
s636,34,50
s636,35,41
s636,36,15
s636,37,46
s636,38,136
s636,39,39
s636,40,137
s636,41,141
s636,42,143
s636,43,144
s636,44,59
s636,45,191
s636,46,245
s636,47,55
s636,48,66
s636,49,246
s636,50,252
s636,51,253
s636,52,259
s636,53,23
s637,1,4
s637,2,13
s637,3,61
s637,4,8
s637,5,1
s637,6,9
s637,7,68
s637,8,113
s637,9,136
s637,10,62
s637,11,144
s637,12,164
s637,13,16
s637,14,60
s637,15,179
s637,16,195
s637,17,7
s637,18,197
s637,19,198
s637,20,246
s637,21,250
s637,22,31
s637,23,256
s637,24,19
s637,25,27
s638,1,1
s638,2,42
s638,3,68
s638,4,2
s638,5,14
s638,6,15
s638,7,5
s638,8,23
s638,9,27
s638,10,8
s638,11,16
s638,12,37
s638,13,9
s638,14,31
s638,15,10
s638,16,57
s638,17,17
s638,18,18
s638,19,19
s638,20,29
s638,21,20
s638,22,58
s638,23,26
s638,24,41
s638,25,84
s638,26,56
s638,27,111
s638,28,117
s638,29,118
s638,30,35
s638,31,139
s638,32,143
s638,33,144
s638,34,30
s638,35,147
s638,36,28
s638,37,149
s638,38,150
s638,39,33
s638,40,165
s638,41,179
s638,42,11
s638,43,180
s638,44,34
s638,45,246
s638,46,38
s638,47,247
s638,48,6
s638,49,7
s638,50,250
s638,51,253
s638,52,13
s638,53,44
s639,1,1
s639,2,66
s639,3,94
s639,4,4
s639,5,24
s639,6,26
s639,7,49
s639,8,57
s639,9,8
s639,10,43
s639,11,58
s639,12,9
s639,13,40
s639,14,11
s639,15,35
s639,16,17
s639,17,25
s639,18,19
s639,19,68
s639,20,87
s639,21,20
s639,22,88
s639,23,59
s639,24,31
s639,25,76
s639,26,81
s639,27,67
s639,28,36
s639,29,37
s639,30,42
s639,31,56
s639,32,84
s639,33,44
s639,34,82
s639,35,101
s639,36,70
s639,37,108
s639,38,63
s639,39,109
s639,40,110
s639,41,32
s639,42,48
s639,43,117
s639,44,18
s639,45,118
s639,46,60
s639,47,136
s639,48,72
s639,49,139
s639,50,34
s639,51,47
s639,52,143
s639,53,23
s639,54,144
s639,55,147
s639,56,41
s639,57,149
s639,58,150
s639,59,246
s639,60,12
s639,61,250
s639,62,55
s639,63,253
s639,64,39
s640,1,2
s640,2,84
s640,3,89
s640,4,8
s640,5,64
s640,6,14
s640,7,57
s640,8,17
s640,9,43
s640,10,22
s640,11,29
s640,12,26
s640,13,23
s640,14,31
s640,15,60
s640,16,79
s640,17,35
s640,18,52
s640,19,36
s640,20,37
s640,21,1
s640,22,42
s640,23,25
s640,24,78
s640,25,101
s640,26,62
s640,27,108
s640,28,109
s640,29,133
s640,30,143
s640,31,144
s640,32,147
s640,33,27
s640,34,149
s640,35,19
s640,36,150
s640,37,49
s640,38,246
s640,39,6
s640,40,13
s640,41,54
s640,42,61
s640,43,250
s640,44,253
s640,45,18
s640,46,21
s640,47,66
s641,1,1
s641,2,59
s641,3,91
s641,4,6
s641,5,28
s641,6,40
s641,7,8
s641,8,22
s641,9,41
s641,10,10
s641,11,27
s641,12,64
s641,13,17
s641,14,20
s641,15,18
s641,16,86
s641,17,19
s641,18,37
s641,19,61
s641,20,26
s641,21,24
s641,22,85
s641,23,32
s641,24,65
s641,25,35
s641,26,57
s641,27,38
s641,28,36
s641,29,48
s641,30,70
s641,31,74
s641,32,83
s641,33,78
s641,34,60
s641,35,79
s641,36,84
s641,37,81
s641,38,101
s641,39,73
s641,40,108
s641,41,63
s641,42,109
s641,43,110
s641,44,117
s641,45,12
s641,46,118
s641,47,133
s641,48,46
s641,49,139
s641,50,143
s641,51,144
s641,52,147
s641,53,42
s641,54,149
s641,55,150
s641,56,246
s641,57,9
s641,58,14
s641,59,54
s641,60,250
s641,61,253
s641,62,47
s641,63,51
s641,64,66
s642,1,2
s642,2,72
s642,3,82
s642,4,8
s642,5,48
s642,6,10
s642,7,47
s642,8,14
s642,9,18
s642,10,27
s642,11,17
s642,12,9
s642,13,28
s642,14,19
s642,15,49
s642,16,22
s642,17,23
s642,18,26
s642,19,37
s642,20,34
s642,21,31
s642,22,32
s642,23,60
s642,24,68
s642,25,35
s642,26,13
s642,27,53
s642,28,36
s642,29,76
s642,30,41
s642,31,15
s642,32,84
s642,33,30
s642,34,71
s642,35,101
s642,36,63
s642,37,108
s642,38,50
s642,39,111
s642,40,43
s642,41,117
s642,42,24
s642,43,118
s642,44,55
s642,45,133
s642,46,52
s642,47,143
s642,48,5
s642,49,144
s642,50,147
s642,51,25
s642,52,46
s642,53,149
s642,54,21
s642,55,150
s642,56,246
s642,57,39
s642,58,51
s642,59,250
s642,60,253
s643,1,5
s643,2,12
s643,3,14
s643,4,29
s643,5,42
s643,6,8
s643,7,3
s643,8,22
s643,9,9
s643,10,20
s643,11,47
s643,12,10
s643,13,21
s643,14,45
s643,15,13
s643,16,54
s643,17,60
s643,18,17
s643,19,11
s643,20,46
s643,21,18
s643,22,69
s643,23,28
s643,24,43
s643,25,26
s643,26,44
s643,27,32
s643,28,52
s643,29,65
s643,30,35
s643,31,39
s643,32,36
s643,33,41
s643,34,7
s643,35,84
s643,36,24
s643,37,59
s643,38,133
s643,39,15
s643,40,134
s643,41,1
s643,42,144
s643,43,147
s643,44,149
s643,45,150
s643,46,246
s643,47,34
s643,48,250
s643,49,253
s644,1,2
s644,2,67
s644,3,86
s644,4,6
s644,5,29
s644,6,36
s644,7,8
s644,8,22
s644,9,58
s644,10,9
s644,11,50
s644,12,10
s644,13,31
s644,14,44
s644,15,14
s644,16,17
s644,17,21
s644,18,45
s644,19,48
s644,20,23
s644,21,26
s644,22,27
s644,23,20
s644,24,41
s644,25,57
s644,26,35
s644,27,49
s644,28,46
s644,29,74
s644,30,51
s644,31,78
s644,32,79
s644,33,60
s644,34,99
s644,35,55
s644,36,68
s644,37,108
s644,38,109
s644,39,110
s644,40,117
s644,41,7
s644,42,118
s644,43,133
s644,44,39
s644,45,54
s644,46,139
s644,47,25
s644,48,33
s644,49,143
s644,50,18
s644,51,34
s644,52,144
s644,53,66
s644,54,245
s644,55,246
s644,56,47
s644,57,56
s644,58,253
s644,59,30
s644,60,59
s645,1,2
s645,2,69
s645,3,92
s645,4,4
s645,5,22
s645,6,39
s645,7,8
s645,8,14
s645,9,59
s645,10,9
s645,11,50
s645,12,11
s645,13,30
s645,14,36
s645,15,48
s645,16,17
s645,17,18
s645,18,37
s645,19,38
s645,20,26
s645,21,27
s645,22,31
s645,23,43
s645,24,85
s645,25,32
s645,26,86
s645,27,35
s645,28,16
s645,29,74
s645,30,34
s645,31,47
s645,32,78
s645,33,79
s645,34,63
s645,35,84
s645,36,40
s645,37,82
s645,38,99
s645,39,76
s645,40,108
s645,41,109
s645,42,110
s645,43,15
s645,44,111
s645,45,1
s645,46,5
s645,47,117
s645,48,6
s645,49,118
s645,50,133
s645,51,143
s645,52,144
s645,53,147
s645,54,21
s645,55,149
s645,56,150
s645,57,185
s645,58,57
s645,59,71
s645,60,189
s645,61,51
s645,62,190
s645,63,246
s645,64,61
s645,65,250
s645,66,46
s645,67,253
s645,68,66
s646,1,2
s646,2,90
s646,3,96
s646,4,5
s646,5,18
s646,6,19
s646,7,8
s646,8,10
s646,9,68
s646,10,9
s646,11,27
s646,12,30
s646,13,13
s646,14,50
s646,15,17
s646,16,11
s646,17,31
s646,18,40
s646,19,26
s646,20,28
s646,21,36
s646,22,88
s646,23,35
s646,24,39
s646,25,24
s646,26,49
s646,27,41
s646,28,23
s646,29,84
s646,30,32
s646,31,99
s646,32,77
s646,33,108
s646,34,109
s646,35,110
s646,36,12
s646,37,16
s646,38,117
s646,39,1
s646,40,118
s646,41,133
s646,42,22
s646,43,70
s646,44,139
s646,45,143
s646,46,144
s646,47,80
s646,48,146
s646,49,34
s646,50,59
s646,51,147
s646,52,15
s646,53,149
s646,54,29
s646,55,150
s646,56,67
s646,57,187
s646,58,78
s646,59,87
s646,60,189
s646,61,72
s646,62,190
s646,63,94
s646,64,245
s646,65,43
s646,66,51
s646,67,246
s646,68,53
s646,69,63
s646,70,250
s646,71,253
s647,1,2
s647,2,72
s647,3,90
s647,4,4
s647,5,19
s647,6,23
s647,7,36
s647,8,37
s647,9,5
s647,10,49
s647,11,50
s647,12,8
s647,13,30
s647,14,44
s647,15,63
s647,16,9
s647,17,27
s647,18,42
s647,19,54
s647,20,13
s647,21,43
s647,22,14
s647,23,26
s647,24,17
s647,25,15
s647,26,22
s647,27,28
s647,28,31
s647,29,40
s647,30,35
s647,31,39
s647,32,6
s647,33,53
s647,34,70
s647,35,71
s647,36,78
s647,37,61
s647,38,84
s647,39,99
s647,40,82
s647,41,108
s647,42,109
s647,43,133
s647,44,12
s647,45,66
s647,46,143
s647,47,1
s647,48,144
s647,49,75
s647,50,146
s647,51,147
s647,52,10
s647,53,18
s647,54,56
s647,55,149
s647,56,3
s647,57,25
s647,58,51
s647,59,150
s647,60,76
s647,61,187
s647,62,73
s647,63,79
s647,64,189
s647,65,67
s647,66,190
s647,67,86
s647,68,245
s647,69,46
s647,70,48
s647,71,246
s647,72,7
s647,73,60
s647,74,250
s647,75,253
s648,1,4
s648,2,12
s648,3,20
s648,4,8
s648,5,6
s648,6,9
s648,7,30
s648,8,10
s648,9,29
s648,10,45
s648,11,17
s648,12,15
s648,13,18
s648,14,76
s648,15,28
s648,16,32
s648,17,67
s648,18,35
s648,19,25
s648,20,36
s648,21,70
s648,22,37
s648,23,78
s648,24,26
s648,25,113
s648,26,1
s648,27,133
s648,28,11
s648,29,34
s648,30,134
s648,31,56
s648,32,143
s648,33,144
s648,34,72
s648,35,147
s648,36,7
s648,37,149
s648,38,2
s648,39,150
s648,40,165
s648,41,16
s648,42,175
s648,43,22
s648,44,179
s648,45,180
s648,46,195
s648,47,197
s648,48,198
s648,49,247
s648,50,31
s648,51,46
s648,52,250
s648,53,253
s648,54,21
s649,1,2
s649,2,50
s649,3,68
s649,4,4
s649,5,13
s649,6,15
s649,7,5
s649,8,27
s649,9,30
s649,10,8
s649,11,1
s649,12,16
s649,13,31
s649,14,9
s649,15,84
s649,16,25
s649,17,77
s649,18,17
s649,19,14
s649,20,18
s649,21,22
s649,22,24
s649,23,26
s649,24,11
s649,25,69
s649,26,35
s649,27,36
s649,28,37
s649,29,7
s649,30,38
s649,31,70
s649,32,58
s649,33,71
s649,34,78
s649,35,42
s649,36,79
s649,37,28
s649,38,74
s649,39,99
s649,40,39
s649,41,108
s649,42,29
s649,43,109
s649,44,133
s649,45,49
s649,46,143
s649,47,144
s649,48,60
s649,49,147
s649,50,12
s649,51,23
s649,52,149
s649,53,150
s649,54,41
s649,55,187
s649,56,47
s649,57,56
s649,58,189
s649,59,190
s649,60,246
s649,61,247
s649,62,52
s649,63,250
s649,64,253
s649,65,48
s650,1,5
s650,2,10
s650,3,25
s650,4,8
s650,5,1
s650,6,9
s650,7,54
s650,8,19
s650,9,17
s650,10,4
s650,11,18
s650,12,66
s650,13,28
s650,14,33
s650,15,45
s650,16,35
s650,17,26
s650,18,36
s650,19,57
s650,20,70
s650,21,38
s650,22,51
s650,23,78
s650,24,27
s650,25,79
s650,26,99
s650,27,20
s650,28,21
s650,29,108
s650,30,12
s650,31,109
s650,32,29
s650,33,113
s650,34,6
s650,35,117
s650,36,133
s650,37,55
s650,38,134
s650,39,56
s650,40,143
s650,41,146
s650,42,30
s650,43,52
s650,44,149
s650,45,150
s650,46,165
s650,47,31
s650,48,179
s650,49,180
s650,50,195
s650,51,197
s650,52,198
s650,53,247
s650,54,250
s650,55,253
s650,56,24
s651,1,1
s651,2,70
s651,3,89
s651,4,5
s651,5,28
s651,6,53
s651,7,8
s651,8,10
s651,9,58
s651,10,9
s651,11,56
s651,12,67
s651,13,13
s651,14,32
s651,15,14
s651,16,19
s651,17,31
s651,18,17
s651,19,11
s651,20,54
s651,21,22
s651,22,52
s651,23,26
s651,24,69
s651,25,35
s651,26,36
s651,27,87
s651,28,38
s651,29,18
s651,30,51
s651,31,74
s651,32,24
s651,33,62
s651,34,78
s651,35,79
s651,36,81
s651,37,84
s651,38,39
s651,39,133
s651,40,64
s651,41,143
s651,42,144
s651,43,147
s651,44,50
s651,45,149
s651,46,150
s651,47,186
s651,48,65
s651,49,187
s651,50,34
s651,51,189
s651,52,59
s651,53,190
s651,54,42
s651,55,86
s651,56,246
s651,57,15
s651,58,247
s651,59,250
s651,60,253
s651,61,27
s652,1,4
s652,2,8
s652,3,60
s652,4,1
s652,5,9
s652,6,68
s652,7,13
s652,8,33
s652,9,14
s652,10,34
s652,11,17
s652,12,28
s652,13,42
s652,14,56
s652,15,35
s652,16,36
s652,17,67
s652,18,114
s652,19,38
s652,20,118
s652,21,133
s652,22,7
s652,23,59
s652,24,143
s652,25,144
s652,26,195
s652,27,10
s652,28,55
s652,29,197
s652,30,198
s652,31,250
s652,32,16
s652,33,253
s652,34,19
s652,35,23
s652,36,256
s652,37,25
s652,38,30
s653,1,4
s653,2,16
s653,3,38
s653,4,8
s653,5,7
s653,6,9
s653,7,69
s653,8,11
s653,9,17
s653,10,1
s653,11,28
s653,12,37
s653,13,60
s653,14,35
s653,15,30
s653,16,36
s653,17,113
s653,18,5
s653,19,114
s653,20,39
s653,21,117
s653,22,133
s653,23,10
s653,24,62
s653,25,143
s653,26,144
s653,27,195
s653,28,54
s653,29,197
s653,30,198
s653,31,250
s653,32,253
s653,33,20
s653,34,24
s653,35,256
s653,36,26
s654,1,5
s654,2,10
s654,3,62
s654,4,8
s654,5,1
s654,6,9
s654,7,77
s654,8,11
s654,9,29
s654,10,14
s654,11,16
s654,12,21
s654,13,17
s654,14,22
s654,15,28
s654,16,41
s654,17,63
s654,18,35
s654,19,36
s654,20,47
s654,21,45
s654,22,57
s654,23,113
s654,24,4
s654,25,68
s654,26,114
s654,27,69
s654,28,117
s654,29,133
s654,30,143
s654,31,145
s654,32,7
s654,33,149
s654,34,166
s654,35,6
s654,36,179
s654,37,2
s654,38,195
s654,39,3
s654,40,197
s654,41,198
s654,42,247
s654,43,250
s654,44,24
s654,45,40
s654,46,253
s654,47,256
s654,48,15
s654,49,262
s655,1,11
s655,2,13
s655,3,57
s655,4,17
s655,5,1
s655,6,18
s655,7,69
s655,8,23
s655,9,14
s655,10,54
s655,11,26
s655,12,7
s655,13,27
s655,14,62
s655,15,28
s655,16,34
s655,17,55
s655,18,35
s655,19,24
s655,20,36
s655,21,60
s655,22,113
s655,23,5
s655,24,117
s655,25,133
s655,26,58
s655,27,134
s655,28,59
s655,29,145
s655,30,50
s655,31,149
s655,32,150
s655,33,166
s655,34,3
s655,35,6
s655,36,29
s655,37,30
s655,38,175
s655,39,9
s655,40,33
s655,41,39
s655,42,179
s655,43,25
s655,44,180
s655,45,45
s655,46,195
s655,47,197
s655,48,198
s655,49,247
s655,50,16
s655,51,250
s655,52,8
s655,53,253
s655,54,256
s655,55,19
s656,1,10
s656,2,8
s656,3,61
s656,4,17
s656,5,1
s656,6,18
s656,7,75
s656,8,31
s656,9,29
s656,10,35
s656,11,36
s656,12,73
s656,13,15
s656,14,32
s656,15,74
s656,16,33
s656,17,60
s656,18,78
s656,19,6
s656,20,79
s656,21,76
s656,22,113
s656,23,4
s656,24,65
s656,25,114
s656,26,66
s656,27,117
s656,28,133
s656,29,5
s656,30,143
s656,31,144
s656,32,145
s656,33,149
s656,34,150
s656,35,165
s656,36,11
s656,37,166
s656,38,175
s656,39,179
s656,40,12
s656,41,195
s656,42,197
s656,43,198
s656,44,247
s656,45,21
s656,46,23
s656,47,250
s656,48,253
s656,49,38
s656,50,256
s656,51,25
s657,1,10
s657,2,25
s657,3,73
s657,4,17
s657,5,11
s657,6,18
s657,7,82
s657,8,23
s657,9,36
s657,10,26
s657,11,27
s657,12,75
s657,13,28
s657,14,63
s657,15,72
s657,16,31
s657,17,35
s657,18,29
s657,19,80
s657,20,74
s657,21,24
s657,22,34
s657,23,78
s657,24,15
s657,25,79
s657,26,45
s657,27,113
s657,28,12
s657,29,71
s657,30,114
s657,31,83
s657,32,117
s657,33,1
s657,34,133
s657,35,8
s657,36,143
s657,37,144
s657,38,145
s657,39,149
s657,40,150
s657,41,165
s657,42,166
s657,43,40
s657,44,69
s657,45,175
s657,46,21
s657,47,179
s657,48,4
s657,49,19
s657,50,37
s657,51,180
s657,52,195
s657,53,197
s657,54,198
s657,55,247
s657,56,250
s657,57,22
s657,58,253
s657,59,256
s658,1,6
s658,2,20
s658,3,34
s658,4,8
s658,5,7
s658,6,9
s658,7,57
s658,8,28
s658,9,13
s658,10,35
s658,11,36
s658,12,54
s658,13,70
s658,14,29
s658,15,78
s658,16,18
s658,17,79
s658,18,65
s658,19,113
s658,20,42
s658,21,117
s658,22,4
s658,23,118
s658,24,133
s658,25,47
s658,26,141
s658,27,48
s658,28,56
s658,29,143
s658,30,5
s658,31,144
s658,32,166
s658,33,10
s658,34,46
s658,35,179
s658,36,180
s658,37,195
s658,38,53
s658,39,197
s658,40,1
s658,41,198
s658,42,247
s658,43,21
s658,44,25
s658,45,250
s658,46,19
s658,47,253
s659,1,5
s659,2,18
s659,3,42
s659,4,8
s659,5,6
s659,6,9
s659,7,51
s659,8,10
s659,9,47
s659,10,17
s659,11,3
s659,12,79
s659,13,28
s659,14,67
s659,15,35
s659,16,36
s659,17,77
s659,18,69
s659,19,39
s659,20,68
s659,21,78
s659,22,25
s659,23,87
s659,24,113
s659,25,114
s659,26,52
s659,27,117
s659,28,1
s659,29,133
s659,30,12
s659,31,70
s659,32,143
s659,33,144
s659,34,145
s659,35,30
s659,36,54
s659,37,146
s659,38,149
s659,39,4
s659,40,19
s659,41,150
s659,42,165
s659,43,14
s659,44,166
s659,45,32
s659,46,74
s659,47,175
s659,48,179
s659,49,15
s659,50,26
s659,51,180
s659,52,195
s659,53,197
s659,54,198
s659,55,247
s659,56,250
s659,57,21
s659,58,253
s659,59,37
s659,60,43
s660,1,5
s660,2,23
s660,3,61
s660,4,8
s660,5,1
s660,6,9
s660,7,98
s660,8,11
s660,9,17
s660,10,21
s660,11,14
s660,12,35
s660,13,3
s660,14,22
s660,15,50
s660,16,19
s660,17,41
s660,18,113
s660,19,12
s660,20,79
s660,21,114
s660,22,80
s660,23,117
s660,24,133
s660,25,18
s660,26,86
s660,27,143
s660,28,144
s660,29,195
s660,30,91
s660,31,197
s660,32,198
s660,33,247
s660,34,250
s660,35,16
s660,36,253
s660,37,45
s660,38,53
s660,39,259
s660,40,26
s660,41,263
s660,42,56
s661,1,4
s661,2,9
s661,3,32
s661,4,8
s661,5,1
s661,6,61
s661,7,10
s661,8,38
s661,9,64
s661,10,17
s661,11,31
s661,12,18
s661,13,74
s661,14,28
s661,15,35
s661,16,36
s661,17,70
s661,18,69
s661,19,56
s661,20,78
s661,21,79
s661,22,113
s661,23,62
s661,24,117
s661,25,27
s661,26,118
s661,27,133
s661,28,16
s661,29,29
s661,30,135
s661,31,30
s661,32,58
s661,33,143
s661,34,6
s661,35,144
s661,36,72
s661,37,145
s661,38,149
s661,39,150
s661,40,71
s661,41,195
s661,42,59
s661,43,197
s661,44,198
s661,45,247
s661,46,5
s661,47,250
s661,48,34
s661,49,253
s661,50,256
s661,51,13
s662,1,4
s662,2,14
s662,3,30
s662,4,8
s662,5,1
s662,6,9
s662,7,33
s662,8,10
s662,9,59
s662,10,17
s662,11,6
s662,12,18
s662,13,72
s662,14,28
s662,15,37
s662,16,60
s662,17,35
s662,18,36
s662,19,68
s662,20,69
s662,21,44
s662,22,66
s662,23,78
s662,24,32
s662,25,79
s662,26,77
s662,27,111
s662,28,7
s662,29,25
s662,30,113
s662,31,117
s662,32,26
s662,33,118
s662,34,135
s662,35,61
s662,36,143
s662,37,144
s662,38,74
s662,39,145
s662,40,64
s662,41,149
s662,42,29
s662,43,150
s662,44,195
s662,45,197
s662,46,198
s662,47,245
s662,48,250
s662,49,253
s662,50,11
s663,1,2
s663,2,14
s663,3,18
s663,4,8
s663,5,6
s663,6,9
s663,7,23
s663,8,10
s663,9,37
s663,10,53
s663,11,93
s663,12,17
s663,13,1
s663,14,38
s663,15,22
s663,16,34
s663,17,26
s663,18,27
s663,19,46
s663,20,28
s663,21,70
s663,22,31
s663,23,35
s663,24,44
s663,25,36
s663,26,25
s663,27,88
s663,28,41
s663,29,84
s663,30,78
s663,31,79
s663,32,110
s663,33,7
s663,34,113
s663,35,43
s663,36,117
s663,37,29
s663,38,134
s663,39,11
s663,40,32
s663,41,135
s663,42,81
s663,43,143
s663,44,33
s663,45,144
s663,46,90
s663,47,145
s663,48,45
s663,49,64
s663,50,146
s663,51,72
s663,52,149
s663,53,65
s663,54,150
s663,55,187
s663,56,13
s663,57,19
s663,58,189
s663,59,190
s663,60,195
s663,61,86
s663,62,197
s663,63,198
s663,64,247
s663,65,250
s663,66,57
s663,67,253
s663,68,40
s664,1,5
s664,2,16
s664,3,39
s664,4,8
s664,5,9
s664,6,52
s664,7,10
s664,8,14
s664,9,55
s664,10,17
s664,11,1
s664,12,18
s664,13,69
s664,14,28
s664,15,59
s664,16,76
s664,17,35
s664,18,42
s664,19,36
s664,20,99
s664,21,60
s664,22,92
s664,23,78
s664,24,46
s664,25,79
s664,26,110
s664,27,13
s664,28,40
s664,29,113
s664,30,56
s664,31,93
s664,32,117
s664,33,41
s664,34,118
s664,35,135
s664,36,139
s664,37,29
s664,38,143
s664,39,6
s664,40,30
s664,41,145
s664,42,54
s664,43,89
s664,44,149
s664,45,48
s664,46,150
s664,47,195
s664,48,57
s664,49,197
s664,50,47
s664,51,198
s664,52,246
s664,53,22
s664,54,250
s664,55,253
s664,56,15
s664,57,19
s664,58,262
s664,59,73
s665,1,4
s665,2,7
s665,3,52
s665,4,8
s665,5,1
s665,6,9
s665,7,94
s665,8,11
s665,9,67
s665,10,86
s665,11,13
s665,12,15
s665,13,50
s665,14,17
s665,15,51
s665,16,18
s665,17,28
s665,18,61
s665,19,82
s665,20,35
s665,21,36
s665,22,95
s665,23,38
s665,24,19
s665,25,48
s665,26,70
s665,27,63
s665,28,84
s665,29,78
s665,30,79
s665,31,101
s665,32,110
s665,33,10
s665,34,29
s665,35,113
s665,36,53
s665,37,93
s665,38,117
s665,39,49
s665,40,118
s665,41,46
s665,42,135
s665,43,143
s665,44,30
s665,45,144
s665,46,195
s665,47,197
s665,48,198
s665,49,245
s665,50,42
s665,51,247
s665,52,6
s665,53,250
s665,54,62
s665,55,254
s665,56,23
s665,57,25
s665,58,256
s665,59,16
s666,1,4
s666,2,17
s666,3,34
s666,4,8
s666,5,1
s666,6,9
s666,7,69
s666,8,10
s666,9,71
s666,10,3
s666,11,18
s666,12,80
s666,13,28
s666,14,47
s666,15,62
s666,16,35
s666,17,36
s666,18,73
s666,19,44
s666,20,61
s666,21,78
s666,22,32
s666,23,79
s666,24,113
s666,25,39
s666,26,114
s666,27,38
s666,28,70
s666,29,117
s666,30,133
s666,31,50
s666,32,134
s666,33,51
s666,34,135
s666,35,19
s666,36,43
s666,37,143
s666,38,144
s666,39,195
s666,40,197
s666,41,198
s666,42,245
s666,43,250
s666,44,253
s666,45,13
s666,46,16
s667,1,4
s667,2,21
s667,3,23
s667,4,8
s667,5,5
s667,6,9
s667,7,67
s667,8,11
s667,9,15
s667,10,55
s667,11,17
s667,12,18
s667,13,76
s667,14,29
s667,15,36
s667,16,60
s667,17,35
s667,18,73
s667,19,69
s667,20,68
s667,21,78
s667,22,24
s667,23,79
s667,24,110
s667,25,6
s667,26,113
s667,27,59
s667,28,117
s667,29,1
s667,30,118
s667,31,72
s667,32,133
s667,33,45
s667,34,58
s667,35,134
s667,36,135
s667,37,44
s667,38,139
s667,39,7
s667,40,141
s667,41,75
s667,42,143
s667,43,195
s667,44,197
s667,45,198
s667,46,245
s667,47,10
s667,48,20
s667,49,250
s667,50,33
s668,1,4
s668,2,15
s668,3,57
s668,4,8
s668,5,1
s668,6,9
s668,7,103
s668,8,10
s668,9,24
s668,10,14
s668,11,100
s668,12,17
s668,13,58
s668,14,18
s668,15,111
s668,16,29
s668,17,67
s668,18,93
s668,19,35
s668,20,60
s668,21,36
s668,22,69
s668,23,73
s668,24,99
s668,25,78
s668,26,79
s668,27,110
s668,28,12
s668,29,55
s668,30,113
s668,31,63
s668,32,94
s668,33,117
s668,34,56
s668,35,118
s668,36,133
s668,37,92
s668,38,97
s668,39,135
s668,40,77
s668,41,139
s668,42,16
s668,43,54
s668,44,141
s668,45,59
s668,46,62
s668,47,143
s668,48,3
s668,49,144
s668,50,195
s668,51,61
s668,52,197
s668,53,198
s668,54,105
s668,55,245
s668,56,48
s668,57,247
s668,58,250
s668,59,253
s668,60,22
s668,61,25
s668,62,255
s668,63,42
s669,1,4
s669,2,7
s669,3,47
s669,4,8
s669,5,1
s669,6,9
s669,7,68
s669,8,13
s669,9,17
s669,10,18
s669,11,79
s669,12,28
s669,13,40
s669,14,59
s669,15,35
s669,16,24
s669,17,36
s669,18,70
s669,19,63
s669,20,69
s669,21,45
s669,22,78
s669,23,23
s669,24,113
s669,25,114
s669,26,27
s669,27,117
s669,28,135
s669,29,11
s669,30,71
s669,31,143
s669,32,144
s669,33,146
s669,34,61
s669,35,149
s669,36,29
s669,37,150
s669,38,166
s669,39,31
s669,40,179
s669,41,180
s669,42,195
s669,43,19
s669,44,67
s669,45,197
s669,46,198
s669,47,247
s669,48,250
s669,49,253
s669,50,15
s669,51,262
s670,1,5
s670,2,18
s670,3,82
s670,4,8
s670,5,9
s670,6,97
s670,7,10
s670,8,58
s670,9,80
s670,10,11
s670,11,19
s670,12,23
s670,13,13
s670,14,34
s670,15,45
s670,16,17
s670,17,24
s670,18,46
s670,19,90
s670,20,15
s670,21,27
s670,22,53
s670,23,79
s670,24,26
s670,25,49
s670,26,33
s670,27,88
s670,28,28
s670,29,52
s670,30,83
s670,31,35
s670,32,42
s670,33,36
s670,34,101
s670,35,75
s670,36,108
s670,37,109
s670,38,92
s670,39,111
s670,40,21
s670,41,40
s670,42,113
s670,43,117
s670,44,14
s670,45,41
s670,46,135
s670,47,86
s670,48,143
s670,49,25
s670,50,144
s670,51,147
s670,52,69
s670,53,149
s670,54,43
s670,55,150
s670,56,87
s670,57,195
s670,58,197
s670,59,198
s670,60,245
s670,61,38
s670,62,247
s670,63,20
s670,64,250
s670,65,253
s671,1,4
s671,2,13
s671,3,65
s671,4,8
s671,5,1
s671,6,9
s671,7,111
s671,8,12
s671,9,30
s671,10,74
s671,11,103
s671,12,17
s671,13,62
s671,14,18
s671,15,51
s671,16,125
s671,17,19
s671,18,76
s671,19,20
s671,20,32
s671,21,33
s671,22,26
s671,23,11
s671,24,27
s671,25,40
s671,26,28
s671,27,75
s671,28,99
s671,29,35
s671,30,58
s671,31,36
s671,32,115
s671,33,47
s671,34,68
s671,35,97
s671,36,69
s671,37,84
s671,38,107
s671,39,78
s671,40,70
s671,41,79
s671,42,117
s671,43,110
s671,44,57
s671,45,113
s671,46,83
s671,47,118
s671,48,133
s671,49,116
s671,50,135
s671,51,63
s671,52,139
s671,53,52
s671,54,143
s671,55,53
s671,56,145
s671,57,149
s671,58,61
s671,59,150
s671,60,195
s671,61,197
s671,62,198
s671,63,245
s671,64,39
s671,65,247
s671,66,10
s671,67,250
s671,68,82
s671,69,253
s671,70,256
s671,71,34
s672,1,5
s672,2,35
s672,3,60
s672,4,8
s672,5,24
s672,6,9
s672,7,73
s672,8,10
s672,9,18
s672,10,22
s672,11,74
s672,12,94
s672,13,13
s672,14,51
s672,15,61
s672,16,17
s672,17,1
s672,18,23
s672,19,63
s672,20,112
s672,21,26
s672,22,27
s672,23,28
s672,24,99
s672,25,36
s672,26,106
s672,27,69
s672,28,88
s672,29,102
s672,30,57
s672,31,78
s672,32,14
s672,33,58
s672,34,79
s672,35,114
s672,36,110
s672,37,113
s672,38,117
s672,39,118
s672,40,116
s672,41,133
s672,42,135
s672,43,72
s672,44,105
s672,45,139
s672,46,30
s672,47,143
s672,48,20
s672,49,145
s672,50,101
s672,51,149
s672,52,64
s672,53,150
s672,54,195
s672,55,104
s672,56,197
s672,57,198
s672,58,246
s672,59,33
s672,60,70
s672,61,250
s672,62,253
s672,63,255
s672,64,295
s673,1,5
s673,2,1
s673,3,31
s673,4,83
s673,5,91
s673,6,8
s673,7,73
s673,8,9
s673,9,40
s673,10,116
s673,11,13
s673,12,16
s673,13,111
s673,14,17
s673,15,18
s673,16,130
s673,17,29
s673,18,99
s673,19,35
s673,20,75
s673,21,36
s673,22,113
s673,23,69
s673,24,109
s673,25,78
s673,26,79
s673,27,110
s673,28,15
s673,29,47
s673,30,74
s673,31,114
s673,32,112
s673,33,117
s673,34,48
s673,35,133
s673,36,72
s673,37,107
s673,38,143
s673,39,60
s673,40,144
s673,41,145
s673,42,92
s673,43,149
s673,44,68
s673,45,150
s673,46,195
s673,47,197
s673,48,66
s673,49,198
s673,50,245
s673,51,42
s673,52,247
s673,53,250
s673,54,253
s673,55,19
s673,56,32
s673,57,39
s674,1,4
s674,2,42
s674,3,61
s674,4,8
s674,5,29
s674,6,9
s674,7,85
s674,8,13
s674,9,7
s674,10,60
s674,11,14
s674,12,90
s674,13,17
s674,14,1
s674,15,28
s674,16,45
s674,17,66
s674,18,35
s674,19,34
s674,20,36
s674,21,82
s674,22,69
s674,23,55
s674,24,78
s674,25,39
s674,26,79
s674,27,84
s674,28,110
s674,29,6
s674,30,19
s674,31,113
s674,32,51
s674,33,114
s674,34,52
s674,35,67
s674,36,117
s674,37,20
s674,38,118
s674,39,135
s674,40,32
s674,41,75
s674,42,139
s674,43,143
s674,44,144
s674,45,146
s674,46,53
s674,47,149
s674,48,21
s674,49,150
s674,50,80
s674,51,245
s674,52,16
s674,53,247
s674,54,57
s674,55,250
s674,56,44
s674,57,253
s674,58,11
s674,59,47
s675,1,6
s675,2,36
s675,3,63
s675,4,8
s675,5,25
s675,6,9
s675,7,74
s675,8,11
s675,9,23
s675,10,32
s675,11,14
s675,12,39
s675,13,64
s675,14,17
s675,15,33
s675,16,18
s675,17,29
s675,18,37
s675,19,65
s675,20,35
s675,21,31
s675,22,71
s675,23,46
s675,24,55
s675,25,69
s675,26,40
s675,27,62
s675,28,78
s675,29,79
s675,30,110
s675,31,21
s675,32,28
s675,33,113
s675,34,117
s675,35,13
s675,36,135
s675,37,66
s675,38,143
s675,39,24
s675,40,144
s675,41,195
s675,42,197
s675,43,253
s675,44,255
s675,45,262
s676,1,2
s676,2,22
s676,3,43
s676,4,8
s676,5,9
s676,6,51
s676,7,10
s676,8,28
s676,9,45
s676,10,56
s676,11,81
s676,12,13
s676,13,18
s676,14,17
s676,15,1
s676,16,19
s676,17,46
s676,18,97
s676,19,23
s676,20,60
s676,21,26
s676,22,47
s676,23,27
s676,24,98
s676,25,53
s676,26,68
s676,27,35
s676,28,36
s676,29,90
s676,30,70
s676,31,57
s676,32,84
s676,33,78
s676,34,79
s676,35,110
s676,36,16
s676,37,29
s676,38,113
s676,39,39
s676,40,114
s676,41,82
s676,42,117
s676,43,30
s676,44,133
s676,45,20
s676,46,135
s676,47,41
s676,48,143
s676,49,144
s676,50,145
s676,51,149
s676,52,11
s676,53,87
s676,54,150
s676,55,86
s676,56,195
s676,57,197
s676,58,246
s676,59,247
s676,60,15
s676,61,250
s676,62,59
s676,63,253
s676,64,25
s677,1,4
s677,2,42
s677,3,58
s677,4,5
s677,5,1
s677,6,41
s677,7,59
s677,8,70
s677,9,9
s677,10,100
s677,11,10
s677,12,72
s677,13,101
s677,14,13
s677,15,36
s677,16,61
s677,17,17
s677,18,24
s677,19,62
s677,20,18
s677,21,113
s677,22,28
s677,23,69
s677,24,35
s677,25,76
s677,26,78
s677,27,79
s677,28,110
s677,29,67
s677,30,99
s677,31,117
s677,32,23
s677,33,118
s677,34,135
s677,35,65
s677,36,95
s677,37,139
s677,38,37
s677,39,143
s677,40,25
s677,41,60
s677,42,144
s677,43,166
s677,44,179
s677,45,180
s677,46,109
s677,47,195
s677,48,64
s677,49,197
s677,50,245
s677,51,47
s677,52,247
s677,53,34
s677,54,250
s677,55,75
s677,56,253
s677,57,38
s677,58,43
s678,1,4
s678,2,6
s678,3,36
s678,4,8
s678,5,1
s678,6,9
s678,7,51
s678,8,10
s678,9,45
s678,10,50
s678,11,13
s678,12,17
s678,13,37
s678,14,18
s678,15,81
s678,16,28
s678,17,46
s678,18,54
s678,19,35
s678,20,82
s678,21,69
s678,22,78
s678,23,40
s678,24,79
s678,25,84
s678,26,113
s678,27,38
s678,28,64
s678,29,114
s678,30,65
s678,31,117
s678,32,33
s678,33,135
s678,34,39
s678,35,138
s678,36,7
s678,37,143
s678,38,34
s678,39,144
s678,40,145
s678,41,61
s678,42,149
s678,43,150
s678,44,166
s678,45,49
s678,46,77
s678,47,179
s678,48,180
s678,49,195
s678,50,197
s678,51,245
s678,52,14
s678,53,32
s678,54,250
s678,55,253
s679,1,5
s679,2,8
s679,3,12
s679,4,1
s679,5,9
s679,6,26
s679,7,10
s679,8,78
s679,9,87
s679,10,13
s679,11,15
s679,12,61
s679,13,17
s679,14,62
s679,15,18
s679,16,117
s679,17,23
s679,18,81
s679,19,95
s679,20,72
s679,21,27
s679,22,113
s679,23,28
s679,24,74
s679,25,35
s679,26,36
s679,27,130
s679,28,69
s679,29,79
s679,30,92
s679,31,110
s679,32,20
s679,33,54
s679,34,114
s679,35,73
s679,36,90
s679,37,4
s679,38,55
s679,39,118
s679,40,108
s679,41,133
s679,42,93
s679,43,136
s679,44,14
s679,45,143
s679,46,144
s679,47,195
s679,48,197
s679,49,245
s679,50,250
s679,51,253
s679,52,32
s679,53,254
s679,54,44
s679,55,49
s680,1,2
s680,2,60
s680,3,92
s680,4,8
s680,5,32
s680,6,9
s680,7,118
s680,8,10
s680,9,74
s680,10,113
s680,11,13
s680,12,47
s680,13,17
s680,14,1
s680,15,48
s680,16,18
s680,17,130
s680,18,22
s680,19,100
s680,20,26
s680,21,76
s680,22,27
s680,23,121
s680,24,70
s680,25,93
s680,26,111
s680,27,78
s680,28,77
s680,29,79
s680,30,38
s680,31,59
s680,32,114
s680,33,117
s680,34,39
s680,35,133
s680,36,123
s680,37,135
s680,38,67
s680,39,141
s680,40,58
s680,41,66
s680,42,143
s680,43,145
s680,44,12
s680,45,149
s680,46,195
s680,47,197
s680,48,245
s680,49,40
s680,50,62
s680,51,247
s680,52,6
s680,53,250
s680,54,91
s680,55,253
s680,56,14
s680,57,254
s680,58,36
s681,1,4
s681,2,12
s681,3,26
s681,4,72
s681,5,73
s681,6,8
s681,7,1
s681,8,61
s681,9,9
s681,10,33
s681,11,78
s681,12,13
s681,13,15
s681,14,27
s681,15,52
s681,16,75
s681,17,17
s681,18,44
s681,19,18
s681,20,35
s681,21,94
s681,22,20
s681,23,81
s681,24,23
s681,25,36
s681,26,64
s681,27,65
s681,28,29
s681,29,39
s681,30,110
s681,31,19
s681,32,113
s681,33,34
s681,34,63
s681,35,114
s681,36,117
s681,37,7
s681,38,133
s681,39,135
s681,40,30
s681,41,143
s681,42,144
s681,43,145
s681,44,37
s681,45,149
s681,46,253
s681,47,41
s681,48,71
s681,49,255
s681,50,262
s681,51,84
s681,52,280
s682,1,4
s682,2,5
s682,3,11
s682,4,8
s682,5,1
s682,6,9
s682,7,22
s682,8,86
s682,9,105
s682,10,13
s682,11,75
s682,12,17
s682,13,76
s682,14,18
s682,15,112
s682,16,20
s682,17,46
s682,18,70
s682,19,23
s682,20,90
s682,21,102
s682,22,26
s682,23,31
s682,24,82
s682,25,27
s682,26,78
s682,27,28
s682,28,83
s682,29,35
s682,30,72
s682,31,36
s682,32,118
s682,33,69
s682,34,62
s682,35,79
s682,36,110
s682,37,12
s682,38,61
s682,39,113
s682,40,77
s682,41,104
s682,42,117
s682,43,133
s682,44,43
s682,45,74
s682,46,135
s682,47,143
s682,48,145
s682,49,106
s682,50,146
s682,51,67
s682,52,149
s682,53,33
s682,54,68
s682,55,150
s682,56,195
s682,57,81
s682,58,109
s682,59,197
s682,60,245
s682,61,49
s682,62,64
s682,63,249
s682,64,34
s682,65,250
s682,66,253
s682,67,14
s682,68,19
s682,69,30
s683,1,5
s683,2,1
s683,3,41
s683,4,9
s683,5,82
s683,6,10
s683,7,29
s683,8,68
s683,9,13
s683,10,7
s683,11,19
s683,12,17
s683,13,20
s683,14,18
s683,15,90
s683,16,23
s683,17,48
s683,18,67
s683,19,26
s683,20,39
s683,21,27
s683,22,84
s683,23,28
s683,24,53
s683,25,69
s683,26,35
s683,27,38
s683,28,36
s683,29,70
s683,30,78
s683,31,40
s683,32,79
s683,33,110
s683,34,111
s683,35,21
s683,36,31
s683,37,114
s683,38,61
s683,39,117
s683,40,3
s683,41,32
s683,42,118
s683,43,81
s683,44,133
s683,45,4
s683,46,134
s683,47,83
s683,48,135
s683,49,75
s683,50,143
s683,51,76
s683,52,195
s683,53,197
s683,54,246
s683,55,37
s683,56,247
s683,57,8
s683,58,250
s683,59,51
s683,60,253
s683,61,16
s684,1,5
s684,2,24
s684,3,31
s684,4,8
s684,5,18
s684,6,9
s684,7,36
s684,8,10
s684,9,29
s684,10,74
s684,11,11
s684,12,75
s684,13,88
s684,14,13
s684,15,15
s684,16,21
s684,17,17
s684,18,1
s684,19,22
s684,20,20
s684,21,23
s684,22,52
s684,23,64
s684,24,26
s684,25,12
s684,26,42
s684,27,27
s684,28,28
s684,29,85
s684,30,49
s684,31,73
s684,32,35
s684,33,39
s684,34,80
s684,35,70
s684,36,51
s684,37,78
s684,38,79
s684,39,110
s684,40,33
s684,41,113
s684,42,43
s684,43,69
s684,44,114
s684,45,117
s684,46,34
s684,47,133
s684,48,71
s684,49,139
s684,50,143
s684,51,144
s684,52,146
s684,53,57
s684,54,149
s684,55,150
s684,56,76
s684,57,195
s684,58,197
s684,59,246
s684,60,37
s684,61,247
s684,62,6
s684,63,250
s684,64,50
s684,65,253
s684,66,16
s685,1,10
s685,2,29
s685,3,68
s685,4,11
s685,5,69
s685,6,85
s685,7,13
s685,8,19
s685,9,17
s685,10,1
s685,11,20
s685,12,23
s685,13,50
s685,14,59
s685,15,26
s685,16,38
s685,17,27
s685,18,75
s685,19,28
s685,20,45
s685,21,71
s685,22,35
s685,23,36
s685,24,70
s685,25,55
s685,26,78
s685,27,41
s685,28,79
s685,29,110
s685,30,8
s685,31,31
s685,32,113
s685,33,42
s685,34,54
s685,35,114
s685,36,117
s685,37,32
s685,38,118
s685,39,133
s685,40,77
s685,41,135
s685,42,48
s685,43,67
s685,44,139
s685,45,141
s685,46,39
s685,47,47
s685,48,143
s685,49,147
s685,50,65
s685,51,149
s685,52,150
s685,53,195
s685,54,63
s685,55,197
s685,56,246
s685,57,247
s685,58,7
s685,59,9
s685,60,250
s685,61,256
s686,1,10
s686,2,13
s686,3,41
s686,4,58
s686,5,89
s686,6,17
s686,7,1
s686,8,42
s686,9,20
s686,10,64
s686,11,26
s686,12,48
s686,13,27
s686,14,85
s686,15,29
s686,16,51
s686,17,53
s686,18,35
s686,19,36
s686,20,70
s686,21,59
s686,22,84
s686,23,78
s686,24,40
s686,25,79
s686,26,110
s686,27,11
s686,28,33
s686,29,113
s686,30,43
s686,31,73
s686,32,114
s686,33,74
s686,34,117
s686,35,34
s686,36,134
s686,37,86
s686,38,135
s686,39,139
s686,40,143
s686,41,4
s686,42,76
s686,43,145
s686,44,39
s686,45,149
s686,46,32
s686,47,150
s686,48,195
s686,49,197
s686,50,246
s686,51,250
s686,52,46
s686,53,55
s686,54,253
s686,55,12
s687,1,5
s687,2,1
s687,3,34
s687,4,9
s687,5,55
s687,6,10
s687,7,78
s687,8,13
s687,9,22
s687,10,24
s687,11,17
s687,12,25
s687,13,18
s687,14,90
s687,15,28
s687,16,77
s687,17,35
s687,18,43
s687,19,36
s687,20,84
s687,21,69
s687,22,60
s687,23,46
s687,24,79
s687,25,110
s687,26,19
s687,27,40
s687,28,113
s687,29,49
s687,30,114
s687,31,117
s687,32,41
s687,33,133
s687,34,82
s687,35,135
s687,36,47
s687,37,139
s687,38,143
s687,39,12
s687,40,147
s687,41,52
s687,42,149
s687,43,45
s687,44,150
s687,45,85
s687,46,195
s687,47,76
s687,48,197
s687,49,246
s687,50,247
s687,51,20
s687,52,250
s687,53,253
s687,54,29
s688,1,5
s688,2,36
s688,3,37
s688,4,8
s688,5,26
s688,6,9
s688,7,69
s688,8,10
s688,9,14
s688,10,30
s688,11,38
s688,12,17
s688,13,6
s688,14,31
s688,15,18
s688,16,78
s688,17,28
s688,18,60
s688,19,35
s688,20,29
s688,21,47
s688,22,33
s688,23,53
s688,24,70
s688,25,45
s688,26,51
s688,27,34
s688,28,79
s688,29,110
s688,30,12
s688,31,21
s688,32,113
s688,33,114
s688,34,52
s688,35,117
s688,36,1
s688,37,22
s688,38,133
s688,39,74
s688,40,135
s688,41,67
s688,42,139
s688,43,143
s688,44,68
s688,45,145
s688,46,64
s688,47,149
s688,48,27
s688,49,150
s688,50,195
s688,51,197
s688,52,246
s688,53,250
s688,54,253
s688,55,7
s689,1,1
s689,2,33
s689,3,34
s689,4,8
s689,5,27
s689,6,9
s689,7,71
s689,8,10
s689,9,18
s689,10,28
s689,11,13
s689,12,40
s689,13,81
s689,14,17
s689,15,11
s689,16,29
s689,17,20
s689,18,38
s689,19,70
s689,20,26
s689,21,30
s689,22,37
s689,23,61
s689,24,35
s689,25,36
s689,26,68
s689,27,39
s689,28,47
s689,29,78
s689,30,110
s689,31,21
s689,32,111
s689,33,57
s689,34,114
s689,35,5
s689,36,72
s689,37,117
s689,38,6
s689,39,58
s689,40,133
s689,41,32
s689,42,134
s689,43,4
s689,44,143
s689,45,144
s689,46,145
s689,47,63
s689,48,149
s689,49,23
s689,50,150
s689,51,199
s689,52,246
s689,53,247
s689,54,25
s689,55,253
s689,56,15
s690,1,4
s690,2,41
s690,3,91
s690,4,8
s690,5,31
s690,6,10
s690,7,19
s690,8,34
s690,9,13
s690,10,7
s690,11,11
s690,12,49
s690,13,17
s690,14,1
s690,15,12
s690,16,35
s690,17,28
s690,18,59
s690,19,56
s690,20,47
s690,21,83
s690,22,110
s690,23,48
s690,24,113
s690,25,62
s690,26,117
s690,27,118
s690,28,79
s690,29,135
s690,30,53
s690,31,143
s690,32,195
s690,33,197
s690,34,246
s690,35,23
s690,36,45
s690,37,250
s690,38,71
s690,39,253
s690,40,16
s690,41,255
s690,42,51
s690,43,55
s690,44,262
s690,45,75
s690,46,295
s690,47,61
s691,1,5
s691,2,18
s691,3,42
s691,4,8
s691,5,9
s691,6,52
s691,7,10
s691,8,64
s691,9,73
s691,10,13
s691,11,49
s691,12,17
s691,13,1
s691,14,50
s691,15,88
s691,16,22
s691,17,62
s691,18,75
s691,19,26
s691,20,54
s691,21,27
s691,22,83
s691,23,28
s691,24,77
s691,25,35
s691,26,51
s691,27,36
s691,28,87
s691,29,38
s691,30,39
s691,31,69
s691,32,71
s691,33,78
s691,34,55
s691,35,79
s691,36,97
s691,37,110
s691,38,6
s691,39,113
s691,40,53
s691,41,70
s691,42,114
s691,43,81
s691,44,117
s691,45,43
s691,46,118
s691,47,90
s691,48,133
s691,49,91
s691,50,135
s691,51,139
s691,52,40
s691,53,143
s691,54,41
s691,55,82
s691,56,146
s691,57,80
s691,58,149
s691,59,44
s691,60,150
s691,61,195
s691,62,86
s691,63,197
s691,64,245
s691,65,32
s691,66,250
s691,67,253
s691,68,7
s691,69,11
s691,70,254
s692,1,5
s692,2,25
s692,3,56
s692,4,8
s692,5,7
s692,6,9
s692,7,65
s692,8,10
s692,9,14
s692,10,19
s692,11,76
s692,12,103
s692,13,11
s692,14,104
s692,15,110
s692,16,13
s692,17,26
s692,18,28
s692,19,41
s692,20,60
s692,21,17
s692,22,6
s692,23,20
s692,24,35
s692,25,61
s692,26,18
s692,27,32
s692,28,70
s692,29,22
s692,30,51
s692,31,33
s692,32,62
s692,33,31
s692,34,40
s692,35,24
s692,36,36
s692,37,46
s692,38,27
s692,39,49
s692,40,79
s692,41,48
s692,42,50
s692,43,78
s692,44,53
s692,45,83
s692,46,73
s692,47,57
s692,48,43
s692,49,113
s692,50,117
s692,51,1
s692,52,44
s692,53,135
s692,54,52
s692,55,139
s692,56,143
s692,57,4
s692,58,42
s692,59,145
s692,60,55
s692,61,149
s692,62,184
s692,63,72
s692,64,189
s692,65,47
s692,66,190
s692,67,191
s692,68,99
s692,69,193
s692,70,218
s692,71,245
s692,72,247
s692,73,252
s692,74,30
s692,75,58
s692,76,59
s692,77,253
s692,78,261
s692,79,23
s693,1,5
s693,2,24
s693,3,31
s693,4,8
s693,5,13
s693,6,9
s693,7,36
s693,8,10
s693,9,51
s693,10,82
s693,11,40
s693,12,17
s693,13,41
s693,14,20
s693,15,22
s693,16,34
s693,17,39
s693,18,26
s693,19,16
s693,20,35
s693,21,30
s693,22,42
s693,23,37
s693,24,73
s693,25,38
s693,26,74
s693,27,78
s693,28,11
s693,29,79
s693,30,49
s693,31,110
s693,32,117
s693,33,1
s693,34,118
s693,35,133
s693,36,33
s693,37,76
s693,38,139
s693,39,7
s693,40,143
s693,41,2
s693,42,25
s693,43,144
s693,44,147
s693,45,149
s693,46,150
s693,47,185
s693,48,189
s693,49,190
s693,50,43
s693,51,218
s693,52,245
s693,53,15
s693,54,50
s693,55,247
s693,56,253
s693,57,45
s693,58,261
s694,1,4
s694,2,9
s694,3,41
s694,4,5
s694,5,79
s694,6,81
s694,7,8
s694,8,1
s694,9,75
s694,10,47
s694,11,84
s694,12,10
s694,13,22
s694,14,42
s694,15,98
s694,16,123
s694,17,13
s694,18,66
s694,19,17
s694,20,43
s694,21,82
s694,22,19
s694,23,90
s694,24,112
s694,25,20
s694,26,56
s694,27,62
s694,28,113
s694,29,23
s694,30,25
s694,31,26
s694,32,63
s694,33,80
s694,34,31
s694,35,53
s694,36,35
s694,37,46
s694,38,36
s694,39,73
s694,40,70
s694,41,78
s694,42,28
s694,43,110
s694,44,7
s694,45,65
s694,46,114
s694,47,74
s694,48,117
s694,49,118
s694,50,135
s694,51,71
s694,52,89
s694,53,139
s694,54,6
s694,55,143
s694,56,144
s694,57,147
s694,58,69
s694,59,101
s694,60,149
s694,61,64
s694,62,150
s694,63,218
s694,64,33
s694,65,245
s694,66,86
s694,67,247
s694,68,72
s694,69,256
s694,70,83
s694,71,261
s694,72,39
s695,1,10
s695,2,82
s695,3,119
s695,4,13
s695,5,38
s695,6,74
s695,7,17
s695,8,29
s695,9,75
s695,10,18
s695,11,126
s695,12,20
s695,13,80
s695,14,26
s695,15,76
s695,16,31
s695,17,66
s695,18,73
s695,19,35
s695,20,46
s695,21,36
s695,22,78
s695,23,37
s695,24,84
s695,25,69
s695,26,100
s695,27,113
s695,28,55
s695,29,68
s695,30,79
s695,31,81
s695,32,111
s695,33,27
s695,34,117
s695,35,122
s695,36,30
s695,37,33
s695,38,133
s695,39,135
s695,40,48
s695,41,114
s695,42,143
s695,43,25
s695,44,144
s695,45,145
s695,46,149
s695,47,150
s695,48,191
s695,49,218
s695,50,34
s695,51,245
s695,52,52
s695,53,94
s695,54,107
s695,55,247
s695,56,248
s695,57,47
s695,58,256
s695,59,89
s696,1,2
s696,2,14
s696,3,22
s696,4,8
s696,5,9
s696,6,28
s696,7,10
s696,8,12
s696,9,23
s696,10,30
s696,11,50
s696,12,56
s696,13,88
s696,14,17
s696,15,1
s696,16,24
s696,17,51
s696,18,18
s696,19,103
s696,20,19
s696,21,54
s696,22,86
s696,23,26
s696,24,27
s696,25,31
s696,26,21
s696,27,48
s696,28,35
s696,29,36
s696,30,38
s696,31,44
s696,32,46
s696,33,69
s696,34,66
s696,35,89
s696,36,73
s696,37,49
s696,38,78
s696,39,79
s696,40,111
s696,41,40
s696,42,113
s696,43,47
s696,44,117
s696,45,41
s696,46,135
s696,47,45
s696,48,95
s696,49,143
s696,50,144
s696,51,145
s696,52,13
s696,53,85
s696,54,146
s696,55,92
s696,56,149
s696,57,191
s696,58,193
s696,59,16
s696,60,218
s696,61,11
s696,62,43
s696,63,245
s696,64,65
s696,65,81
s696,66,247
s696,67,252
s696,68,256
s696,69,52
s696,70,61
s696,71,259
s696,72,20
s696,73,261
s697,1,2
s697,2,15
s697,3,25
s697,4,5
s697,5,41
s697,6,42
s697,7,8
s697,8,9
s697,9,26
s697,10,49
s697,11,10
s697,12,11
s697,13,21
s697,14,50
s697,15,71
s697,16,72
s697,17,84
s697,18,13
s697,19,39
s697,20,17
s697,21,22
s697,22,23
s697,23,31
s697,24,35
s697,25,36
s697,26,69
s697,27,63
s697,28,68
s697,29,73
s697,30,78
s697,31,40
s697,32,79
s697,33,110
s697,34,28
s697,35,117
s697,36,1
s697,37,118
s697,38,135
s697,39,43
s697,40,57
s697,41,139
s697,42,20
s697,43,143
s697,44,32
s697,45,144
s697,46,146
s697,47,12
s697,48,18
s697,49,149
s697,50,150
s697,51,218
s697,52,34
s697,53,245
s697,54,24
s697,55,52
s697,56,247
s697,57,38
s697,58,256
s697,59,259
s697,60,19
s697,61,261
s698,1,1
s698,2,57
s698,3,77
s698,4,4
s698,5,19
s698,6,24
s698,7,40
s698,8,45
s698,9,8
s698,10,10
s698,11,34
s698,12,46
s698,13,9
s698,14,28
s698,15,93
s698,16,11
s698,17,16
s698,18,54
s698,19,71
s698,20,13
s698,21,27
s698,22,42
s698,23,17
s698,24,43
s698,25,18
s698,26,95
s698,27,51
s698,28,65
s698,29,26
s698,30,87
s698,31,41
s698,32,14
s698,33,38
s698,34,70
s698,35,61
s698,36,78
s698,37,74
s698,38,25
s698,39,44
s698,40,79
s698,41,110
s698,42,32
s698,43,117
s698,44,118
s698,45,39
s698,46,134
s698,47,63
s698,48,135
s698,49,55
s698,50,139
s698,51,15
s698,52,143
s698,53,33
s698,54,56
s698,55,144
s698,56,90
s698,57,218
s698,58,37
s698,59,245
s698,60,21
s698,61,62
s698,62,247
s698,63,253
s698,64,48
s698,65,59
s698,66,261
s699,1,10
s699,2,44
s699,3,82
s699,4,13
s699,5,36
s699,6,17
s699,7,3
s699,8,37
s699,9,19
s699,10,46
s699,11,76
s699,12,20
s699,13,22
s699,14,26
s699,15,42
s699,16,27
s699,17,32
s699,18,39
s699,19,35
s699,20,12
s699,21,43
s699,22,47
s699,23,23
s699,24,41
s699,25,70
s699,26,56
s699,27,75
s699,28,73
s699,29,78
s699,30,79
s699,31,110
s699,32,5
s699,33,113
s699,34,117
s699,35,1
s699,36,33
s699,37,119
s699,38,18
s699,39,135
s699,40,40
s699,41,143
s699,42,144
s699,43,146
s699,44,49
s699,45,147
s699,46,53
s699,47,149
s699,48,50
s699,49,191
s699,50,218
s699,51,245
s699,52,55
s699,53,71
s699,54,247
s699,55,252
s699,56,256
s700,1,2
s700,2,72
s700,3,88
s700,4,8
s700,5,59
s700,6,10
s700,7,11
s700,8,57
s700,9,84
s700,10,29
s700,11,34
s700,12,17
s700,13,1
s700,14,24
s700,15,46
s700,16,18
s700,17,21
s700,18,42
s700,19,20
s700,20,52
s700,21,80
s700,22,23
s700,23,40
s700,24,41
s700,25,26
s700,26,33
s700,27,27
s700,28,51
s700,29,54
s700,30,35
s700,31,45
s700,32,36
s700,33,71
s700,34,38
s700,35,69
s700,36,16
s700,37,37
s700,38,56
s700,39,77
s700,40,74
s700,41,78
s700,42,7
s700,43,79
s700,44,110
s700,45,111
s700,46,25
s700,47,113
s700,48,117
s700,49,119
s700,50,3
s700,51,9
s700,52,121
s700,53,122
s700,54,15
s700,55,134
s700,56,30
s700,57,135
s700,58,67
s700,59,139
s700,60,143
s700,61,31
s700,62,144
s700,63,145
s700,64,149
s700,65,150
s700,66,39
s700,67,191
s700,68,193
s700,69,218
s700,70,245
s700,71,247
s700,72,43
s700,73,256
s700,74,55
s701,1,2
s701,2,75
s701,3,85
s701,4,5
s701,5,21
s701,6,42
s701,7,8
s701,8,12
s701,9,66
s701,10,9
s701,11,57
s701,12,10
s701,13,7
s701,14,35
s701,15,11
s701,16,65
s701,17,13
s701,18,41
s701,19,60
s701,20,17
s701,21,1
s701,22,36
s701,23,61
s701,24,20
s701,25,70
s701,26,22
s701,27,19
s701,28,59
s701,29,26
s701,30,6
s701,31,32
s701,32,49
s701,33,43
s701,34,64
s701,35,46
s701,36,69
s701,37,77
s701,38,74
s701,39,16
s701,40,78
s701,41,37
s701,42,79
s701,43,110
s701,44,111
s701,45,113
s701,46,117
s701,47,122
s701,48,4
s701,49,133
s701,50,27
s701,51,83
s701,52,135
s701,53,139
s701,54,143
s701,55,18
s701,56,33
s701,57,145
s701,58,146
s701,59,149
s701,60,34
s701,61,153
s701,62,25
s701,63,191
s701,64,23
s701,65,193
s701,66,218
s701,67,245
s701,68,62
s701,69,76
s701,70,247
s701,71,39
s701,72,252
s701,73,47
s701,74,256
s701,75,51
s702,1,10
s702,2,57
s702,3,82
s702,4,11
s702,5,23
s702,6,13
s702,7,32
s702,8,47
s702,9,17
s702,10,5
s702,11,24
s702,12,48
s702,13,20
s702,14,58
s702,15,22
s702,16,31
s702,17,43
s702,18,26
s702,19,12
s702,20,44
s702,21,38
s702,22,46
s702,23,35
s702,24,29
s702,25,36
s702,26,52
s702,27,37
s702,28,27
s702,29,97
s702,30,108
s702,31,28
s702,32,109
s702,33,51
s702,34,110
s702,35,9
s702,36,113
s702,37,34
s702,38,61
s702,39,114
s702,40,62
s702,41,117
s702,42,1
s702,43,118
s702,44,25
s702,45,121
s702,46,15
s702,47,122
s702,48,14
s702,49,134
s702,50,33
s702,51,138
s702,52,139
s702,53,21
s702,54,143
s702,55,144
s702,56,146
s702,57,147
s702,58,66
s702,59,75
s702,60,149
s702,61,59
s702,62,150
s702,63,169
s702,64,50
s702,65,179
s702,66,30
s702,67,180
s702,68,53
s702,69,187
s702,70,189
s702,71,190
s702,72,56
s702,73,219
s702,74,245
s702,75,74
s702,76,247
s702,77,253
s702,78,256
s702,79,49
s702,80,54
s703,1,2
s703,2,66
s703,3,76
s703,4,4
s703,5,13
s703,6,30
s703,7,8
s703,8,6
s703,9,50
s703,10,9
s703,11,35
s703,12,10
s703,13,11
s703,14,28
s703,15,59
s703,16,37
s703,17,49
s703,18,17
s703,19,1
s703,20,29
s703,21,19
s703,22,22
s703,23,32
s703,24,48
s703,25,26
s703,26,21
s703,27,31
s703,28,36
s703,29,44
s703,30,53
s703,31,41
s703,32,74
s703,33,34
s703,34,78
s703,35,18
s703,36,79
s703,37,110
s703,38,113
s703,39,117
s703,40,121
s703,41,122
s703,42,12
s703,43,133
s703,44,42
s703,45,135
s703,46,139
s703,47,14
s703,48,143
s703,49,5
s703,50,27
s703,51,146
s703,52,33
s703,53,63
s703,54,149
s703,55,150
s703,56,169
s703,57,57
s703,58,179
s703,59,180
s703,60,61
s703,61,187
s703,62,47
s703,63,189
s703,64,190
s703,65,54
s703,66,218
s703,67,245
s703,68,16
s703,69,52
s703,70,69
s703,71,247
s703,72,253
s703,73,261
s704,1,2
s704,2,12
s704,3,29
s704,4,8
s704,5,7
s704,6,9
s704,7,37
s704,8,10
s704,9,11
s704,10,66
s704,11,67
s704,12,79
s704,13,17
s704,14,4
s704,15,20
s704,16,43
s704,17,22
s704,18,26
s704,19,1
s704,20,30
s704,21,110
s704,22,5
s704,23,117
s704,24,118
s704,25,35
s704,26,139
s704,27,31
s704,28,143
s704,29,3
s704,30,144
s704,31,36
s704,32,187
s704,33,13
s704,34,189
s704,35,190
s704,36,34
s704,37,209
s704,38,245
s704,39,28
s704,40,248
s704,41,16
s704,42,253
s704,43,38
s704,44,68
s704,45,254
s704,46,23
s705,1,1
s705,2,13
s705,3,15
s705,4,8
s705,5,9
s705,6,22
s705,7,11
s705,8,18
s705,9,31
s705,10,76
s705,11,17
s705,12,3
s705,13,19
s705,14,6
s705,15,29
s705,16,71
s705,17,26
s705,18,27
s705,19,14
s705,20,16
s705,21,35
s705,22,7
s705,23,24
s705,24,41
s705,25,20
s705,26,110
s705,27,5
s705,28,117
s705,29,118
s705,30,120
s705,31,139
s705,32,143
s705,33,4
s705,34,144
s705,35,146
s705,36,149
s705,37,150
s705,38,186
s705,39,189
s705,40,190
s705,41,213
s705,42,245
s705,43,32
s705,44,39
s705,45,253
s705,46,63
s705,47,254
s705,48,25
s705,49,255
s706,1,1
s706,2,11
s706,3,15
s706,4,4
s706,5,30
s706,6,38
s706,7,8
s706,8,3
s706,9,25
s706,10,9
s706,11,20
s706,12,57
s706,13,10
s706,14,17
s706,15,13
s706,16,26
s706,17,70
s706,18,18
s706,19,19
s706,20,22
s706,21,61
s706,22,23
s706,23,62
s706,24,37
s706,25,41
s706,26,5
s706,27,110
s706,28,6
s706,29,117
s706,30,118
s706,31,120
s706,32,139
s706,33,16
s706,34,143
s706,35,144
s706,36,21
s706,37,146
s706,38,149
s706,39,150
s706,40,186
s706,41,189
s706,42,190
s706,43,213
s706,44,245
s706,45,31
s706,46,253
s706,47,34
s706,48,254
s706,49,255
s707,1,2
s707,2,13
s707,3,14
s707,4,8
s707,5,4
s707,6,9
s707,7,20
s707,8,10
s707,9,17
s707,10,27
s707,11,77
s707,12,1
s707,13,18
s707,14,19
s707,15,22
s707,16,30
s707,17,67
s707,18,23
s707,19,68
s707,20,26
s707,21,41
s707,22,110
s707,23,6
s707,24,16
s707,25,117
s707,26,118
s707,27,21
s707,28,139
s707,29,143
s707,30,144
s707,31,147
s707,32,149
s707,33,150
s707,34,186
s707,35,12
s707,36,15
s707,37,189
s707,38,190
s707,39,213
s707,40,5
s707,41,245
s707,42,36
s707,43,253
s707,44,39
s707,45,254
s707,46,255
s708,1,1
s708,2,22
s708,3,23
s708,4,5
s708,5,39
s708,6,43
s708,7,8
s708,8,7
s708,9,32
s708,10,9
s708,11,29
s708,12,52
s708,13,10
s708,14,17
s708,15,27
s708,16,13
s708,17,36
s708,18,101
s708,19,28
s708,20,21
s708,21,25
s708,22,76
s708,23,78
s708,24,26
s708,25,41
s708,26,110
s708,27,117
s708,28,118
s708,29,139
s708,30,143
s708,31,144
s708,32,147
s708,33,149
s708,34,16
s708,35,150
s708,36,30
s708,37,186
s708,38,19
s708,39,24
s708,40,189
s708,41,190
s708,42,213
s708,43,245
s708,44,45
s708,45,56
s708,46,253
s708,47,59
s708,48,92
s708,49,254
s708,50,40
s708,51,255
s709,1,1
s709,2,13
s709,3,15
s709,4,8
s709,5,9
s709,6,19
s709,7,11
s709,8,10
s709,9,16
s709,10,24
s709,11,74
s709,12,17
s709,13,6
s709,14,34
s709,15,56
s709,16,20
s709,17,57
s709,18,22
s709,19,26
s709,20,18
s709,21,31
s709,22,39
s709,23,53
s709,24,35
s709,25,36
s709,26,65
s709,27,41
s709,28,3
s709,29,110
s709,30,7
s709,31,117
s709,32,118
s709,33,139
s709,34,143
s709,35,144
s709,36,213
s709,37,245
s709,38,27
s709,39,253
s709,40,61
s709,41,254
s709,42,23
s709,43,255
s710,1,10
s710,2,18
s710,3,26
s710,4,13
s710,5,41
s710,6,67
s710,7,14
s710,8,68
s710,9,78
s710,10,17
s710,11,7
s710,12,27
s710,13,22
s710,14,42
s710,15,69
s710,16,23
s710,17,70
s710,18,16
s710,19,97
s710,20,47
s710,21,53
s710,22,108
s710,23,40
s710,24,109
s710,25,110
s710,26,19
s710,27,117
s710,28,1
s710,29,118
s710,30,139
s710,31,15
s710,32,24
s710,33,143
s710,34,144
s710,35,28
s710,36,210
s710,37,245
s710,38,31
s710,39,246
s710,40,253
s710,41,45
s710,42,255
s711,1,13
s711,2,39
s711,3,67
s711,4,14
s711,5,68
s711,6,81
s711,7,17
s711,8,24
s711,9,19
s711,10,23
s711,11,22
s711,12,45
s711,13,26
s711,14,37
s711,15,27
s711,16,34
s711,17,38
s711,18,43
s711,19,74
s711,20,41
s711,21,15
s711,22,97
s711,23,108
s711,24,109
s711,25,110
s711,26,16
s711,27,28
s711,28,117
s711,29,11
s711,30,118
s711,31,32
s711,32,139
s711,33,30
s711,34,143
s711,35,12
s711,36,144
s711,37,33
s711,38,210
s711,39,6
s711,40,31
s711,41,245
s711,42,246
s711,43,253
s711,44,48
s711,45,69
s711,46,255
s711,47,20
s712,1,1
s712,2,26
s712,3,31
s712,4,5
s712,5,9
s712,6,19
s712,7,8
s712,8,20
s712,9,38
s712,10,10
s712,11,25
s712,12,32
s712,13,13
s712,14,46
s712,15,51
s712,16,14
s712,17,52
s712,18,87
s712,19,17
s712,20,33
s712,21,22
s712,22,44
s712,23,67
s712,24,23
s712,25,68
s712,26,34
s712,27,41
s712,28,110
s712,29,11
s712,30,117
s712,31,4
s712,32,118
s712,33,37
s712,34,139
s712,35,15
s712,36,143
s712,37,27
s712,38,144
s712,39,186
s712,40,189
s712,41,190
s712,42,209
s712,43,36
s712,44,245
s712,45,40
s712,46,47
s712,47,246
s712,48,253
s712,49,70
s712,50,255
s712,51,21
s713,1,10
s713,2,64
s713,3,17
s713,4,1
s713,5,18
s713,6,70
s713,7,28
s713,8,19
s713,9,60
s713,10,35
s713,11,7
s713,12,36
s713,13,69
s713,14,56
s713,15,78
s713,16,79
s713,17,110
s713,18,22
s713,19,48
s713,20,113
s713,21,8
s713,22,15
s713,23,117
s713,24,16
s713,25,118
s713,26,63
s713,27,135
s713,28,5
s713,29,14
s713,30,143
s713,31,144
s713,32,20
s713,33,147
s713,34,149
s713,35,3
s713,36,150
s713,37,38
s713,38,195
s713,39,11
s713,40,59
s713,41,197
s713,42,250
s713,43,253
s713,44,24
s713,45,27
s714,1,10
s714,2,12
s714,3,48
s714,4,17
s714,5,5
s714,6,18
s714,7,60
s714,8,28
s714,9,21
s714,10,44
s714,11,35
s714,12,11
s714,13,36
s714,14,70
s714,15,45
s714,16,78
s714,17,22
s714,18,79
s714,19,58
s714,20,110
s714,21,6
s714,22,117
s714,23,1
s714,24,118
s714,25,139
s714,26,7
s714,27,143
s714,28,2
s714,29,144
s714,30,52
s714,31,195
s714,32,13
s714,33,197
s714,34,250
s714,35,19
s714,36,253
s714,37,23
s714,38,26
s715,1,10
s715,2,11
s715,3,66
s715,4,67
s715,5,79
s715,6,17
s715,7,5
s715,8,20
s715,9,36
s715,10,43
s715,11,22
s715,12,9
s715,13,18
s715,14,26
s715,15,1
s715,16,19
s715,17,27
s715,18,31
s715,19,15
s715,20,35
s715,21,7
s715,22,41
s715,23,6
s715,24,21
s715,25,110
s715,26,117
s715,27,118
s715,28,139
s715,29,12
s715,30,143
s715,31,8
s715,32,144
s715,33,23
s715,34,185
s715,35,189
s715,36,190
s715,37,213
s715,38,245
s715,39,34
s715,40,253
s715,41,37
s715,42,44
s715,43,254
s715,44,24
s715,45,255
s716,1,2
s716,2,46
s716,3,73
s716,4,5
s716,5,15
s716,6,23
s716,7,8
s716,8,1
s716,9,39
s716,10,107
s716,11,118
s716,12,9
s716,13,29
s716,14,83
s716,15,10
s716,16,12
s716,17,72
s716,18,13
s716,19,42
s716,20,51
s716,21,17
s716,22,35
s716,23,52
s716,24,65
s716,25,18
s716,26,30
s716,27,20
s716,28,109
s716,29,22
s716,30,19
s716,31,71
s716,32,85
s716,33,26
s716,34,53
s716,35,86
s716,36,32
s716,37,41
s716,38,36
s716,39,82
s716,40,38
s716,41,24
s716,42,99
s716,43,50
s716,44,108
s716,45,67
s716,46,110
s716,47,105
s716,48,113
s716,49,93
s716,50,117
s716,51,94
s716,52,132
s716,53,103
s716,54,104
s716,55,133
s716,56,68
s716,57,134
s716,58,77
s716,59,115
s716,60,135
s716,61,143
s716,62,54
s716,63,69
s716,64,100
s716,65,145
s716,66,95
s716,67,147
s716,68,149
s716,69,96
s716,70,153
s716,71,106
s716,72,169
s716,73,6
s716,74,31
s716,75,182
s716,76,111
s716,77,185
s716,78,63
s716,79,187
s716,80,189
s716,81,33
s716,82,190
s716,83,70
s716,84,245
s716,85,62
s716,86,101
s716,87,247
s716,88,253
s716,89,59
s716,90,256
s716,91,79
s716,92,257
s716,93,84
s716,94,258
s717,1,2
s717,2,1
s717,3,5
s717,4,27
s717,5,41
s717,6,95
s717,7,109
s717,8,8
s717,9,18
s717,10,85
s717,11,9
s717,12,10
s717,13,48
s717,14,13
s717,15,26
s717,16,79
s717,17,14
s717,18,80
s717,19,17
s717,20,11
s717,21,19
s717,22,94
s717,23,22
s717,24,24
s717,25,47
s717,26,23
s717,27,75
s717,28,76
s717,29,4
s717,30,32
s717,31,59
s717,32,81
s717,33,35
s717,34,36
s717,35,89
s717,36,97
s717,37,108
s717,38,39
s717,39,90
s717,40,113
s717,41,60
s717,42,114
s717,43,68
s717,44,117
s717,45,61
s717,46,121
s717,47,133
s717,48,74
s717,49,105
s717,50,134
s717,51,93
s717,52,135
s717,53,53
s717,54,143
s717,55,15
s717,56,54
s717,57,145
s717,58,147
s717,59,84
s717,60,149
s717,61,153
s717,62,246
s717,63,58
s717,64,253
s717,65,21
s717,66,42
s717,67,46
s717,68,254
s717,69,7
s717,70,255
s717,71,16
s717,72,256
s717,73,83
s717,74,258
s717,75,49
s718,1,2
s718,2,54
s718,3,66
s718,4,5
s718,5,1
s718,6,25
s718,7,8
s718,8,47
s718,9,9
s718,10,36
s718,11,14
s718,12,6
s718,13,18
s718,14,19
s718,15,27
s718,16,37
s718,17,113
s718,18,114
s718,19,26
s718,20,117
s718,21,123
s718,22,133
s718,23,56
s718,24,61
s718,25,135
s718,26,49
s718,27,143
s718,28,50
s718,29,144
s718,30,146
s718,31,34
s718,32,147
s718,33,149
s718,34,28
s718,35,153
s718,36,245
s718,37,41
s718,38,46
s718,39,248
s718,40,253
s718,41,30
s718,42,33
s718,43,254
s718,44,38
s718,45,255
s718,46,21
s718,47,256
s718,48,259
s718,49,260
s718,50,48
s719,1,2
s719,2,1
s719,3,10
s719,4,9
s719,5,16
s719,6,13
s719,7,11
s719,8,54
s719,9,17
s719,10,18
s719,11,82
s719,12,23
s719,13,15
s719,14,26
s719,15,3
s719,16,27
s719,17,84
s719,18,31
s719,19,61
s719,20,35
s719,21,44
s719,22,36
s719,23,40
s719,24,34
s719,25,43
s719,26,51
s719,27,22
s719,28,99
s719,29,39
s719,30,58
s719,31,108
s719,32,109
s719,33,85
s719,34,110
s719,35,113
s719,36,117
s719,37,4
s719,38,88
s719,39,92
s719,40,118
s719,41,45
s719,42,133
s719,43,90
s719,44,139
s719,45,143
s719,46,7
s719,47,73
s719,48,144
s719,49,146
s719,50,150
s719,51,204
s719,52,245
s719,53,246
s719,54,63
s719,55,247
s719,56,46
s719,57,47
s719,58,250
s719,59,253
s719,60,48
s719,61,50
s719,62,53
s719,63,60
s719,64,260
s719,65,288
s719,66,14
s720,1,1
s720,2,97
s720,3,101
s720,4,5
s720,5,18
s720,6,58
s720,7,8
s720,8,84
s720,9,9
s720,10,75
s720,11,10
s720,12,82
s720,13,13
s720,14,12
s720,15,63
s720,16,17
s720,17,4
s720,18,64
s720,19,110
s720,20,113
s720,21,68
s720,22,117
s720,23,59
s720,24,121
s720,25,16
s720,26,39
s720,27,123
s720,28,6
s720,29,15
s720,30,132
s720,31,100
s720,32,133
s720,33,135
s720,34,66
s720,35,98
s720,36,139
s720,37,14
s720,38,55
s720,39,143
s720,40,56
s720,41,99
s720,42,145
s720,43,71
s720,44,149
s720,45,65
s720,46,204
s720,47,245
s720,48,51
s720,49,90
s720,50,246
s720,51,3
s720,52,250
s720,53,40
s720,54,45
s720,55,253
s720,56,11
s720,57,254
s720,58,73
s720,59,256
s720,60,32
s720,61,35
s720,62,260
s720,63,25
s721,1,2
s721,2,57
s721,3,72
s721,4,8
s721,5,54
s721,6,9
s721,7,76
s721,8,13
s721,9,1
s721,10,46
s721,11,17
s721,12,71
s721,13,18
s721,14,65
s721,15,23
s721,16,3
s721,17,27
s721,18,31
s721,19,113
s721,20,56
s721,21,114
s721,22,62
s721,23,69
s721,24,117
s721,25,118
s721,26,133
s721,27,44
s721,28,55
s721,29,134
s721,30,58
s721,31,135
s721,32,36
s721,33,143
s721,34,37
s721,35,144
s721,36,146
s721,37,150
s721,38,184
s721,39,189
s721,40,190
s721,41,63
s721,42,245
s721,43,253
s721,44,7
s721,45,254
s721,46,35
s721,47,41
s721,48,256
s721,49,30
s721,50,260
s721,51,59
s722,1,2
s722,2,27
s722,3,31
s722,4,5
s722,5,43
s722,6,50
s722,7,8
s722,8,17
s722,9,32
s722,10,9
s722,11,56
s722,12,13
s722,13,72
s722,14,1
s722,15,20
s722,16,44
s722,17,26
s722,18,35
s722,19,40
s722,20,4
s722,21,41
s722,22,18
s722,23,42
s722,24,49
s722,25,70
s722,26,28
s722,27,34
s722,28,78
s722,29,79
s722,30,45
s722,31,117
s722,32,119
s722,33,55
s722,34,63
s722,35,132
s722,36,29
s722,37,143
s722,38,144
s722,39,253
s722,40,260
s722,41,21
s722,42,38
s723,1,1
s723,2,83
s723,3,87
s723,4,8
s723,5,78
s723,6,9
s723,7,95
s723,8,11
s723,9,86
s723,10,13
s723,11,2
s723,12,7
s723,13,52
s723,14,14
s723,15,17
s723,16,39
s723,17,79
s723,18,18
s723,19,20
s723,20,29
s723,21,37
s723,22,96
s723,23,22
s723,24,3
s723,25,16
s723,26,23
s723,27,61
s723,28,72
s723,29,26
s723,30,38
s723,31,73
s723,32,31
s723,33,42
s723,34,35
s723,35,36
s723,36,63
s723,37,113
s723,38,114
s723,39,21
s723,40,25
s723,41,118
s723,42,119
s723,43,84
s723,44,125
s723,45,81
s723,46,132
s723,47,88
s723,48,133
s723,49,135
s723,50,48
s723,51,143
s723,52,49
s723,53,184
s723,54,4
s723,55,43
s723,56,59
s723,57,189
s723,58,190
s723,59,64
s723,60,245
s723,61,53
s723,62,253
s723,63,15
s723,64,19
s723,65,58
s723,66,77
s723,67,254
s723,68,32
s723,69,255
s723,70,24
s723,71,261
s723,72,5
s723,73,262
s723,74,80
s724,1,4
s724,2,14
s724,3,44
s724,4,8
s724,5,1
s724,6,9
s724,7,56
s724,8,10
s724,9,89
s724,10,13
s724,11,16
s724,12,28
s724,13,17
s724,14,29
s724,15,38
s724,16,52
s724,17,60
s724,18,41
s724,19,67
s724,20,110
s724,21,83
s724,22,117
s724,23,3
s724,24,118
s724,25,87
s724,26,133
s724,27,139
s724,28,143
s724,29,144
s724,30,213
s724,31,18
s724,32,245
s724,33,45
s724,34,59
s724,35,247
s724,36,15
s724,37,19
s724,38,251
s724,39,34
s724,40,39
s724,41,253
s724,42,23
s724,43,61
s724,44,64
s724,45,68
s724,46,255
s725,1,1
s725,2,77
s725,3,82
s725,4,4
s725,5,15
s725,6,33
s725,7,8
s725,8,3
s725,9,67
s725,10,9
s725,11,46
s725,12,93
s725,13,10
s725,14,2
s725,15,59
s725,16,13
s725,17,24
s725,18,14
s725,19,97
s725,20,17
s725,21,47
s725,22,78
s725,23,19
s725,24,23
s725,25,98
s725,26,26
s725,27,79
s725,28,41
s725,29,53
s725,30,94
s725,31,73
s725,32,89
s725,33,63
s725,34,113
s725,35,48
s725,36,114
s725,37,38
s725,38,117
s725,39,39
s725,40,135
s725,41,6
s725,42,143
s725,43,185
s725,44,86
s725,45,189
s725,46,245
s725,47,81
s725,48,92
s725,49,247
s725,50,249
s725,51,253
s725,52,255
s725,53,30
s725,54,31
s725,55,258
s725,56,51
s725,57,58
s725,58,262
s725,59,25
s725,60,29
s725,61,284
s725,62,68
s725,63,76
s726,1,1
s726,2,43
s726,3,53
s726,4,4
s726,5,8
s726,6,18
s726,7,66
s726,8,76
s726,9,33
s726,10,55
s726,11,9
s726,12,23
s726,13,11
s726,14,47
s726,15,54
s726,16,13
s726,17,12
s726,18,17
s726,19,35
s726,20,26
s726,21,65
s726,22,19
s726,23,27
s726,24,31
s726,25,41
s726,26,67
s726,27,101
s726,28,39
s726,29,108
s726,30,109
s726,31,64
s726,32,113
s726,33,51
s726,34,118
s726,35,56
s726,36,133
s726,37,32
s726,38,40
s726,39,135
s726,40,25
s726,41,143
s726,42,144
s726,43,185
s726,44,190
s726,45,7
s726,46,245
s726,47,21
s726,48,42
s726,49,63
s726,50,251
s726,51,29
s726,52,37
s726,53,254
s726,54,3
s727,1,13
s727,2,20
s727,3,38
s727,4,61
s727,5,103
s727,6,14
s727,7,104
s727,8,113
s727,9,17
s727,10,1
s727,11,57
s727,12,18
s727,13,46
s727,14,112
s727,15,23
s727,16,26
s727,17,101
s727,18,27
s727,19,24
s727,20,41
s727,21,77
s727,22,98
s727,23,111
s727,24,114
s727,25,60
s727,26,117
s727,27,16
s727,28,39
s727,29,135
s727,30,5
s727,31,29
s727,32,143
s727,33,144
s727,34,11
s727,35,245
s727,36,81
s727,37,97
s727,38,249
s727,39,35
s727,40,254
s727,41,40
s727,42,47
s727,43,49
s727,44,69
s727,45,76
s727,46,262
s727,47,9
s727,48,12
s728,1,10
s728,2,12
s728,3,29
s728,4,13
s728,5,50
s728,6,82
s728,7,14
s728,8,1
s728,9,2
s728,10,17
s728,11,43
s728,12,18
s728,13,39
s728,14,19
s728,15,7
s728,16,20
s728,17,6
s728,18,23
s728,19,48
s728,20,26
s728,21,41
s728,22,42
s728,23,65
s728,24,101
s728,25,51
s728,26,56
s728,27,108
s728,28,109
s728,29,114
s728,30,133
s728,31,59
s728,32,62
s728,33,135
s728,34,53
s728,35,67
s728,36,143
s728,37,54
s728,38,63
s728,39,245
s728,40,30
s728,41,249
s728,42,253
s728,43,284
s728,44,16
s728,45,27
s729,1,10
s729,2,17
s729,3,68
s729,4,13
s729,5,1
s729,6,7
s729,7,8
s729,8,20
s729,9,69
s729,10,23
s729,11,12
s729,12,26
s729,13,63
s729,14,27
s729,15,29
s729,16,46
s729,17,56
s729,18,113
s729,19,11
s729,20,24
s729,21,62
s729,22,114
s729,23,5
s729,24,25
s729,25,57
s729,26,117
s729,27,6
s729,28,58
s729,29,135
s729,30,4
s729,31,141
s729,32,245
s729,33,45
s729,34,55
s729,35,249
s729,36,30
s729,37,253
s729,38,14
s729,39,254
s729,40,36
s729,41,40
s730,1,2
s730,2,13
s730,3,38
s730,4,8
s730,5,1
s730,6,9
s730,7,48
s730,8,10
s730,9,46
s730,10,11
s730,11,47
s730,12,87
s730,13,23
s730,14,30
s730,15,60
s730,16,26
s730,17,49
s730,18,27
s730,19,6
s730,20,67
s730,21,85
s730,22,101
s730,23,35
s730,24,42
s730,25,108
s730,26,109
s730,27,52
s730,28,113
s730,29,40
s730,30,118
s730,31,53
s730,32,119
s730,33,78
s730,34,86
s730,35,132
s730,36,43
s730,37,75
s730,38,77
s730,39,133
s730,40,36
s730,41,41
s730,42,135
s730,43,29
s730,44,143
s730,45,74
s730,46,144
s730,47,50
s730,48,245
s730,49,253
s730,50,22
s730,51,256
s730,52,28
s730,53,32
